{
"type": "FeatureCollection",
"name": "comprehensive_walkability_scores",
"crs": { "type": "name", "properties": { "name": "urn:ogc:def:crs:OGC:1.3:CRS84" } },
"features": [
{ "type": "Feature", "properties": { "sector_name": "48", "Ward_name": "22", "Zone_name": "6", "Area": "1.18014509781", "walk_score": 47.760906859743748, "total_pois_x": 50, "comprehensive_walk_score": 47.760906859743748, "poi_accessibility_score": 37.71225840125485, "poi_diversity_score": 85.714285714285708, "environmental_score": 40.86161440367794, "green_infrastructure_score": 10.320284697508896, "total_pois_y": 35, "weighted_pois": 4.7, "poi_categories": 6, "raw_gvi": 16.315023076537365, "raw_svf": 34.591794269181499, "green_nodes": 29, "total_nodes": 281, "poi_breakdown": { "Sports": { "count": 5, "weighted_count": 0.5 }, "Essential Services": { "count": 15, "weighted_count": 2.5499999999999994 }, "Tourism": { "count": 8, "weighted_count": 0.39999999999999997 }, "Food and Drinks": { "count": 3, "weighted_count": 0.8999999999999999 }, "Shopping": { "count": 3, "weighted_count": 0.30000000000000004 }, "Public Transport": { "count": 1, "weighted_count": 0.05 } }, "score_components": { "poi_accessibility": 0.3771225840125485, "poi_diversity": 0.8571428571428571, "environmental_quality": 0.40861614403677937, "green_infrastructure": 0.10320284697508897 } }, "geometry": { "type": "Polygon", "coordinates": [ [ [ 76.754637073142533, 30.681507827923948 ], [ 76.754416151084627, 30.681364181012331 ], [ 76.751946016495467, 30.684358333470357 ], [ 76.750990969757424, 30.685515985774142 ], [ 76.750618803315263, 30.685967103699053 ], [ 76.749303382944959, 30.687561612478479 ], [ 76.749302445851342, 30.68756274832225 ], [ 76.75539818467864, 30.691357302797307 ], [ 76.761159798386004, 30.694982286503429 ], [ 76.761198938680181, 30.694939715295678 ], [ 76.766655995178112, 30.689231490740784 ], [ 76.766598372916633, 30.689198127691615 ], [ 76.76632897290375, 30.68902422758606 ], [ 76.76574147279085, 30.688686427836494 ], [ 76.765197173410897, 30.688328428414358 ], [ 76.764968373291936, 30.688183828221206 ], [ 76.764473372947961, 30.68789862801929 ], [ 76.764001673138807, 30.687593427794525 ], [ 76.763515972684175, 30.687252127883539 ], [ 76.763053673488272, 30.686934828179851 ], [ 76.762171073436377, 30.686448928075723 ], [ 76.761503173033134, 30.686051327906569 ], [ 76.761439973176195, 30.686009628141846 ], [ 76.760371473364955, 30.685304028158448 ], [ 76.759014072641378, 30.684485028161522 ], [ 76.75754807338501, 30.683566328423407 ], [ 76.75685297298638, 30.683122227908655 ], [ 76.756108972850939, 30.682685228440732 ], [ 76.75583657269982, 30.682464927814291 ], [ 76.755217473107962, 30.681958328014503 ], [ 76.754637073142533, 30.681507827923948 ] ] ] } },
{ "type": "Feature", "properties": { "sector_name": "63", "Ward_name": "13", "Zone_name": "6", "Area": "0.357104451767", "walk_score": 36.070233785492078, "total_pois_x": 17, "comprehensive_walk_score": 36.070233785492078, "poi_accessibility_score": 27.2065709420988, "poi_diversity_score": 57.142857142857139, "environmental_score": 41.627366471951113, "green_infrastructure_score": 4.9504950495049505, "total_pois_y": 18, "weighted_pois": 2.51, "poi_categories": 4, "raw_gvi": 11.684062693394802, "raw_svf": 28.429329749492577, "green_nodes": 5, "total_nodes": 101, "poi_breakdown": { "Essential Services": { "count": 8, "weighted_count": 1.3599999999999999 }, "Tourism": { "count": 5, "weighted_count": 0.25 }, "Shopping": { "count": 3, "weighted_count": 0.30000000000000004 }, "Food and Drinks": { "count": 2, "weighted_count": 0.6 } }, "score_components": { "poi_accessibility": 0.272065709420988, "poi_diversity": 0.5714285714285714, "environmental_quality": 0.41627366471951116, "green_infrastructure": 0.04950495049504951 } }, "geometry": { "type": "Polygon", "coordinates": [ [ [ 76.740055899859939, 30.698755600790381 ], [ 76.744306294599866, 30.693620614000167 ], [ 76.743757653293116, 30.693448823704333 ], [ 76.743129475944613, 30.693087145155687 ], [ 76.742310940897255, 30.693030038205727 ], [ 76.741587584699332, 30.692668360556464 ], [ 76.741206871100289, 30.692668360556464 ], [ 76.740730978651797, 30.692363788957717 ], [ 76.740140872303456, 30.692458967807173 ], [ 76.739760158704428, 30.692363788957717 ], [ 76.7390939094564, 30.692554145757292 ], [ 76.738541875007556, 30.692401860857213 ], [ 76.737856589809823, 30.691887897408602 ], [ 76.737152269561633, 30.691868861458826 ], [ 76.736428913363724, 30.692325717957537 ], [ 76.736333735413609, 30.692877752406385 ], [ 76.736447949313458, 30.693962787152945 ], [ 76.736709689800406, 30.694580257173186 ], [ 76.737280760198985, 30.694922899772052 ], [ 76.737580572585387, 30.695651014282934 ], [ 76.737099980279936, 30.697722800466913 ], [ 76.73741720983638, 30.697911144583717 ], [ 76.738888483616662, 30.698868442324798 ], [ 76.739325984006996, 30.699133342130096 ], [ 76.739604610164676, 30.699290515744732 ], [ 76.740055899859939, 30.698755600790381 ] ] ] } },
{ "type": "Feature", "properties": { "sector_name": "49", "Ward_name": "13", "Zone_name": "6", "Area": "1.08997562655", "walk_score": 50.288835634759288, "total_pois_x": 69, "comprehensive_walk_score": 50.288835634759288, "poi_accessibility_score": 47.896253110182215, "poi_diversity_score": 71.428571428571431, "environmental_score": 45.913278954686973, "green_infrastructure_score": 17.948717948717949, "total_pois_y": 51, "weighted_pois": 8.12, "poi_categories": 5, "raw_gvi": 21.022229317512821, "raw_svf": 29.195671408138882, "green_nodes": 21, "total_nodes": 117, "poi_breakdown": { "Tourism": { "count": 4, "weighted_count": 0.2 }, "Sports": { "count": 3, "weighted_count": 0.30000000000000004 }, "Essential Services": { "count": 26, "weighted_count": 4.419999999999999 }, "Shopping": { "count": 11, "weighted_count": 1.0999999999999999 }, "Food and Drinks": { "count": 7, "weighted_count": 2.1 } }, "score_components": { "poi_accessibility": 0.4789625311018222, "poi_diversity": 0.7142857142857143, "environmental_quality": 0.4591327895468697, "green_infrastructure": 0.1794871794871795 } }, "geometry": { "type": "Polygon", "coordinates": [ [ [ 76.761159798386004, 30.694982286503372 ], [ 76.755398184678526, 30.691357302797307 ], [ 76.749302445851228, 30.68756274832225 ], [ 76.748850088660717, 30.688111302394759 ], [ 76.745983290096831, 30.691587739682529 ], [ 76.746194221586094, 30.692573181707019 ], [ 76.745661222187707, 30.69306811010523 ], [ 76.744956901939517, 30.693277501955201 ], [ 76.744566975685416, 30.693483138236274 ], [ 76.755985957286157, 30.700609606248406 ], [ 76.761159798386004, 30.694982286503372 ] ] ] } },
{ "type": "Feature", "properties": { "sector_name": "47", "Ward_name": "22", "Zone_name": "4", "Area": "1.06306190349", "walk_score": 56.608555166310367, "total_pois_x": 74, "comprehensive_walk_score": 56.608555166310367, "poi_accessibility_score": 51.719694701742846, "poi_diversity_score": 85.714285714285708, "environmental_score": 48.226726011193037, "green_infrastructure_score": 24.354243542435423, "total_pois_y": 66, "weighted_pois": 9.88, "poi_categories": 6, "raw_gvi": 21.637616034382379, "raw_svf": 25.184164011996309, "green_nodes": 66, "total_nodes": 271, "poi_breakdown": { "Essential Services": { "count": 34, "weighted_count": 5.7799999999999985 }, "Food and Drinks": { "count": 7, "weighted_count": 2.1 }, "Tourism": { "count": 9, "weighted_count": 0.44999999999999996 }, "Sports": { "count": 1, "weighted_count": 0.1 }, "Public Transport": { "count": 1, "weighted_count": 0.05 }, "Shopping": { "count": 14, "weighted_count": 1.4000000000000001 } }, "score_components": { "poi_accessibility": 0.5171969470174285, "poi_diversity": 0.8571428571428571, "environmental_quality": 0.4822672601119304, "green_infrastructure": 0.24354243542435425 } }, "geometry": { "type": "Polygon", "coordinates": [ [ [ 76.777480559080573, 30.696849003878466 ], [ 76.777631082208742, 30.696614625264775 ], [ 76.777365072640066, 30.696585328050503 ], [ 76.776880072757194, 30.696522728041543 ], [ 76.776472773399803, 30.696416328350942 ], [ 76.776050073152419, 30.696168128056733 ], [ 76.775671173485932, 30.695879927716536 ], [ 76.774882473447448, 30.694829328011103 ], [ 76.774575673328741, 30.694492427583505 ], [ 76.774281872910137, 30.694255327621317 ], [ 76.772683773137658, 30.693233427980385 ], [ 76.772421172898873, 30.693069528336139 ], [ 76.772342973249678, 30.693020627699866 ], [ 76.766704072934658, 30.689259328355384 ], [ 76.766655995178112, 30.689231490740784 ], [ 76.761198938680138, 30.694939715295678 ], [ 76.761159798386004, 30.694982286503372 ], [ 76.772476904785378, 30.702035216951746 ], [ 76.777480559080573, 30.696849003878466 ] ] ] } },
{ "type": "Feature", "properties": { "sector_name": "50", "Ward_name": "13", "Zone_name": "6", "Area": "1.04952008364", "walk_score": 43.942247595150768, "total_pois_x": 27, "comprehensive_walk_score": 43.942247595150768, "poi_accessibility_score": 28.581823738142941, "poi_diversity_score": 85.714285714285708, "environmental_score": 40.639576158972865, "green_infrastructure_score": 9.2105263157894726, "total_pois_y": 21, "weighted_pois": 2.74, "poi_categories": 6, "raw_gvi": 16.935167814730264, "raw_svf": 35.656015496784541, "green_nodes": 7, "total_nodes": 76, "poi_breakdown": { "Food and Drinks": { "count": 2, "weighted_count": 0.6 }, "Tourism": { "count": 3, "weighted_count": 0.15000000000000002 }, "Essential Services": { "count": 7, "weighted_count": 1.19 }, "Public Transport": { "count": 2, "weighted_count": 0.1 }, "Shopping": { "count": 4, "weighted_count": 0.4 }, "Sports": { "count": 3, "weighted_count": 0.30000000000000004 } }, "score_components": { "poi_accessibility": 0.2858182373814294, "poi_diversity": 0.8571428571428571, "environmental_quality": 0.4063957615897286, "green_infrastructure": 0.09210526315789473 } }, "geometry": { "type": "Polygon", "coordinates": [ [ [ 76.755985957286157, 30.700609606248406 ], [ 76.744566975685416, 30.693483138236274 ], [ 76.744306294599866, 30.693620614000167 ], [ 76.740055899859939, 30.698755600790381 ], [ 76.739604610164676, 30.699290515744732 ], [ 76.739848583645241, 30.699428141695424 ], [ 76.740045883210982, 30.69956914190243 ], [ 76.740324283638813, 30.699732242049379 ], [ 76.740715683881774, 30.699818942090531 ], [ 76.741159483123667, 30.699846741933634 ], [ 76.741655783887367, 30.699909142293109 ], [ 76.742428683736804, 30.700123142269252 ], [ 76.743076083194737, 30.700384442088364 ], [ 76.743774083906871, 30.700800841685524 ], [ 76.744550483917749, 30.701665742180296 ], [ 76.744905883399838, 30.702299942288558 ], [ 76.745375483291966, 30.702968742013859 ], [ 76.745820900414287, 30.70325000048717 ], [ 76.746006399975442, 30.703347400662039 ], [ 76.746964700460623, 30.703987100124607 ], [ 76.750437599815427, 30.706124499945751 ], [ 76.750850699800026, 30.70637870051667 ], [ 76.750907083695026, 30.706414264206963 ], [ 76.755985957286157, 30.700609606248406 ] ] ] } },
{ "type": "Feature", "properties": { "sector_name": "46", "Ward_name": "21", "Zone_name": "4", "Area": "1.06660182552", "walk_score": 52.941923713253033, "total_pois_x": 85, "comprehensive_walk_score": 52.941923713253033, "poi_accessibility_score": 54.570678924334167, "poi_diversity_score": 71.428571428571431, "environmental_score": 46.063074182543055, "green_infrastructure_score": 17.407407407407408, "total_pois_y": 78, "weighted_pois": 11.41, "poi_categories": 5, "raw_gvi": 19.354971426510645, "raw_svf": 27.228823061424535, "green_nodes": 47, "total_nodes": 270, "poi_breakdown": { "Sports": { "count": 11, "weighted_count": 1.0999999999999999 }, "Essential Services": { "count": 23, "weighted_count": 3.909999999999999 }, "Tourism": { "count": 20, "weighted_count": 1.0000000000000002 }, "Shopping": { "count": 9, "weighted_count": 0.8999999999999999 }, "Food and Drinks": { "count": 15, "weighted_count": 4.499999999999999 } }, "score_components": { "poi_accessibility": 0.5457067892433417, "poi_diversity": 0.7142857142857143, "environmental_quality": 0.46063074182543057, "green_infrastructure": 0.17407407407407408 } }, "geometry": { "type": "Polygon", "coordinates": [ [ [ 76.767269451524044, 30.707725893934935 ], [ 76.772476904785378, 30.702035216951746 ], [ 76.761159798386004, 30.694982286503372 ], [ 76.755985957286157, 30.700609606248406 ], [ 76.766594270209453, 30.707244968880271 ], [ 76.767247108767094, 30.707750976026766 ], [ 76.767269451524044, 30.707725893934935 ] ] ] } },
{ "type": "Feature", "properties": { "sector_name": "31", "Ward_name": "22", "Zone_name": "4", "Area": "1.12862734011", "walk_score": 53.330028129421869, "total_pois_x": 50, "comprehensive_walk_score": 53.330028129421869, "poi_accessibility_score": 43.279860166432734, "poi_diversity_score": 85.714285714285708, "environmental_score": 47.158050537109375, "green_infrastructure_score": 28.000000000000004, "total_pois_y": 41, "weighted_pois": 6.37, "poi_categories": 6, "raw_gvi": 22.5960693359375, "raw_svf": 28.27996826171875, "green_nodes": 56, "total_nodes": 200, "poi_breakdown": { "Tourism": { "count": 8, "weighted_count": 0.39999999999999997 }, "Shopping": { "count": 7, "weighted_count": 0.7 }, "Essential Services": { "count": 16, "weighted_count": 2.7199999999999993 }, "Food and Drinks": { "count": 8, "weighted_count": 2.4 }, "Public Transport": { "count": 1, "weighted_count": 0.05 }, "Sports": { "count": 1, "weighted_count": 0.1 } }, "score_components": { "poi_accessibility": 0.4327986016643273, "poi_diversity": 0.8571428571428571, "environmental_quality": 0.47158050537109375, "green_infrastructure": 0.28 } }, "geometry": { "type": "Polygon", "coordinates": [ [ [ 76.784656228102506, 30.708272572920976 ], [ 76.785225748969182, 30.707838458478147 ], [ 76.786992563356193, 30.706662909665614 ], [ 76.788256124320739, 30.705730583399774 ], [ 76.78917986745698, 30.704843405798613 ], [ 76.789996055273789, 30.703946928308135 ], [ 76.78930953440755, 30.703540167644693 ], [ 76.788808734335703, 30.703227167599778 ], [ 76.787900934380659, 30.702659767334474 ], [ 76.785652633762083, 30.701254567644252 ], [ 76.784085433795767, 30.700255767090034 ], [ 76.783623734447815, 30.699961467547723 ], [ 76.782079433918796, 30.698977267486956 ], [ 76.779931134314438, 30.697649867247598 ], [ 76.778873534286205, 30.696996367688264 ], [ 76.778380534034454, 30.696697166840803 ], [ 76.777631082208742, 30.696614625264775 ], [ 76.777480559080573, 30.696849003878466 ], [ 76.772476904785378, 30.702035216951746 ], [ 76.783742086128427, 30.709076923861005 ], [ 76.784656228102506, 30.708272572920976 ] ] ] } },
{ "type": "Feature", "properties": { "sector_name": "61", "Ward_name": "12", "Zone_name": "6", "Area": "0.0798248052648", "walk_score": 46.698449285454998, "total_pois_x": 16, "comprehensive_walk_score": 46.698449285454998, "poi_accessibility_score": 37.597915621221539, "poi_diversity_score": 71.428571428571431, "environmental_score": 48.149737189882345, "green_infrastructure_score": 17.647058823529413, "total_pois_y": 37, "weighted_pois": 4.67, "poi_categories": 5, "raw_gvi": 21.636065315352941, "raw_svf": 25.336590935588237, "green_nodes": 6, "total_nodes": 34, "poi_breakdown": { "Tourism": { "count": 8, "weighted_count": 0.39999999999999997 }, "Shopping": { "count": 14, "weighted_count": 1.4000000000000001 }, "Essential Services": { "count": 11, "weighted_count": 1.8699999999999997 }, "Food and Drinks": { "count": 3, "weighted_count": 0.8999999999999999 }, "Sports": { "count": 1, "weighted_count": 0.1 } }, "score_components": { "poi_accessibility": 0.3759791562122154, "poi_diversity": 0.7142857142857143, "environmental_quality": 0.48149737189882347, "green_infrastructure": 0.17647058823529413 } }, "geometry": { "type": "Polygon", "coordinates": [ [ [ 76.73345188309797, 30.706595558538247 ], [ 76.732935071496399, 30.706635876044913 ], [ 76.732001132746106, 30.706695362600946 ], [ 76.731400319069508, 30.706760797273045 ], [ 76.730977965061072, 30.706796489566379 ], [ 76.730424739909893, 30.706850027107123 ], [ 76.730097564750835, 30.707165306034089 ], [ 76.729972642623409, 30.707581711027217 ], [ 76.729954796476761, 30.708010014050952 ], [ 76.729740645414495, 30.708372882402671 ], [ 76.729847720495954, 30.708717903708362 ], [ 76.730157050407612, 30.709068874928676 ], [ 76.730014283032787, 30.709324666400278 ], [ 76.729556236731014, 30.70991953196091 ], [ 76.729449161649526, 30.710121785891779 ], [ 76.729302427365198, 30.710635352739413 ], [ 76.729361913921252, 30.711182628875292 ], [ 76.729409300099164, 30.711419558865597 ], [ 76.73345188309797, 30.706595558538247 ] ] ] } },
{ "type": "Feature", "properties": { "sector_name": "51", "Ward_name": "13", "Zone_name": "6", "Area": "1.01775070755", "walk_score": 42.293525268257483, "total_pois_x": 32, "comprehensive_walk_score": 42.293525268257483, "poi_accessibility_score": 32.877204787813433, "poi_diversity_score": 71.428571428571431, "environmental_score": 41.829900073128975, "green_infrastructure_score": 8.2802547770700627, "total_pois_y": 29, "weighted_pois": 3.56, "poi_categories": 5, "raw_gvi": 15.918940647592356, "raw_svf": 32.259140501334393, "green_nodes": 13, "total_nodes": 157, "poi_breakdown": { "Essential Services": { "count": 13, "weighted_count": 2.2099999999999995 }, "Tourism": { "count": 9, "weighted_count": 0.44999999999999996 }, "Shopping": { "count": 5, "weighted_count": 0.5 }, "Sports": { "count": 1, "weighted_count": 0.1 }, "Food and Drinks": { "count": 1, "weighted_count": 0.3 } }, "score_components": { "poi_accessibility": 0.3287720478781343, "poi_diversity": 0.7142857142857143, "environmental_quality": 0.4182990007312898, "green_infrastructure": 0.08280254777070063 } }, "geometry": { "type": "Polygon", "coordinates": [ [ [ 76.750907083695026, 30.706414264206963 ], [ 76.750850699800026, 30.70637870051667 ], [ 76.750437599815427, 30.706124499945751 ], [ 76.746964700460623, 30.703987100124607 ], [ 76.746006399975442, 30.703347400662039 ], [ 76.745820900414287, 30.70325000048717 ], [ 76.745375483291966, 30.702968742013859 ], [ 76.744905883399838, 30.702299942288558 ], [ 76.744550483917749, 30.701665742180296 ], [ 76.743774083906871, 30.700800841685524 ], [ 76.743076083194737, 30.700384442088364 ], [ 76.742428683736804, 30.700123142269252 ], [ 76.741655783887367, 30.699909142293109 ], [ 76.741159483123667, 30.699846741933634 ], [ 76.740715683881774, 30.699818942090531 ], [ 76.740324283638813, 30.699732242049379 ], [ 76.740045883210982, 30.69956914190243 ], [ 76.739848583645241, 30.699428141695424 ], [ 76.739604610164676, 30.699290515744732 ], [ 76.738220424932706, 30.700932203858144 ], [ 76.737947009446998, 30.702439616894875 ], [ 76.738220647964553, 30.702844125655925 ], [ 76.738482388451544, 30.70315345556758 ], [ 76.738446696158164, 30.703653142278764 ], [ 76.73843479902682, 30.704366980052153 ], [ 76.737447322735818, 30.705509121748605 ], [ 76.736581595764108, 30.705771734577912 ], [ 76.73572092028428, 30.706016994988374 ], [ 76.736627334384011, 30.706533590752656 ], [ 76.738605721476915, 30.707398334765397 ], [ 76.739438160942413, 30.707983576680757 ], [ 76.740680310847708, 30.709118137092393 ], [ 76.745881770127639, 30.71223110168404 ], [ 76.750907083695026, 30.706414264206963 ] ] ] } },
{ "type": "Feature", "properties": { "sector_name": "45", "Ward_name": "14", "Zone_name": "4", "Area": "1.07983079973", "walk_score": 61.782580270763951, "total_pois_x": 125, "comprehensive_walk_score": 61.782580270763951, "poi_accessibility_score": 61.567512761603702, "poi_diversity_score": 100.0, "environmental_score": 44.502699335586179, "green_infrastructure_score": 10.299003322259136, "total_pois_y": 100, "weighted_pois": 16.14, "poi_categories": 7, "raw_gvi": 15.425490065931893, "raw_svf": 26.420091394759545, "green_nodes": 31, "total_nodes": 301, "poi_breakdown": { "Tourism": { "count": 6, "weighted_count": 0.3 }, "Shopping": { "count": 33, "weighted_count": 3.3000000000000016 }, "Essential Services": { "count": 28, "weighted_count": 4.759999999999999 }, "Food and Drinks": { "count": 22, "weighted_count": 6.599999999999998 }, "Sports": { "count": 9, "weighted_count": 0.8999999999999999 }, "Public Transport": { "count": 1, "weighted_count": 0.05 }, "Entertainment": { "count": 1, "weighted_count": 0.23 } }, "score_components": { "poi_accessibility": 0.615675127616037, "poi_diversity": 1.0, "environmental_quality": 0.44502699335586177, "green_infrastructure": 0.10299003322259136 } }, "geometry": { "type": "Polygon", "coordinates": [ [ [ 76.767247108767094, 30.707750976026766 ], [ 76.766594270209453, 30.707244968880271 ], [ 76.755985957286157, 30.700609606248406 ], [ 76.750907083695026, 30.706414264206963 ], [ 76.762131448407658, 30.713494026827899 ], [ 76.767247108767094, 30.707750976026766 ] ] ] } },
{ "type": "Feature", "properties": { "sector_name": "32", "Ward_name": "21", "Zone_name": "4", "Area": "1.07159764065", "walk_score": 56.586351929910485, "total_pois_x": 91, "comprehensive_walk_score": 56.586351929910485, "poi_accessibility_score": 52.863948454614004, "poi_diversity_score": 85.714285714285708, "environmental_score": 47.881265210958112, "green_infrastructure_score": 20.418848167539267, "total_pois_y": 57, "weighted_pois": 10.47, "poi_categories": 6, "raw_gvi": 22.044556303356021, "raw_svf": 26.282025881439793, "green_nodes": 39, "total_nodes": 191, "poi_breakdown": { "Essential Services": { "count": 27, "weighted_count": 4.589999999999999 }, "Food and Drinks": { "count": 15, "weighted_count": 4.499999999999999 }, "Tourism": { "count": 5, "weighted_count": 0.25 }, "Shopping": { "count": 7, "weighted_count": 0.7 }, "Entertainment": { "count": 1, "weighted_count": 0.23 }, "Sports": { "count": 2, "weighted_count": 0.2 } }, "score_components": { "poi_accessibility": 0.5286394845461401, "poi_diversity": 0.8571428571428571, "environmental_quality": 0.4788126521095811, "green_infrastructure": 0.20418848167539266 } }, "geometry": { "type": "Polygon", "coordinates": [ [ [ 76.783742086128427, 30.709076923861005 ], [ 76.772476904785378, 30.702035216951746 ], [ 76.767269451524044, 30.707725893934935 ], [ 76.767247108767094, 30.707750976026766 ], [ 76.772871155879216, 30.711255753650164 ], [ 76.777846808883169, 30.714361947246111 ], [ 76.778481062950718, 30.714747297749625 ], [ 76.783742086128427, 30.709076923861005 ] ] ] } },
{ "type": "Feature", "properties": { "sector_name": "29", "Ward_name": "20", "Zone_name": "3", "Area": "1.08830327789", "walk_score": 55.726837684339017, "total_pois_x": 74, "comprehensive_walk_score": 55.726837684339017, "poi_accessibility_score": 51.236375632762929, "poi_diversity_score": 85.714285714285708, "environmental_score": 48.243909653803172, "green_infrastructure_score": 17.427385892116181, "total_pois_y": 60, "weighted_pois": 9.64, "poi_categories": 6, "raw_gvi": 22.373715475931018, "raw_svf": 25.885896168324688, "green_nodes": 42, "total_nodes": 241, "poi_breakdown": { "Tourism": { "count": 11, "weighted_count": 0.5499999999999999 }, "Essential Services": { "count": 18, "weighted_count": 3.059999999999999 }, "Shopping": { "count": 13, "weighted_count": 1.3 }, "Food and Drinks": { "count": 14, "weighted_count": 4.199999999999999 }, "Sports": { "count": 3, "weighted_count": 0.30000000000000004 }, "Entertainment": { "count": 1, "weighted_count": 0.23 } }, "score_components": { "poi_accessibility": 0.5123637563276293, "poi_diversity": 0.8571428571428571, "environmental_quality": 0.4824390965380317, "green_infrastructure": 0.17427385892116182 } }, "geometry": { "type": "Polygon", "coordinates": [ [ [ 76.80107264338784, 30.710836605724811 ], [ 76.801025134002771, 30.710806866943418 ], [ 76.79559673440184, 30.707406867532939 ], [ 76.795342434006159, 30.707247367372126 ], [ 76.795242234241755, 30.707184466989588 ], [ 76.795004134233466, 30.707038567276129 ], [ 76.794360034388149, 30.706638466991709 ], [ 76.794275534088669, 30.706585967268609 ], [ 76.790968933769307, 30.704531567677755 ], [ 76.790684734512922, 30.70435496690823 ], [ 76.789996055273789, 30.703946928308135 ], [ 76.78917986745698, 30.704843405798613 ], [ 76.788256124320739, 30.705730583399774 ], [ 76.786992563356193, 30.706662909665614 ], [ 76.785225748969182, 30.707838458478147 ], [ 76.784656228102506, 30.708272572920976 ], [ 76.783742086128427, 30.709076923861005 ], [ 76.795474781835765, 30.716412921319311 ], [ 76.80107264338784, 30.710836605724811 ] ] ] } },
{ "type": "Feature", "properties": { "sector_name": "52", "Ward_name": "12", "Zone_name": "6", "Area": "1.29035770009", "walk_score": 52.047178691399353, "total_pois_x": 109, "comprehensive_walk_score": 52.047178691399353, "poi_accessibility_score": 56.745097180911088, "poi_diversity_score": 71.428571428571431, "environmental_score": 43.217271515190006, "green_infrastructure_score": 6.8767908309455592, "total_pois_y": 73, "weighted_pois": 12.72, "poi_categories": 5, "raw_gvi": 11.644615895113898, "raw_svf": 25.210072864733881, "green_nodes": 24, "total_nodes": 349, "poi_breakdown": { "Essential Services": { "count": 36, "weighted_count": 6.119999999999998 }, "Shopping": { "count": 17, "weighted_count": 1.7000000000000004 }, "Sports": { "count": 3, "weighted_count": 0.30000000000000004 }, "Tourism": { "count": 2, "weighted_count": 0.1 }, "Food and Drinks": { "count": 15, "weighted_count": 4.499999999999999 } }, "score_components": { "poi_accessibility": 0.5674509718091109, "poi_diversity": 0.7142857142857143, "environmental_quality": 0.4321727151519001, "green_infrastructure": 0.06876790830945559 } }, "geometry": { "type": "Polygon", "coordinates": [ [ [ 76.745833728343925, 30.712286711262777 ], [ 76.745881770127639, 30.71223110168404 ], [ 76.740680310847708, 30.709118137092393 ], [ 76.739438160942413, 30.707983576680757 ], [ 76.738605721476915, 30.707398334765397 ], [ 76.736627334384011, 30.706533590752656 ], [ 76.73572092028428, 30.706016994988374 ], [ 76.735220543793105, 30.706076306176616 ], [ 76.734278277320698, 30.706361840926263 ], [ 76.73345188309797, 30.706595558538247 ], [ 76.729409300099164, 30.711419558865597 ], [ 76.729486836048679, 30.711807237713913 ], [ 76.729583283841507, 30.712084856630899 ], [ 76.730913484569726, 30.712943157900444 ], [ 76.731263757916167, 30.713169169221835 ], [ 76.731981021207218, 30.713899089571388 ], [ 76.733184559619815, 30.715485704102036 ], [ 76.734731613872952, 30.717722213709241 ], [ 76.734989279531703, 30.71790911351485 ], [ 76.735361231935357, 30.71802333101197 ], [ 76.736219116818845, 30.718149909690624 ], [ 76.736485870126842, 30.718129204599158 ], [ 76.736769454246996, 30.718030627211707 ], [ 76.737525153662929, 30.717792606343771 ], [ 76.738113721271304, 30.717784849691093 ], [ 76.738534912456316, 30.717844579963476 ], [ 76.738955441740288, 30.718026892327266 ], [ 76.740406268534514, 30.718903320332007 ], [ 76.745833728343925, 30.712286711262777 ] ] ] } },
{ "type": "Feature", "properties": { "sector_name": "44", "Ward_name": "15", "Zone_name": "4", "Area": "1.07420112341", "walk_score": 55.645116349253463, "total_pois_x": 111, "comprehensive_walk_score": 55.645116349253463, "poi_accessibility_score": 59.885764762180862, "poi_diversity_score": 71.428571428571431, "environmental_score": 47.41014204706623, "green_infrastructure_score": 19.811320754716981, "total_pois_y": 92, "weighted_pois": 14.86, "poi_categories": 5, "raw_gvi": 20.917803686620676, "raw_svf": 26.097519592488208, "green_nodes": 63, "total_nodes": 318, "poi_breakdown": { "Essential Services": { "count": 43, "weighted_count": 7.309999999999998 }, "Tourism": { "count": 15, "weighted_count": 0.7500000000000001 }, "Food and Drinks": { "count": 17, "weighted_count": 5.099999999999999 }, "Shopping": { "count": 10, "weighted_count": 0.9999999999999999 }, "Sports": { "count": 7, "weighted_count": 0.7 } }, "score_components": { "poi_accessibility": 0.5988576476218086, "poi_diversity": 0.7142857142857143, "environmental_quality": 0.47410142047066234, "green_infrastructure": 0.19811320754716982 } }, "geometry": { "type": "Polygon", "coordinates": [ [ [ 76.762131448407658, 30.713494026827899 ], [ 76.750907083695026, 30.706414264206963 ], [ 76.745881770127639, 30.71223110168404 ], [ 76.757141556437702, 30.719348583670239 ], [ 76.762131448407658, 30.713494026827899 ] ] ] } },
{ "type": "Feature", "properties": { "sector_name": "33", "Ward_name": "16", "Zone_name": "4", "Area": "1.06607689037", "walk_score": 58.246609798961693, "total_pois_x": 86, "comprehensive_walk_score": 58.246609798961693, "poi_accessibility_score": 54.236372476284444, "poi_diversity_score": 85.714285714285708, "environmental_score": 49.403048428596875, "green_infrastructure_score": 27.727272727272727, "total_pois_y": 75, "weighted_pois": 11.22, "poi_categories": 6, "raw_gvi": 24.580965909172729, "raw_svf": 25.774869051978975, "green_nodes": 61, "total_nodes": 220, "poi_breakdown": { "Sports": { "count": 7, "weighted_count": 0.7 }, "Essential Services": { "count": 46, "weighted_count": 7.819999999999998 }, "Shopping": { "count": 7, "weighted_count": 0.7 }, "Tourism": { "count": 8, "weighted_count": 0.39999999999999997 }, "Public Transport": { "count": 2, "weighted_count": 0.1 }, "Food and Drinks": { "count": 5, "weighted_count": 1.5 } }, "score_components": { "poi_accessibility": 0.5423637247628444, "poi_diversity": 0.8571428571428571, "environmental_quality": 0.49403048428596874, "green_infrastructure": 0.2772727272727273 } }, "geometry": { "type": "Polygon", "coordinates": [ [ [ 76.778481062950718, 30.714747297749625 ], [ 76.777846808883169, 30.714361947246111 ], [ 76.772871155879216, 30.711255753650164 ], [ 76.767247108767094, 30.707750976026766 ], [ 76.762131448407658, 30.713494026827899 ], [ 76.767796655691129, 30.717016623618346 ], [ 76.773351156430806, 30.720521635964761 ], [ 76.778481062950718, 30.714747297749625 ] ] ] } },
{ "type": "Feature", "properties": { "sector_name": "30", "Ward_name": "18", "Zone_name": "3", "Area": "1.10942371806", "walk_score": 52.167783497562937, "total_pois_x": 64, "comprehensive_walk_score": 52.167783497562937, "poi_accessibility_score": 46.974075362851686, "poi_diversity_score": 71.428571428571431, "environmental_score": 50.398648722690666, "green_infrastructure_score": 29.213483146067414, "total_pois_y": 55, "weighted_pois": 7.74, "poi_categories": 5, "raw_gvi": 25.131602769387641, "raw_svf": 24.334305324006319, "green_nodes": 52, "total_nodes": 178, "poi_breakdown": { "Tourism": { "count": 7, "weighted_count": 0.35 }, "Essential Services": { "count": 17, "weighted_count": 2.8899999999999992 }, "Food and Drinks": { "count": 7, "weighted_count": 2.1 }, "Sports": { "count": 10, "weighted_count": 0.9999999999999999 }, "Shopping": { "count": 14, "weighted_count": 1.4000000000000001 } }, "score_components": { "poi_accessibility": 0.46974075362851686, "poi_diversity": 0.7142857142857143, "environmental_quality": 0.5039864872269066, "green_infrastructure": 0.29213483146067415 } }, "geometry": { "type": "Polygon", "coordinates": [ [ [ 76.795474781835765, 30.716412921319311 ], [ 76.783742086128427, 30.709076923861005 ], [ 76.778481062950718, 30.714747297749625 ], [ 76.789407268230889, 30.721596632478683 ], [ 76.790054013881672, 30.721970943804074 ], [ 76.795474781835765, 30.716412921319311 ] ] ] } },
{ "type": "Feature", "properties": { "sector_name": "26E", "Ward_name": "19", "Zone_name": "3", "Area": "1.02904479289", "walk_score": 50.121503402255449, "total_pois_x": 89, "comprehensive_walk_score": 50.121503402255449, "poi_accessibility_score": 50.363724550500301, "poi_diversity_score": 71.428571428571431, "environmental_score": 42.023869996424061, "green_infrastructure_score": 16.129032258064516, "total_pois_y": 53, "weighted_pois": 9.22, "poi_categories": 5, "raw_gvi": 16.349940146315863, "raw_svf": 32.302200153467744, "green_nodes": 30, "total_nodes": 186, "poi_breakdown": { "Food and Drinks": { "count": 13, "weighted_count": 3.899999999999999 }, "Essential Services": { "count": 21, "weighted_count": 3.569999999999999 }, "Shopping": { "count": 13, "weighted_count": 1.3 }, "Sports": { "count": 3, "weighted_count": 0.30000000000000004 }, "Tourism": { "count": 3, "weighted_count": 0.15000000000000002 } }, "score_components": { "poi_accessibility": 0.503637245505003, "poi_diversity": 0.7142857142857143, "environmental_quality": 0.4202386999642406, "green_infrastructure": 0.16129032258064516 } }, "geometry": { "type": "Polygon", "coordinates": [ [ [ 76.819855579671355, 30.71810676831285 ], [ 76.819141741897894, 30.713252668575926 ], [ 76.816705672728745, 30.714037507824795 ], [ 76.815757468932006, 30.714589201430609 ], [ 76.812372801163903, 30.71790158708864 ], [ 76.807186165409291, 30.723071188784498 ], [ 76.80676106217345, 30.723450306986248 ], [ 76.813170039365957, 30.727460396580117 ], [ 76.818526270171319, 30.722443943133559 ], [ 76.818894277249115, 30.722073329820322 ], [ 76.819498660334943, 30.721504639027959 ], [ 76.819926963358725, 30.721390425128106 ], [ 76.819969793571204, 30.720191176481755 ], [ 76.819855579671355, 30.71810676831285 ] ] ] } },
{ "type": "Feature", "properties": { "sector_name": "28", "Ward_name": "18", "Zone_name": "3", "Area": "1.08895400316", "walk_score": 52.149294294686335, "total_pois_x": 61, "comprehensive_walk_score": 52.149294294686335, "poi_accessibility_score": 44.647014618040778, "poi_diversity_score": 85.714285714285708, "environmental_score": 45.8226680755944, "green_infrastructure_score": 14.0625, "total_pois_y": 45, "weighted_pois": 6.85, "poi_categories": 6, "raw_gvi": 21.0014661153151, "raw_svf": 29.3561299641263, "green_nodes": 27, "total_nodes": 192, "poi_breakdown": { "Shopping": { "count": 9, "weighted_count": 0.8999999999999999 }, "Tourism": { "count": 9, "weighted_count": 0.44999999999999996 }, "Essential Services": { "count": 15, "weighted_count": 2.5499999999999994 }, "Food and Drinks": { "count": 9, "weighted_count": 2.6999999999999997 }, "Public Transport": { "count": 1, "weighted_count": 0.05 }, "Sports": { "count": 2, "weighted_count": 0.2 } }, "score_components": { "poi_accessibility": 0.4464701461804078, "poi_diversity": 0.8571428571428571, "environmental_quality": 0.458226680755944, "green_infrastructure": 0.140625 } }, "geometry": { "type": "Polygon", "coordinates": [ [ [ 76.807186165409291, 30.723071188784388 ], [ 76.812372801163903, 30.71790158708864 ], [ 76.812315834508226, 30.717860867585049 ], [ 76.811934834025408, 30.717588967456951 ], [ 76.811702734293803, 30.717445667683478 ], [ 76.808116134552051, 30.715230467512121 ], [ 76.807757434558013, 30.715008967190155 ], [ 76.807677833765069, 30.71495976707962 ], [ 76.807428333950497, 30.714805767172496 ], [ 76.80699953450096, 30.714540867367184 ], [ 76.806904134418346, 30.714481967169093 ], [ 76.806089533904924, 30.713978867530777 ], [ 76.801103733850312, 30.710856067053903 ], [ 76.80107264338784, 30.710836605724811 ], [ 76.795474781835765, 30.716412921319311 ], [ 76.806761062173337, 30.723450306986141 ], [ 76.807186165409291, 30.723071188784388 ] ] ] } },
{ "type": "Feature", "properties": { "sector_name": "Manimajra", "Ward_name": "25", "Zone_name": null, "Area": "3.64611486805", "walk_score": 0.0, "total_pois_x": 120, "comprehensive_walk_score": 0.0, "poi_accessibility_score": 0.0, "poi_diversity_score": 0.0, "environmental_score": 0.0, "green_infrastructure_score": 0.0, "total_pois_y": 0, "weighted_pois": 0.0, "poi_categories": 0, "raw_gvi": 0.0, "raw_svf": 50.0, "green_nodes": 0, "total_nodes": 0, "poi_breakdown": { }, "score_components": { "poi_accessibility": 0.0, "poi_diversity": 0.0, "environmental_quality": 0.0, "green_infrastructure": 0.0 } }, "geometry": { "type": "Polygon", "coordinates": [ [ [ 76.845268732665929, 30.720976552625928 ], [ 76.846066726728395, 30.719951358105217 ], [ 76.844758023175061, 30.719047162922998 ], [ 76.84318757891117, 30.718131070435781 ], [ 76.844258336363851, 30.716643907307169 ], [ 76.844899916198258, 30.716907674349848 ], [ 76.846410874362334, 30.717585820729091 ], [ 76.847267479510606, 30.717954637196783 ], [ 76.848540491450692, 30.718335351695259 ], [ 76.849028281030471, 30.71822827571447 ], [ 76.848980691605789, 30.717966535227394 ], [ 76.848599978006689, 30.717597718759741 ], [ 76.847957523920613, 30.716990956067889 ], [ 76.847398350653521, 30.716669729024886 ], [ 76.847160404429189, 30.716431782800555 ], [ 76.847398350653521, 30.71595589035212 ], [ 76.847850447939834, 30.715468100772341 ], [ 76.8479694210519, 30.715111181435987 ], [ 76.848040804739526, 30.714754262099575 ], [ 76.848005112446103, 30.714433035056572 ], [ 76.847743371959055, 30.714004732032944 ], [ 76.847267479510606, 30.713528840483665 ], [ 76.84694625246776, 30.713041050903879 ], [ 76.846815382224221, 30.712446185343371 ], [ 76.846803485092948, 30.711756141832666 ], [ 76.846410874362334, 30.711446811920954 ], [ 76.845982571338695, 30.711220762828077 ], [ 76.845601856840403, 30.710887638653791 ], [ 76.845304424959352, 30.710554513580117 ], [ 76.844974869294944, 30.710264219618121 ], [ 76.844346691946441, 30.709850193331761 ], [ 76.844132539984855, 30.70940761357048 ], [ 76.84393266566012, 30.708750882747154 ], [ 76.843775620648429, 30.708022767336903 ], [ 76.843147443299927, 30.707908553437051 ], [ 76.842276560515032, 30.707822893012175 ], [ 76.841691213378894, 30.707523080625663 ], [ 76.841048758393526, 30.707051947389626 ], [ 76.840620455369887, 30.706709304790699 ], [ 76.840077938446257, 30.706409492404248 ], [ 76.838587206034788, 30.705896124306655 ], [ 76.837759153462272, 30.705539204970481 ], [ 76.836816886989823, 30.704796812822746 ], [ 76.835774683355112, 30.704125805261757 ], [ 76.835060844682346, 30.70336913637669 ], [ 76.834881681805825, 30.703321083053197 ], [ 76.83436454561398, 30.702369933173831 ], [ 76.833494051411719, 30.701178631841405 ], [ 76.833176188530317, 30.701244068059449 ], [ 76.834925092019532, 30.707549639404306 ], [ 76.830927597430829, 30.708239683814377 ], [ 76.829143001648234, 30.709191467812165 ], [ 76.825621399508009, 30.711380572355665 ], [ 76.824717204935098, 30.711761285954768 ], [ 76.826904325574219, 30.719454876341619 ], [ 76.827618164246985, 30.721525007773032 ], [ 76.828474770294406, 30.722881300531633 ], [ 76.829545527404278, 30.723809290266672 ], [ 76.830295057471062, 30.724308976977682 ], [ 76.831615658835688, 30.724737280001488 ], [ 76.832650723652137, 30.725022814751124 ], [ 76.834078400997555, 30.725272658106746 ], [ 76.836184223822954, 30.725629577443097 ], [ 76.837933127312056, 30.725879420798719 ], [ 76.839610647113645, 30.725915113092125 ], [ 76.841038324459234, 30.725772345717303 ], [ 76.842002005588142, 30.72537973408755 ], [ 76.843715217683325, 30.724344668371881 ], [ 76.845142894129367, 30.723488062324289 ], [ 76.846684511980698, 30.722285256859262 ], [ 76.845994468469996, 30.721809364410824 ], [ 76.845268732665929, 30.721238294012213 ], [ 76.845268732665929, 30.720976552625928 ] ] ] } },
{ "type": "Feature", "properties": { "sector_name": "43", "Ward_name": "12", "Zone_name": "5", "Area": "1.20753352647", "walk_score": 50.188106351163405, "total_pois_x": 87, "comprehensive_walk_score": 50.188106351163405, "poi_accessibility_score": 47.269551394296229, "poi_diversity_score": 71.428571428571431, "environmental_score": 46.255385815559983, "green_infrastructure_score": 18.592964824120603, "total_pois_y": 46, "weighted_pois": 7.86, "poi_categories": 5, "raw_gvi": 21.325867619363695, "raw_svf": 28.815095988243723, "green_nodes": 37, "total_nodes": 199, "poi_breakdown": { "Tourism": { "count": 10, "weighted_count": 0.49999999999999994 }, "Food and Drinks": { "count": 16, "weighted_count": 4.799999999999999 }, "Shopping": { "count": 8, "weighted_count": 0.7999999999999999 }, "Essential Services": { "count": 8, "weighted_count": 1.3599999999999999 }, "Sports": { "count": 4, "weighted_count": 0.4 } }, "score_components": { "poi_accessibility": 0.4726955139429623, "poi_diversity": 0.7142857142857143, "environmental_quality": 0.46255385815559985, "green_infrastructure": 0.18592964824120603 } }, "geometry": { "type": "Polygon", "coordinates": [ [ [ 76.757141556437702, 30.719348583670239 ], [ 76.745881770127639, 30.71223110168404 ], [ 76.745833728343925, 30.712286711262777 ], [ 76.740406268534514, 30.718903320332007 ], [ 76.74597220145597, 30.722388531405663 ], [ 76.751010801607265, 30.725527932468133 ], [ 76.751720614914518, 30.725968038194473 ], [ 76.757141556437702, 30.719348583670239 ] ] ] } },
{ "type": "Feature", "properties": { "sector_name": "34", "Ward_name": "15", "Zone_name": "4", "Area": "1.0646537535", "walk_score": 56.786780616903002, "total_pois_x": 98, "comprehensive_walk_score": 56.786780616903002, "poi_accessibility_score": 60.821600188207228, "poi_diversity_score": 71.428571428571431, "environmental_score": 48.797691525310526, "green_infrastructure_score": 24.015748031496063, "total_pois_y": 78, "weighted_pois": 15.56, "poi_categories": 5, "raw_gvi": 23.017342635038386, "raw_svf": 25.421959584417326, "green_nodes": 61, "total_nodes": 254, "poi_breakdown": { "Shopping": { "count": 15, "weighted_count": 1.5000000000000002 }, "Food and Drinks": { "count": 32, "weighted_count": 9.600000000000001 }, "Tourism": { "count": 5, "weighted_count": 0.25 }, "Essential Services": { "count": 23, "weighted_count": 3.909999999999999 }, "Sports": { "count": 3, "weighted_count": 0.30000000000000004 } }, "score_components": { "poi_accessibility": 0.6082160018820723, "poi_diversity": 0.7142857142857143, "environmental_quality": 0.48797691525310527, "green_infrastructure": 0.24015748031496062 } }, "geometry": { "type": "Polygon", "coordinates": [ [ [ 76.768369679417219, 30.72629928188638 ], [ 76.773351156430806, 30.720521635964761 ], [ 76.767796655691129, 30.717016623618346 ], [ 76.762131448407658, 30.713494026827899 ], [ 76.757141556437702, 30.719348583670239 ], [ 76.767611871990368, 30.725823465880296 ], [ 76.768330149716689, 30.726347973879971 ], [ 76.768369679417219, 30.72629928188638 ] ] ] } },
{ "type": "Feature", "properties": { "sector_name": "53", "Ward_name": "11", "Zone_name": "6", "Area": "0.716885066595", "walk_score": 36.614025006046205, "total_pois_x": 11, "comprehensive_walk_score": 36.614025006046205, "poi_accessibility_score": 23.144641126608768, "poi_diversity_score": 71.428571428571431, "environmental_score": 36.514621311557875, "green_infrastructure_score": 3.7037037037037033, "total_pois_y": 12, "weighted_pois": 1.91, "poi_categories": 5, "raw_gvi": 12.608733001611112, "raw_svf": 39.579490378495365, "green_nodes": 1, "total_nodes": 27, "poi_breakdown": { "Sports": { "count": 3, "weighted_count": 0.30000000000000004 }, "Essential Services": { "count": 3, "weighted_count": 0.51 }, "Shopping": { "count": 1, "weighted_count": 0.1 }, "Food and Drinks": { "count": 3, "weighted_count": 0.8999999999999999 }, "Tourism": { "count": 2, "weighted_count": 0.1 } }, "score_components": { "poi_accessibility": 0.23144641126608767, "poi_diversity": 0.7142857142857143, "environmental_quality": 0.3651462131155787, "green_infrastructure": 0.037037037037037035 } }, "geometry": { "type": "Polygon", "coordinates": [ [ [ 76.7403993077819, 30.718911806334862 ], [ 76.740406268534514, 30.718903320332007 ], [ 76.738955441740288, 30.718026892327266 ], [ 76.738534912456316, 30.717844579963476 ], [ 76.738113721271304, 30.717784849691093 ], [ 76.737525153662929, 30.717792606343771 ], [ 76.736769454246996, 30.718030627211707 ], [ 76.736485870126842, 30.718129204599158 ], [ 76.736219116818845, 30.718149909690624 ], [ 76.735361231935357, 30.71802333101197 ], [ 76.734989279531703, 30.71790911351485 ], [ 76.734731613872952, 30.717722213709241 ], [ 76.733184559619815, 30.715485704102036 ], [ 76.731981021207218, 30.713899089571388 ], [ 76.731263757916167, 30.713169169221835 ], [ 76.730913484569726, 30.712943157900444 ], [ 76.730368723837628, 30.713585884481063 ], [ 76.729535912052768, 30.714454387659945 ], [ 76.728833971410708, 30.715287199444727 ], [ 76.72942883697128, 30.715777368630711 ], [ 76.731303851491589, 30.716976616377789 ], [ 76.731189637591726, 30.7174334728765 ], [ 76.731284816441175, 30.718280561398846 ], [ 76.731336370976805, 30.719041988596931 ], [ 76.731253090158006, 30.719410805064634 ], [ 76.73119360360198, 30.720255513980817 ], [ 76.731336370976805, 30.721445244202702 ], [ 76.731229295895332, 30.721802163539056 ], [ 76.731029767809616, 30.721890154107367 ], [ 76.730487175342944, 30.721693052392489 ], [ 76.730732649792003, 30.721863533275496 ], [ 76.731391235017568, 30.722481257803846 ], [ 76.731561015328623, 30.722752145295317 ], [ 76.731756378653984, 30.723269463215217 ], [ 76.732013788005972, 30.725240609866315 ], [ 76.732224267136289, 30.725833267591277 ], [ 76.732514482857127, 30.72633782143339 ], [ 76.73326250745879, 30.727059406866207 ], [ 76.733766928201248, 30.727363091733363 ], [ 76.7403993077819, 30.718911806334862 ] ] ] } },
{ "type": "Feature", "properties": { "sector_name": "20", "Ward_name": "16", "Zone_name": "3", "Area": "1.09554037861", "walk_score": 58.588990694905561, "total_pois_x": 106, "comprehensive_walk_score": 58.588990694905561, "poi_accessibility_score": 49.209861749332745, "poi_diversity_score": 100.0, "environmental_score": 47.469240584463449, "green_infrastructure_score": 20.377358490566039, "total_pois_y": 69, "weighted_pois": 8.69, "poi_categories": 7, "raw_gvi": 21.832528744287266, "raw_svf": 26.894047575360378, "green_nodes": 54, "total_nodes": 265, "poi_breakdown": { "Tourism": { "count": 19, "weighted_count": 0.9500000000000003 }, "Sports": { "count": 4, "weighted_count": 0.4 }, "Shopping": { "count": 19, "weighted_count": 1.9000000000000006 }, "Essential Services": { "count": 18, "weighted_count": 3.059999999999999 }, "Food and Drinks": { "count": 7, "weighted_count": 2.1 }, "Public Transport": { "count": 1, "weighted_count": 0.05 }, "Entertainment": { "count": 1, "weighted_count": 0.23 } }, "score_components": { "poi_accessibility": 0.49209861749332745, "poi_diversity": 1.0, "environmental_quality": 0.47469240584463446, "green_infrastructure": 0.2037735849056604 } }, "geometry": { "type": "Polygon", "coordinates": [ [ [ 76.790054013881672, 30.721970943804074 ], [ 76.789407268230889, 30.721596632478683 ], [ 76.778481062950718, 30.714747297749625 ], [ 76.773351156430806, 30.720521635964761 ], [ 76.773394162011002, 30.720548773906842 ], [ 76.784832065347587, 30.727672132962596 ], [ 76.790054013881672, 30.721970943804074 ] ] ] } },
{ "type": "Feature", "properties": { "sector_name": "27", "Ward_name": "18", "Zone_name": "3", "Area": "1.07493201193", "walk_score": 58.237147415717651, "total_pois_x": 82, "comprehensive_walk_score": 58.237147415717651, "poi_accessibility_score": 53.219935903286562, "poi_diversity_score": 85.714285714285708, "environmental_score": 49.595634016553895, "green_infrastructure_score": 31.216931216931215, "total_pois_y": 71, "weighted_pois": 10.66, "poi_categories": 6, "raw_gvi": 24.289634745129629, "raw_svf": 25.098366712021829, "green_nodes": 59, "total_nodes": 189, "poi_breakdown": { "Sports": { "count": 5, "weighted_count": 0.5 }, "Food and Drinks": { "count": 14, "weighted_count": 4.199999999999999 }, "Tourism": { "count": 16, "weighted_count": 0.8000000000000002 }, "Shopping": { "count": 12, "weighted_count": 1.2 }, "Essential Services": { "count": 23, "weighted_count": 3.909999999999999 }, "Public Transport": { "count": 1, "weighted_count": 0.05 } }, "score_components": { "poi_accessibility": 0.5321993590328656, "poi_diversity": 0.8571428571428571, "environmental_quality": 0.49595634016553897, "green_infrastructure": 0.31216931216931215 } }, "geometry": { "type": "Polygon", "coordinates": [ [ [ 76.806309035933339, 30.72394085568601 ], [ 76.806761062173337, 30.723450306986141 ], [ 76.795474781835765, 30.716412921319311 ], [ 76.790054013881672, 30.721970943804074 ], [ 76.800605162298439, 30.728567336113716 ], [ 76.801401593808563, 30.729022581926635 ], [ 76.806309035933339, 30.72394085568601 ] ] ] } },
{ "type": "Feature", "properties": { "sector_name": "54", "Ward_name": "11", "Zone_name": "6", "Area": "0.419370526569", "walk_score": 41.258155214764628, "total_pois_x": 14, "comprehensive_walk_score": 41.258155214764628, "poi_accessibility_score": 33.67030604798591, "poi_diversity_score": 71.428571428571431, "environmental_score": 38.064893087042968, "green_infrastructure_score": 4.1666666666666661, "total_pois_y": 21, "weighted_pois": 3.73, "poi_categories": 5, "raw_gvi": 12.700525919997396, "raw_svf": 36.57073974591146, "green_nodes": 2, "total_nodes": 48, "poi_breakdown": { "Essential Services": { "count": 9, "weighted_count": 1.5299999999999998 }, "Tourism": { "count": 3, "weighted_count": 0.15000000000000002 }, "Food and Drinks": { "count": 6, "weighted_count": 1.8 }, "Shopping": { "count": 2, "weighted_count": 0.2 }, "Public Transport": { "count": 1, "weighted_count": 0.05 } }, "score_components": { "poi_accessibility": 0.3367030604798591, "poi_diversity": 0.7142857142857143, "environmental_quality": 0.38064893087042967, "green_infrastructure": 0.041666666666666664 } }, "geometry": { "type": "Polygon", "coordinates": [ [ [ 76.733766928201248, 30.727363091733363 ], [ 76.73326250745879, 30.727059406866207 ], [ 76.732514482857127, 30.72633782143339 ], [ 76.732224267136289, 30.725833267591277 ], [ 76.732013788005972, 30.725240609866315 ], [ 76.731756378653984, 30.723269463215217 ], [ 76.731561015328623, 30.722752145295317 ], [ 76.731391235017568, 30.722481257803846 ], [ 76.730732649792003, 30.721863533275496 ], [ 76.730487175342944, 30.721693052392489 ], [ 76.729566399070094, 30.722782451548934 ], [ 76.7291499931777, 30.723365419978222 ], [ 76.728471846798342, 30.723960285538801 ], [ 76.727817495580993, 30.724114950044971 ], [ 76.727329706001171, 30.724555150200047 ], [ 76.7266515596218, 30.725423653378929 ], [ 76.725830645867688, 30.726339745982553 ], [ 76.725301953322557, 30.727355448395258 ], [ 76.731093429917905, 30.730949012486974 ], [ 76.733766928201248, 30.727363091733363 ] ] ] } },
{ "type": "Feature", "properties": { "sector_name": "42", "Ward_name": "10", "Zone_name": "5", "Area": "1.33407610273", "walk_score": 50.822619868052456, "total_pois_x": 79, "comprehensive_walk_score": 50.822619868052456, "poi_accessibility_score": 39.673507456626922, "poi_diversity_score": 85.714285714285708, "environmental_score": 45.42388303214031, "green_infrastructure_score": 21.686746987951807, "total_pois_y": 35, "weighted_pois": 5.24, "poi_categories": 6, "raw_gvi": 19.878635636577311, "raw_svf": 29.030869572296691, "green_nodes": 54, "total_nodes": 249, "poi_breakdown": { "Essential Services": { "count": 13, "weighted_count": 2.2099999999999995 }, "Sports": { "count": 9, "weighted_count": 0.8999999999999999 }, "Tourism": { "count": 6, "weighted_count": 0.3 }, "Food and Drinks": { "count": 5, "weighted_count": 1.5 }, "Shopping": { "count": 1, "weighted_count": 0.1 }, "Entertainment": { "count": 1, "weighted_count": 0.23 } }, "score_components": { "poi_accessibility": 0.3967350745662692, "poi_diversity": 0.8571428571428571, "environmental_quality": 0.4542388303214031, "green_infrastructure": 0.21686746987951808 } }, "geometry": { "type": "Polygon", "coordinates": [ [ [ 76.751683556550958, 30.726013290281166 ], [ 76.751720614914518, 30.725968038194473 ], [ 76.751010801607265, 30.725527932468133 ], [ 76.74597220145597, 30.722388531405663 ], [ 76.740406268534514, 30.718903320332007 ], [ 76.7403993077819, 30.718911806334862 ], [ 76.733766928201248, 30.727363091733363 ], [ 76.734949025876901, 30.728130799796645 ], [ 76.736694422909352, 30.72917306098805 ], [ 76.737345475413406, 30.72949070243402 ], [ 76.73911912644661, 30.730055893065064 ], [ 76.742806291976862, 30.730482438813567 ], [ 76.744629272622873, 30.730729116555551 ], [ 76.745234187208027, 30.73093758120444 ], [ 76.74615376468455, 30.731469013983887 ], [ 76.747023270607485, 30.731978081523316 ], [ 76.751683556550958, 30.726013290281166 ] ] ] } },
{ "type": "Feature", "properties": { "sector_name": "35", "Ward_name": "15", "Zone_name": "5", "Area": "1.1967228098", "walk_score": 59.017937359868455, "total_pois_x": 116, "comprehensive_walk_score": 59.017937359868455, "poi_accessibility_score": 55.42655268749801, "poi_diversity_score": 85.714285714285708, "environmental_score": 49.57820523164289, "green_infrastructure_score": 30.241935483870968, "total_pois_y": 74, "weighted_pois": 11.91, "poi_categories": 6, "raw_gvi": 24.661279493894156, "raw_svf": 25.504869030608369, "green_nodes": 75, "total_nodes": 248, "poi_breakdown": { "Sports": { "count": 2, "weighted_count": 0.2 }, "Shopping": { "count": 15, "weighted_count": 1.5000000000000002 }, "Tourism": { "count": 12, "weighted_count": 0.6 }, "Food and Drinks": { "count": 16, "weighted_count": 4.799999999999999 }, "Essential Services": { "count": 28, "weighted_count": 4.759999999999999 }, "Public Transport": { "count": 1, "weighted_count": 0.05 } }, "score_components": { "poi_accessibility": 0.5542655268749801, "poi_diversity": 0.8571428571428571, "environmental_quality": 0.4957820523164289, "green_infrastructure": 0.3024193548387097 } }, "geometry": { "type": "Polygon", "coordinates": [ [ [ 76.768330149716689, 30.726347973879971 ], [ 76.767611871990368, 30.725823465880296 ], [ 76.757141556437702, 30.719348583670239 ], [ 76.751720614914518, 30.725968038194473 ], [ 76.762928638945596, 30.733001439864619 ], [ 76.768330149716689, 30.726347973879971 ] ] ] } },
{ "type": "Feature", "properties": { "sector_name": "21", "Ward_name": "17", "Zone_name": "4", "Area": "1.08274531709", "walk_score": 56.476095391131366, "total_pois_x": 87, "comprehensive_walk_score": 56.476095391131366, "poi_accessibility_score": 53.533567952875082, "poi_diversity_score": 85.714285714285708, "environmental_score": 46.7586093478618, "green_infrastructure_score": 19.444444444444446, "total_pois_y": 69, "weighted_pois": 10.83, "poi_categories": 6, "raw_gvi": 20.582478841166669, "raw_svf": 27.065260145443052, "green_nodes": 35, "total_nodes": 180, "poi_breakdown": { "Shopping": { "count": 8, "weighted_count": 0.7999999999999999 }, "Food and Drinks": { "count": 10, "weighted_count": 2.9999999999999996 }, "Essential Services": { "count": 35, "weighted_count": 5.949999999999998 }, "Tourism": { "count": 13, "weighted_count": 0.65 }, "Sports": { "count": 2, "weighted_count": 0.2 }, "Entertainment": { "count": 1, "weighted_count": 0.23 } }, "score_components": { "poi_accessibility": 0.5353356795287508, "poi_diversity": 0.8571428571428571, "environmental_quality": 0.467586093478618, "green_infrastructure": 0.19444444444444445 } }, "geometry": { "type": "Polygon", "coordinates": [ [ [ 76.784832065347587, 30.727672132962596 ], [ 76.773394162011002, 30.720548773906842 ], [ 76.773351156430806, 30.720521635964761 ], [ 76.768369679417219, 30.72629928188638 ], [ 76.768330149716689, 30.726347973879971 ], [ 76.775430822474547, 30.73071475977838 ], [ 76.779715511961328, 30.733421225409295 ], [ 76.784832065347587, 30.727672132962596 ] ] ] } },
{ "type": "Feature", "properties": { "sector_name": "19", "Ward_name": "17", "Zone_name": "3", "Area": "1.07352900012", "walk_score": 57.604018065689324, "total_pois_x": 101, "comprehensive_walk_score": 57.604018065689324, "poi_accessibility_score": 54.483202396424666, "poi_diversity_score": 71.428571428571431, "environmental_score": 53.659395450090862, "green_infrastructure_score": 45.38745387453875, "total_pois_y": 86, "weighted_pois": 11.36, "poi_categories": 5, "raw_gvi": 29.388855656169738, "raw_svf": 22.070064755988007, "green_nodes": 123, "total_nodes": 271, "poi_breakdown": { "Shopping": { "count": 48, "weighted_count": 4.799999999999999 }, "Essential Services": { "count": 28, "weighted_count": 4.759999999999999 }, "Food and Drinks": { "count": 5, "weighted_count": 1.5 }, "Tourism": { "count": 4, "weighted_count": 0.2 }, "Sports": { "count": 1, "weighted_count": 0.1 } }, "score_components": { "poi_accessibility": 0.5448320239642467, "poi_diversity": 0.7142857142857143, "environmental_quality": 0.5365939545009086, "green_infrastructure": 0.45387453874538747 } }, "geometry": { "type": "Polygon", "coordinates": [ [ [ 76.801375881291946, 30.729049207255173 ], [ 76.801401593808563, 30.729022581926635 ], [ 76.800605162298439, 30.728567336113716 ], [ 76.790054013881672, 30.721970943804074 ], [ 76.784832065347587, 30.727672132962596 ], [ 76.796109202277918, 30.734695654680763 ], [ 76.801375881291946, 30.729049207255173 ] ] ] } },
{ "type": "Feature", "properties": { "sector_name": "26", "Ward_name": "19", "Zone_name": "1", "Area": "0.959147059529", "walk_score": 54.173600142937197, "total_pois_x": 80, "comprehensive_walk_score": 54.173600142937197, "poi_accessibility_score": 42.379402071327412, "poi_diversity_score": 85.714285714285708, "environmental_score": 50.673071543339198, "green_infrastructure_score": 31.25, "total_pois_y": 36, "weighted_pois": 6.07, "poi_categories": 6, "raw_gvi": 26.033528645783857, "raw_svf": 24.687385559105469, "green_nodes": 30, "total_nodes": 96, "poi_breakdown": { "Food and Drinks": { "count": 7, "weighted_count": 2.1 }, "Tourism": { "count": 5, "weighted_count": 0.25 }, "Essential Services": { "count": 17, "weighted_count": 2.8899999999999992 }, "Shopping": { "count": 4, "weighted_count": 0.4 }, "Entertainment": { "count": 1, "weighted_count": 0.23 }, "Sports": { "count": 2, "weighted_count": 0.2 } }, "score_components": { "poi_accessibility": 0.4237940207132741, "poi_diversity": 0.8571428571428571, "environmental_quality": 0.506730715433392, "green_infrastructure": 0.3125 } }, "geometry": { "type": "Polygon", "coordinates": [ [ [ 76.812352200393775, 30.735269400562458 ], [ 76.813087211805453, 30.734485160262015 ], [ 76.813682285109451, 30.734037847368818 ], [ 76.814081600285689, 30.733813700342072 ], [ 76.815267799769174, 30.733524700504567 ], [ 76.814806184058213, 30.732208718957274 ], [ 76.814744849395353, 30.731779611939594 ], [ 76.814772841693355, 30.731222898318155 ], [ 76.814914135079334, 30.73011868822692 ], [ 76.814916755703791, 30.729690075836395 ], [ 76.814863387235548, 30.729255095346442 ], [ 76.814427553289036, 30.728388557186239 ], [ 76.814109522436567, 30.728070191785946 ], [ 76.8131700393659, 30.727460396580117 ], [ 76.806761062173337, 30.723450306986141 ], [ 76.806309035933339, 30.72394085568601 ], [ 76.801401593808563, 30.729022581926635 ], [ 76.808786240992291, 30.733706551516217 ], [ 76.811960999800363, 30.735700799951978 ], [ 76.812352200393775, 30.735269400562458 ] ] ] } },
{ "type": "Feature", "properties": { "sector_name": "55", "Ward_name": "11", "Zone_name": "6", "Area": "0.648417855247", "walk_score": 50.798003275135393, "total_pois_x": 32, "comprehensive_walk_score": 50.798003275135393, "poi_accessibility_score": 41.820599873447527, "poi_diversity_score": 85.714285714285708, "environmental_score": 44.47781106700068, "green_infrastructure_score": 15.217391304347828, "total_pois_y": 35, "weighted_pois": 5.89, "poi_categories": 6, "raw_gvi": 15.228735882302988, "raw_svf": 26.273113748301629, "green_nodes": 14, "total_nodes": 92, "poi_breakdown": { "Tourism": { "count": 3, "weighted_count": 0.15000000000000002 }, "Shopping": { "count": 5, "weighted_count": 0.5 }, "Food and Drinks": { "count": 7, "weighted_count": 2.1 }, "Essential Services": { "count": 17, "weighted_count": 2.8899999999999992 }, "Sports": { "count": 2, "weighted_count": 0.2 }, "Public Transport": { "count": 1, "weighted_count": 0.05 } }, "score_components": { "poi_accessibility": 0.4182059987344753, "poi_diversity": 0.8571428571428571, "environmental_quality": 0.4447781106700068, "green_infrastructure": 0.15217391304347827 } }, "geometry": { "type": "Polygon", "coordinates": [ [ [ 76.731093429917905, 30.730949012486974 ], [ 76.725301953322557, 30.727355448395258 ], [ 76.724917824997689, 30.728355843447446 ], [ 76.724646566086221, 30.728370120184938 ], [ 76.723847066988569, 30.728370120184938 ], [ 76.723190336165146, 30.728484334084783 ], [ 76.722790586616313, 30.729241002969957 ], [ 76.722547881179807, 30.729312386657398 ], [ 76.722333730117612, 30.729540815356415 ], [ 76.721834043406432, 30.729983395117635 ], [ 76.721205865158595, 30.730254653129808 ], [ 76.720877500196536, 30.7307400631035 ], [ 76.720149384786339, 30.730968491802511 ], [ 76.718985330208852, 30.732428235374805 ], [ 76.72660064810151, 30.737126511379461 ], [ 76.731093429917905, 30.730949012486974 ] ] ] } },
{ "type": "Feature", "properties": { "sector_name": "41", "Ward_name": "10", "Zone_name": "5", "Area": "0.821191997596", "walk_score": 59.103930448567908, "total_pois_x": 101, "comprehensive_walk_score": 59.103930448567908, "poi_accessibility_score": 53.679603259045727, "poi_diversity_score": 100.0, "environmental_score": 45.166037739218751, "green_infrastructure_score": 13.405797101449277, "total_pois_y": 74, "weighted_pois": 10.91, "poi_categories": 7, "raw_gvi": 18.606036642368661, "raw_svf": 28.273961163931162, "green_nodes": 37, "total_nodes": 276, "poi_breakdown": { "Tourism": { "count": 11, "weighted_count": 0.5499999999999999 }, "Shopping": { "count": 29, "weighted_count": 2.9000000000000012 }, "Food and Drinks": { "count": 15, "weighted_count": 4.499999999999999 }, "Sports": { "count": 3, "weighted_count": 0.30000000000000004 }, "Essential Services": { "count": 14, "weighted_count": 2.3799999999999994 }, "Entertainment": { "count": 1, "weighted_count": 0.23 }, "Public Transport": { "count": 1, "weighted_count": 0.05 } }, "score_components": { "poi_accessibility": 0.5367960325904573, "poi_diversity": 1.0, "environmental_quality": 0.4516603773921875, "green_infrastructure": 0.13405797101449277 } }, "geometry": { "type": "Polygon", "coordinates": [ [ [ 76.742458845199621, 30.738020752255967 ], [ 76.746972262859671, 30.732043367807254 ], [ 76.747023270607485, 30.731978081523316 ], [ 76.74615376468455, 30.731469013983887 ], [ 76.745234187208027, 30.73093758120444 ], [ 76.744629272622873, 30.730729116555551 ], [ 76.742806291976862, 30.730482438813567 ], [ 76.73911912644661, 30.730055893065064 ], [ 76.737345475413406, 30.72949070243402 ], [ 76.736694422909352, 30.72917306098805 ], [ 76.734949025876901, 30.728130799796645 ], [ 76.733766928201248, 30.727363091733363 ], [ 76.731093429917905, 30.730949012486974 ], [ 76.742401013396076, 30.738099633591268 ], [ 76.742458845199621, 30.738020752255967 ] ] ] } },
{ "type": "Feature", "properties": { "sector_name": "36", "Ward_name": "4", "Zone_name": "5", "Area": "1.06387242254", "walk_score": 49.033263301739183, "total_pois_x": 49, "comprehensive_walk_score": 49.033263301739183, "poi_accessibility_score": 47.245081706169337, "poi_diversity_score": 57.142857142857139, "environmental_score": 50.064732000895326, "green_infrastructure_score": 33.333333333333329, "total_pois_y": 37, "weighted_pois": 7.85, "poi_categories": 4, "raw_gvi": 25.49716360202439, "raw_svf": 25.367699600233735, "green_nodes": 41, "total_nodes": 123, "poi_breakdown": { "Food and Drinks": { "count": 16, "weighted_count": 4.799999999999999 }, "Shopping": { "count": 4, "weighted_count": 0.4 }, "Essential Services": { "count": 15, "weighted_count": 2.5499999999999994 }, "Tourism": { "count": 2, "weighted_count": 0.1 } }, "score_components": { "poi_accessibility": 0.4724508170616934, "poi_diversity": 0.5714285714285714, "environmental_quality": 0.5006473200089533, "green_infrastructure": 0.3333333333333333 } }, "geometry": { "type": "Polygon", "coordinates": [ [ [ 76.762928638945596, 30.733001439864619 ], [ 76.751720614914518, 30.725968038194473 ], [ 76.751683556550958, 30.726013290281166 ], [ 76.747023270607485, 30.731978081523316 ], [ 76.752686648669965, 30.735543258514614 ], [ 76.758213682315656, 30.738963677931451 ], [ 76.762928638945596, 30.733001439864619 ] ] ] } },
{ "type": "Feature", "properties": { "sector_name": "22", "Ward_name": "3", "Zone_name": "2", "Area": "1.19813257645", "walk_score": 59.595184663466028, "total_pois_x": 147, "comprehensive_walk_score": 59.595184663466028, "poi_accessibility_score": 56.745097180911095, "poi_diversity_score": 85.714285714285708, "environmental_score": 49.789705305105549, "green_infrastructure_score": 30.211480362537763, "total_pois_y": 81, "weighted_pois": 12.72, "poi_categories": 6, "raw_gvi": 23.267062552925605, "raw_svf": 23.687651942714503, "green_nodes": 100, "total_nodes": 331, "poi_breakdown": { "Food and Drinks": { "count": 14, "weighted_count": 4.199999999999999 }, "Shopping": { "count": 13, "weighted_count": 1.3 }, "Tourism": { "count": 13, "weighted_count": 0.65 }, "Sports": { "count": 4, "weighted_count": 0.4 }, "Essential Services": { "count": 36, "weighted_count": 6.119999999999998 }, "Public Transport": { "count": 1, "weighted_count": 0.05 } }, "score_components": { "poi_accessibility": 0.567450971809111, "poi_diversity": 0.8571428571428571, "environmental_quality": 0.49789705305105547, "green_infrastructure": 0.3021148036253776 } }, "geometry": { "type": "Polygon", "coordinates": [ [ [ 76.774247652806991, 30.739739713716855 ], [ 76.774296628086972, 30.739683119380512 ], [ 76.779715511961328, 30.733421225409295 ], [ 76.775430822474547, 30.73071475977838 ], [ 76.768330149716689, 30.726347973879971 ], [ 76.762928638945596, 30.733001439864619 ], [ 76.774108678772564, 30.739909891528324 ], [ 76.774247652806991, 30.739739713716855 ] ] ] } },
{ "type": "Feature", "properties": { "sector_name": "18", "Ward_name": "17", "Zone_name": "2", "Area": "1.07206134942", "walk_score": 54.148176966926357, "total_pois_x": 84, "comprehensive_walk_score": 54.148176966926357, "poi_accessibility_score": 53.715958815449795, "poi_diversity_score": 71.428571428571431, "environmental_score": 48.680967925812155, "green_infrastructure_score": 26.344086021505376, "total_pois_y": 69, "weighted_pois": 10.93, "poi_categories": 5, "raw_gvi": 23.929751816918682, "raw_svf": 26.567815965294358, "green_nodes": 49, "total_nodes": 186, "poi_breakdown": { "Tourism": { "count": 11, "weighted_count": 0.5499999999999999 }, "Essential Services": { "count": 34, "weighted_count": 5.7799999999999985 }, "Food and Drinks": { "count": 11, "weighted_count": 3.2999999999999994 }, "Shopping": { "count": 11, "weighted_count": 1.0999999999999999 }, "Sports": { "count": 2, "weighted_count": 0.2 } }, "score_components": { "poi_accessibility": 0.5371595881544979, "poi_diversity": 0.7142857142857143, "environmental_quality": 0.4868096792581216, "green_infrastructure": 0.26344086021505375 } }, "geometry": { "type": "Polygon", "coordinates": [ [ [ 76.796109202277918, 30.734695654680763 ], [ 76.784832065347587, 30.727672132962596 ], [ 76.779715511961328, 30.733421225409295 ], [ 76.790970562441544, 30.740467815637267 ], [ 76.796109202277918, 30.734695654680763 ] ] ] } },
{ "type": "Feature", "properties": { "sector_name": "7", "Ward_name": "1", "Zone_name": "1", "Area": "1.02438622809", "walk_score": 56.801796950268923, "total_pois_x": 88, "comprehensive_walk_score": 56.801796950268923, "poi_accessibility_score": 56.681833175286968, "poi_diversity_score": 71.428571428571431, "environmental_score": 51.194553521052718, "green_infrastructure_score": 34.732824427480921, "total_pois_y": 70, "weighted_pois": 12.68, "poi_categories": 5, "raw_gvi": 26.200715276728531, "raw_svf": 23.811608234623094, "green_nodes": 91, "total_nodes": 262, "poi_breakdown": { "Essential Services": { "count": 19, "weighted_count": 3.229999999999999 }, "Tourism": { "count": 9, "weighted_count": 0.44999999999999996 }, "Food and Drinks": { "count": 24, "weighted_count": 7.1999999999999975 }, "Shopping": { "count": 15, "weighted_count": 1.5000000000000002 }, "Sports": { "count": 3, "weighted_count": 0.30000000000000004 } }, "score_components": { "poi_accessibility": 0.5668183317528697, "poi_diversity": 0.7142857142857143, "environmental_quality": 0.5119455352105272, "green_infrastructure": 0.3473282442748092 } }, "geometry": { "type": "Polygon", "coordinates": [ [ [ 76.807714200549967, 30.740802300485818 ], [ 76.809076184218597, 30.739191415051835 ], [ 76.811960999800363, 30.735700799951978 ], [ 76.808786240992291, 30.733706551516217 ], [ 76.801401593808563, 30.729022581926635 ], [ 76.801375881291946, 30.729049207255173 ], [ 76.796109202277918, 30.734695654680763 ], [ 76.79612783623071, 30.734707260431776 ], [ 76.807075536207094, 30.741553229897704 ], [ 76.807714200549967, 30.740802300485818 ] ] ] } },
{ "type": "Feature", "properties": { "sector_name": "56", "Ward_name": "11", "Zone_name": "6", "Area": "0.721975627106", "walk_score": 50.103980576306462, "total_pois_x": 47, "comprehensive_walk_score": 50.103980576306462, "poi_accessibility_score": 41.694439944791576, "poi_diversity_score": 85.714285714285708, "environmental_score": 43.752122083247102, "green_infrastructure_score": 10.596026490066226, "total_pois_y": 46, "weighted_pois": 5.85, "poi_categories": 6, "raw_gvi": 14.851308658423013, "raw_svf": 27.347064491928808, "green_nodes": 16, "total_nodes": 151, "poi_breakdown": { "Shopping": { "count": 17, "weighted_count": 1.7000000000000004 }, "Essential Services": { "count": 10, "weighted_count": 1.6999999999999997 }, "Sports": { "count": 5, "weighted_count": 0.5 }, "Food and Drinks": { "count": 5, "weighted_count": 1.5 }, "Tourism": { "count": 8, "weighted_count": 0.39999999999999997 }, "Public Transport": { "count": 1, "weighted_count": 0.05 } }, "score_components": { "poi_accessibility": 0.4169443994479157, "poi_diversity": 0.8571428571428571, "environmental_quality": 0.437521220832471, "green_infrastructure": 0.10596026490066225 } }, "geometry": { "type": "Polygon", "coordinates": [ [ [ 76.72660064810151, 30.737126511379461 ], [ 76.718985330208852, 30.732428235374805 ], [ 76.717472491562319, 30.73418076403107 ], [ 76.716923311561629, 30.735765485488798 ], [ 76.716247544788416, 30.736641126586786 ], [ 76.715172028466384, 30.737945071607843 ], [ 76.714642566101574, 30.738654992833691 ], [ 76.715129375420418, 30.738961246164649 ], [ 76.721728956726039, 30.743113064416427 ], [ 76.722232254215214, 30.743362986912359 ], [ 76.72660064810151, 30.737126511379461 ] ] ] } },
{ "type": "Feature", "properties": { "sector_name": "6", "Ward_name": "1", "Zone_name": "1", "Area": "0.483610870139", "walk_score": 37.710629366544396, "total_pois_x": 6, "comprehensive_walk_score": 37.710629366544396, "poi_accessibility_score": 18.697018896867942, "poi_diversity_score": 57.142857142857139, "environmental_score": 51.476737780639425, "green_infrastructure_score": 30.76923076923077, "total_pois_y": 11, "weighted_pois": 1.37, "poi_categories": 4, "raw_gvi": 28.021866236592953, "raw_svf": 25.068390675314106, "green_nodes": 12, "total_nodes": 39, "poi_breakdown": { "Sports": { "count": 1, "weighted_count": 0.1 }, "Shopping": { "count": 1, "weighted_count": 0.1 }, "Essential Services": { "count": 6, "weighted_count": 1.02 }, "Tourism": { "count": 3, "weighted_count": 0.15000000000000002 } }, "score_components": { "poi_accessibility": 0.18697018896867942, "poi_diversity": 0.5714285714285714, "environmental_quality": 0.5147673778063943, "green_infrastructure": 0.3076923076923077 } }, "geometry": { "type": "Polygon", "coordinates": [ [ [ 76.812080294869759, 30.742302714099022 ], [ 76.812996386574014, 30.741208162726593 ], [ 76.81461442071901, 30.73931649096334 ], [ 76.81588743175962, 30.738138657872806 ], [ 76.817087156147394, 30.737346773334991 ], [ 76.815267799769174, 30.733524700504567 ], [ 76.814081600285689, 30.733813700342072 ], [ 76.813682285109451, 30.734037847368818 ], [ 76.813087211805453, 30.734485160262015 ], [ 76.812352200393775, 30.735269400562458 ], [ 76.811960999800363, 30.735700799951978 ], [ 76.809076184218597, 30.739191415051835 ], [ 76.807714200549967, 30.740802300485818 ], [ 76.807075536207094, 30.741553229897704 ], [ 76.810400096887008, 30.743687009947624 ], [ 76.810629100252797, 30.743854100386493 ], [ 76.812080294869759, 30.742302714099022 ] ] ] } },
{ "type": "Feature", "properties": { "sector_name": "40", "Ward_name": "9", "Zone_name": "5", "Area": "1.06982262205", "walk_score": 53.97671715530057, "total_pois_x": 95, "comprehensive_walk_score": 53.97671715530057, "poi_accessibility_score": 58.195762870200042, "poi_diversity_score": 71.428571428571431, "environmental_score": 45.831479762366101, "green_infrastructure_score": 13.83399209486166, "total_pois_y": 79, "weighted_pois": 13.67, "poi_categories": 5, "raw_gvi": 18.763123764988634, "raw_svf": 27.100164240256422, "green_nodes": 35, "total_nodes": 253, "poi_breakdown": { "Tourism": { "count": 12, "weighted_count": 0.6 }, "Essential Services": { "count": 31, "weighted_count": 5.269999999999999 }, "Shopping": { "count": 11, "weighted_count": 1.0999999999999999 }, "Food and Drinks": { "count": 21, "weighted_count": 6.299999999999998 }, "Sports": { "count": 4, "weighted_count": 0.4 } }, "score_components": { "poi_accessibility": 0.5819576287020004, "poi_diversity": 0.7142857142857143, "environmental_quality": 0.458314797623661, "green_infrastructure": 0.1383399209486166 } }, "geometry": { "type": "Polygon", "coordinates": [ [ [ 76.742401013396076, 30.738099633591268 ], [ 76.731093429917905, 30.730949012486974 ], [ 76.72660064810151, 30.737126511379461 ], [ 76.737981279012885, 30.744128046472213 ], [ 76.742401013396076, 30.738099633591268 ] ] ] } },
{ "type": "Feature", "properties": { "sector_name": "37", "Ward_name": "8", "Zone_name": "5", "Area": "1.06948183887", "walk_score": 55.879917203242776, "total_pois_x": 103, "comprehensive_walk_score": 55.879917203242776, "poi_accessibility_score": 58.032678301576432, "poi_diversity_score": 71.428571428571431, "environmental_score": 49.15477848843198, "green_infrastructure_score": 25.210084033613445, "total_pois_y": 78, "weighted_pois": 13.56, "poi_categories": 5, "raw_gvi": 23.153942973521531, "raw_svf": 24.844385996657564, "green_nodes": 60, "total_nodes": 238, "poi_breakdown": { "Essential Services": { "count": 38, "weighted_count": 6.459999999999998 }, "Shopping": { "count": 15, "weighted_count": 1.5000000000000002 }, "Tourism": { "count": 6, "weighted_count": 0.3 }, "Food and Drinks": { "count": 17, "weighted_count": 5.099999999999999 }, "Sports": { "count": 2, "weighted_count": 0.2 } }, "score_components": { "poi_accessibility": 0.5803267830157643, "poi_diversity": 0.7142857142857143, "environmental_quality": 0.4915477848843198, "green_infrastructure": 0.25210084033613445 } }, "geometry": { "type": "Polygon", "coordinates": [ [ [ 76.757026928849768, 30.740582590714034 ], [ 76.758213682315656, 30.738963677931451 ], [ 76.752686648669965, 30.735543258514614 ], [ 76.747023270607485, 30.731978081523316 ], [ 76.746972262859671, 30.732043367807254 ], [ 76.742458845199621, 30.738020752255967 ], [ 76.742401013396076, 30.738099633591268 ], [ 76.753587629065848, 30.745065817233755 ], [ 76.753626014828797, 30.745089624086916 ], [ 76.757026928849768, 30.740582590714034 ] ] ] } },
{ "type": "Feature", "properties": { "sector_name": "23", "Ward_name": "4", "Zone_name": "5", "Area": "1.17491889131", "walk_score": 54.200285333958043, "total_pois_x": 69, "comprehensive_walk_score": 54.200285333958043, "poi_accessibility_score": 46.140105468844887, "poi_diversity_score": 85.714285714285708, "environmental_score": 48.326516658628663, "green_infrastructure_score": 22.340425531914892, "total_pois_y": 51, "weighted_pois": 7.41, "poi_categories": 6, "raw_gvi": 22.650536070642953, "raw_svf": 25.997502753385639, "green_nodes": 42, "total_nodes": 188, "poi_breakdown": { "Essential Services": { "count": 18, "weighted_count": 3.059999999999999 }, "Tourism": { "count": 6, "weighted_count": 0.3 }, "Sports": { "count": 4, "weighted_count": 0.4 }, "Food and Drinks": { "count": 7, "weighted_count": 2.1 }, "Shopping": { "count": 15, "weighted_count": 1.5000000000000002 }, "Public Transport": { "count": 1, "weighted_count": 0.05 } }, "score_components": { "poi_accessibility": 0.4614010546884489, "poi_diversity": 0.8571428571428571, "environmental_quality": 0.4832651665862866, "green_infrastructure": 0.22340425531914893 } }, "geometry": { "type": "Polygon", "coordinates": [ [ [ 76.774108678772564, 30.739909891528324 ], [ 76.762928638945596, 30.733001439864619 ], [ 76.758213682315656, 30.738963677931451 ], [ 76.758460600176591, 30.739226500302788 ], [ 76.760586879880634, 30.741463256324259 ], [ 76.762284030084004, 30.743216517028706 ], [ 76.763212643948407, 30.743968113737537 ], [ 76.76388691424971, 30.744357990528897 ], [ 76.764929947059443, 30.744831962025494 ], [ 76.765586355026301, 30.745025973669776 ], [ 76.766678767810959, 30.745215800768616 ], [ 76.767500222956983, 30.745286025229916 ], [ 76.768130957977391, 30.745294387126307 ], [ 76.768579325775292, 30.745454898125104 ], [ 76.769277731182399, 30.745825524928076 ], [ 76.774108678772564, 30.739909891528324 ] ] ] } },
{ "type": "Feature", "properties": { "sector_name": "17", "Ward_name": "3", "Zone_name": "2", "Area": "1.13741253457", "walk_score": 56.027799606112325, "total_pois_x": 124, "comprehensive_walk_score": 56.027799606112325, "poi_accessibility_score": 56.618383916087701, "poi_diversity_score": 71.428571428571431, "environmental_score": 48.935317993295435, "green_infrastructure_score": 32.894736842105267, "total_pois_y": 86, "weighted_pois": 12.64, "poi_categories": 5, "raw_gvi": 23.490403828212582, "raw_svf": 25.619767841621709, "green_nodes": 100, "total_nodes": 304, "poi_breakdown": { "Sports": { "count": 4, "weighted_count": 0.4 }, "Shopping": { "count": 40, "weighted_count": 4.000000000000002 }, "Tourism": { "count": 6, "weighted_count": 0.3 }, "Essential Services": { "count": 22, "weighted_count": 3.739999999999999 }, "Food and Drinks": { "count": 14, "weighted_count": 4.199999999999999 } }, "score_components": { "poi_accessibility": 0.566183839160877, "poi_diversity": 0.7142857142857143, "environmental_quality": 0.48935317993295435, "green_infrastructure": 0.32894736842105265 } }, "geometry": { "type": "Polygon", "coordinates": [ [ [ 76.790970562441544, 30.740467815637267 ], [ 76.779715511961328, 30.733421225409295 ], [ 76.774296628086972, 30.739683119380512 ], [ 76.775415011493635, 30.740253106096031 ], [ 76.785649359330534, 30.746628781393206 ], [ 76.790970562441544, 30.740467815637267 ] ] ] } },
{ "type": "Feature", "properties": { "sector_name": "8", "Ward_name": "1", "Zone_name": "1", "Area": "1.05540874546", "walk_score": 54.188999968033549, "total_pois_x": 78, "comprehensive_walk_score": 54.188999968033549, "poi_accessibility_score": 53.275613638077111, "poi_diversity_score": 71.428571428571431, "environmental_score": 49.354739305566156, "green_infrastructure_score": 26.829268292682929, "total_pois_y": 60, "weighted_pois": 10.69, "poi_categories": 5, "raw_gvi": 24.633580649912805, "raw_svf": 25.924102038780486, "green_nodes": 55, "total_nodes": 205, "poi_breakdown": { "Sports": { "count": 4, "weighted_count": 0.4 }, "Tourism": { "count": 15, "weighted_count": 0.7500000000000001 }, "Essential Services": { "count": 12, "weighted_count": 2.0399999999999996 }, "Food and Drinks": { "count": 23, "weighted_count": 6.899999999999998 }, "Shopping": { "count": 6, "weighted_count": 0.6 } }, "score_components": { "poi_accessibility": 0.5327561363807711, "poi_diversity": 0.7142857142857143, "environmental_quality": 0.4935473930556616, "green_infrastructure": 0.2682926829268293 } }, "geometry": { "type": "Polygon", "coordinates": [ [ [ 76.807075536207094, 30.741553229897704 ], [ 76.79612783623071, 30.734707260431776 ], [ 76.796109202277918, 30.734695654680763 ], [ 76.790970562441544, 30.740467815637267 ], [ 76.80139130016839, 30.74697550061893 ], [ 76.802149899898026, 30.747446180596793 ], [ 76.807075536207094, 30.741553229897704 ] ] ] } },
{ "type": "Feature", "properties": { "sector_name": "5", "Ward_name": "1", "Zone_name": "1", "Area": "0.341779223824", "walk_score": 26.229032211144343, "total_pois_x": 6, "comprehensive_walk_score": 26.229032211144343, "poi_accessibility_score": 12.371931447990333, "poi_diversity_score": 42.857142857142854, "environmental_score": 42.263895670650001, "green_infrastructure_score": 0.0, "total_pois_y": 7, "weighted_pois": 0.77, "poi_categories": 3, "raw_gvi": 18.383382161966669, "raw_svf": 33.855590820666663, "green_nodes": 0, "total_nodes": 30, "poi_breakdown": { "Tourism": { "count": 4, "weighted_count": 0.2 }, "Essential Services": { "count": 2, "weighted_count": 0.34 }, "Entertainment": { "count": 1, "weighted_count": 0.23 } }, "score_components": { "poi_accessibility": 0.12371931447990334, "poi_diversity": 0.42857142857142855, "environmental_quality": 0.4226389567065, "green_infrastructure": 0.0 } }, "geometry": { "type": "Polygon", "coordinates": [ [ [ 76.810629100252797, 30.743854100386493 ], [ 76.810400096887008, 30.743687009947624 ], [ 76.807075536207094, 30.741553229897704 ], [ 76.802149899898026, 30.747446180596793 ], [ 76.8057777002807, 30.749688900022761 ], [ 76.810629100252797, 30.743854100386493 ] ] ] } },
{ "type": "Feature", "properties": { "sector_name": "39", "Ward_name": "9", "Zone_name": "5", "Area": "1.07616759222", "walk_score": 50.782907385256294, "total_pois_x": 35, "comprehensive_walk_score": 50.782907385256294, "poi_accessibility_score": 34.959649001927303, "poi_diversity_score": 85.714285714285708, "environmental_score": 48.969084910835257, "green_infrastructure_score": 31.282051282051281, "total_pois_y": 26, "weighted_pois": 4.02, "poi_categories": 6, "raw_gvi": 25.028702173461539, "raw_svf": 27.090532351791023, "green_nodes": 61, "total_nodes": 195, "poi_breakdown": { "Essential Services": { "count": 6, "weighted_count": 1.02 }, "Tourism": { "count": 4, "weighted_count": 0.2 }, "Shopping": { "count": 4, "weighted_count": 0.4 }, "Food and Drinks": { "count": 7, "weighted_count": 2.1 }, "Public Transport": { "count": 4, "weighted_count": 0.2 }, "Sports": { "count": 1, "weighted_count": 0.1 } }, "score_components": { "poi_accessibility": 0.34959649001927307, "poi_diversity": 0.8571428571428571, "environmental_quality": 0.4896908491083526, "green_infrastructure": 0.3128205128205128 } }, "geometry": { "type": "Polygon", "coordinates": [ [ [ 76.737981279012885, 30.744128046472213 ], [ 76.72660064810151, 30.737126511379461 ], [ 76.722232254215214, 30.743362986912359 ], [ 76.722722489951011, 30.743606423497688 ], [ 76.733614812373716, 30.750382924832206 ], [ 76.737981279012885, 30.744128046472213 ] ] ] } },
{ "type": "Feature", "properties": { "sector_name": "38", "Ward_name": "8", "Zone_name": "5", "Area": "1.05435257405", "walk_score": 55.9501650903415, "total_pois_x": 101, "comprehensive_walk_score": 55.9501650903415, "poi_accessibility_score": 60.558317404189502, "poi_diversity_score": 71.428571428571431, "environmental_score": 47.39658930526948, "green_infrastructure_score": 20.205479452054796, "total_pois_y": 87, "weighted_pois": 15.36, "poi_categories": 5, "raw_gvi": 21.324324934864723, "raw_svf": 26.531146324325771, "green_nodes": 59, "total_nodes": 292, "poi_breakdown": { "Shopping": { "count": 12, "weighted_count": 1.2 }, "Food and Drinks": { "count": 20, "weighted_count": 5.999999999999998 }, "Essential Services": { "count": 43, "weighted_count": 7.309999999999998 }, "Tourism": { "count": 7, "weighted_count": 0.35 }, "Sports": { "count": 5, "weighted_count": 0.5 } }, "score_components": { "poi_accessibility": 0.605583174041895, "poi_diversity": 0.7142857142857143, "environmental_quality": 0.47396589305269476, "green_infrastructure": 0.20205479452054795 } }, "geometry": { "type": "Polygon", "coordinates": [ [ [ 76.753626014828797, 30.745089624086916 ], [ 76.753587629065848, 30.745065817233755 ], [ 76.742401013396076, 30.738099633591268 ], [ 76.737981279012885, 30.744128046472213 ], [ 76.74326133004638, 30.747449667268366 ], [ 76.749235668491337, 30.7512080564067 ], [ 76.749249933537669, 30.751216932715352 ], [ 76.753626014828797, 30.745089624086916 ] ] ] } },
{ "type": "Feature", "properties": { "sector_name": "24", "Ward_name": "4", "Zone_name": "5", "Area": "0.920078749636", "walk_score": 54.748649198991785, "total_pois_x": 75, "comprehensive_walk_score": 54.748649198991785, "poi_accessibility_score": 50.825207573559283, "poi_diversity_score": 71.428571428571431, "environmental_score": 51.414232575543537, "green_infrastructure_score": 37.078651685393261, "total_pois_y": 67, "weighted_pois": 9.44, "poi_categories": 5, "raw_gvi": 26.494024041139046, "raw_svf": 23.665558890051972, "green_nodes": 66, "total_nodes": 178, "poi_breakdown": { "Shopping": { "count": 10, "weighted_count": 0.9999999999999999 }, "Tourism": { "count": 19, "weighted_count": 0.9500000000000003 }, "Essential Services": { "count": 27, "weighted_count": 4.589999999999999 }, "Food and Drinks": { "count": 9, "weighted_count": 2.6999999999999997 }, "Sports": { "count": 2, "weighted_count": 0.2 } }, "score_components": { "poi_accessibility": 0.5082520757355928, "poi_diversity": 0.7142857142857143, "environmental_quality": 0.5141423257554354, "green_infrastructure": 0.3707865168539326 } }, "geometry": { "type": "Polygon", "coordinates": [ [ [ 76.769277731182399, 30.745825524928076 ], [ 76.768579325775292, 30.745454898125104 ], [ 76.768130957977391, 30.745294387126307 ], [ 76.767500222956983, 30.745286025229916 ], [ 76.766678767810959, 30.745215800768616 ], [ 76.765586355026301, 30.745025973669776 ], [ 76.764929947059443, 30.744831962025494 ], [ 76.76388691424971, 30.744357990528897 ], [ 76.763212643948407, 30.743968113737537 ], [ 76.762284030084004, 30.743216517028706 ], [ 76.760586879880634, 30.741463256324259 ], [ 76.758460600176591, 30.739226500302788 ], [ 76.758213682315656, 30.738963677931451 ], [ 76.757026928849768, 30.740582590714034 ], [ 76.753626014828797, 30.745089624086916 ], [ 76.764520561274921, 30.751846459046874 ], [ 76.769277731182399, 30.745825524928076 ] ] ] } },
{ "type": "Feature", "properties": { "sector_name": "16", "Ward_name": "3", "Zone_name": "2", "Area": "1.12924147041", "walk_score": 56.784913340193675, "total_pois_x": 85, "comprehensive_walk_score": 56.784913340193675, "poi_accessibility_score": 52.21194455257028, "poi_diversity_score": 85.714285714285708, "environmental_score": 48.431710907831068, "green_infrastructure_score": 23.636363636363637, "total_pois_y": 60, "weighted_pois": 10.13, "poi_categories": 6, "raw_gvi": 24.478500828503034, "raw_svf": 27.615079012840908, "green_nodes": 39, "total_nodes": 165, "poi_breakdown": { "Essential Services": { "count": 35, "weighted_count": 5.949999999999998 }, "Shopping": { "count": 7, "weighted_count": 0.7 }, "Sports": { "count": 3, "weighted_count": 0.30000000000000004 }, "Tourism": { "count": 5, "weighted_count": 0.25 }, "Food and Drinks": { "count": 9, "weighted_count": 2.6999999999999997 }, "Entertainment": { "count": 1, "weighted_count": 0.23 } }, "score_components": { "poi_accessibility": 0.5221194455257028, "poi_diversity": 0.8571428571428571, "environmental_quality": 0.48431710907831066, "green_infrastructure": 0.23636363636363636 } }, "geometry": { "type": "Polygon", "coordinates": [ [ [ 76.785649359330534, 30.746628781393206 ], [ 76.775415011493635, 30.740253106096031 ], [ 76.774296628086972, 30.739683119380512 ], [ 76.774247652806991, 30.739739713716855 ], [ 76.774108678772564, 30.739909891528324 ], [ 76.769277731182399, 30.745825524928076 ], [ 76.780552527177463, 30.752904414307352 ], [ 76.785649359330534, 30.746628781393206 ] ] ] } },
{ "type": "Feature", "properties": { "sector_name": "9", "Ward_name": "1", "Zone_name": "1", "Area": "1.13581696037", "walk_score": 53.396792641325817, "total_pois_x": 84, "comprehensive_walk_score": 53.396792641325817, "poi_accessibility_score": 49.608668833038379, "poi_diversity_score": 71.428571428571431, "environmental_score": 50.325712610427772, "green_infrastructure_score": 31.147540983606557, "total_pois_y": 46, "weighted_pois": 8.87, "poi_categories": 5, "raw_gvi": 25.151937516102461, "raw_svf": 24.500512295246924, "green_nodes": 38, "total_nodes": 122, "poi_breakdown": { "Food and Drinks": { "count": 19, "weighted_count": 5.699999999999998 }, "Tourism": { "count": 6, "weighted_count": 0.3 }, "Essential Services": { "count": 11, "weighted_count": 1.8699999999999997 }, "Shopping": { "count": 9, "weighted_count": 0.8999999999999999 }, "Sports": { "count": 1, "weighted_count": 0.1 } }, "score_components": { "poi_accessibility": 0.4960866883303838, "poi_diversity": 0.7142857142857143, "environmental_quality": 0.5032571261042778, "green_infrastructure": 0.3114754098360656 } }, "geometry": { "type": "Polygon", "coordinates": [ [ [ 76.797007300346692, 30.753607200312107 ], [ 76.801652300513283, 30.748041500315026 ], [ 76.802149899898026, 30.747446180596793 ], [ 76.80139130016839, 30.74697550061893 ], [ 76.790970562441544, 30.740467815637267 ], [ 76.785649359330534, 30.746628781393206 ], [ 76.786734737618076, 30.747351589004673 ], [ 76.796922145340773, 30.753702496073394 ], [ 76.797007300346692, 30.753607200312107 ] ] ] } },
{ "type": "Feature", "properties": { "sector_name": "38W", "Ward_name": "8", "Zone_name": "5", "Area": "0.581259051135", "walk_score": 43.029727864607842, "total_pois_x": 35, "comprehensive_walk_score": 43.029727864607842, "poi_accessibility_score": 32.924670100405486, "poi_diversity_score": 71.428571428571431, "environmental_score": 43.277140058560278, "green_infrastructure_score": 11.834319526627219, "total_pois_y": 30, "weighted_pois": 3.57, "poi_categories": 5, "raw_gvi": 17.839312130285503, "raw_svf": 31.28503201316494, "green_nodes": 20, "total_nodes": 169, "poi_breakdown": { "Tourism": { "count": 12, "weighted_count": 0.6 }, "Essential Services": { "count": 11, "weighted_count": 1.8699999999999997 }, "Shopping": { "count": 3, "weighted_count": 0.30000000000000004 }, "Food and Drinks": { "count": 2, "weighted_count": 0.6 }, "Sports": { "count": 2, "weighted_count": 0.2 } }, "score_components": { "poi_accessibility": 0.32924670100405484, "poi_diversity": 0.7142857142857143, "environmental_quality": 0.43277140058560276, "green_infrastructure": 0.11834319526627218 } }, "geometry": { "type": "Polygon", "coordinates": [ [ [ 76.737425974629105, 30.753228882506953 ], [ 76.738258785514574, 30.752693503502424 ], [ 76.73968646196073, 30.751355056890414 ], [ 76.74132234225236, 30.749897636266958 ], [ 76.742631045586322, 30.748559189654934 ], [ 76.74326133004638, 30.747449667268366 ], [ 76.737981279012885, 30.744128046472213 ], [ 76.733614812373716, 30.750382924832206 ], [ 76.733142944391432, 30.751087367388156 ], [ 76.73323217422552, 30.753912977002368 ], [ 76.737277258238905, 30.754002206836446 ], [ 76.737425974629105, 30.753228882506953 ] ] ] } },
{ "type": "Feature", "properties": { "sector_name": "4", "Ward_name": "1", "Zone_name": "1", "Area": "0.365939070858", "walk_score": 39.408145257246964, "total_pois_x": 5, "comprehensive_walk_score": 39.408145257246964, "poi_accessibility_score": 17.762912766889034, "poi_diversity_score": 85.714285714285708, "environmental_score": 42.497634887679681, "green_infrastructure_score": 2.5, "total_pois_y": 10, "weighted_pois": 1.27, "poi_categories": 6, "raw_gvi": 18.625640869328123, "raw_svf": 33.630371093968755, "green_nodes": 1, "total_nodes": 40, "poi_breakdown": { "Tourism": { "count": 4, "weighted_count": 0.2 }, "Sports": { "count": 1, "weighted_count": 0.1 }, "Essential Services": { "count": 2, "weighted_count": 0.34 }, "Shopping": { "count": 1, "weighted_count": 0.1 }, "Entertainment": { "count": 1, "weighted_count": 0.23 }, "Food and Drinks": { "count": 1, "weighted_count": 0.3 } }, "score_components": { "poi_accessibility": 0.17762912766889036, "poi_diversity": 0.8571428571428571, "environmental_quality": 0.4249763488767968, "green_infrastructure": 0.025 } }, "geometry": { "type": "Polygon", "coordinates": [ [ [ 76.800633999959189, 30.755857599948335 ], [ 76.803583767277061, 30.752320024949253 ], [ 76.8057777002807, 30.749688900022761 ], [ 76.802149899898026, 30.747446180596793 ], [ 76.801652300513283, 30.748041500315026 ], [ 76.797007300346692, 30.753607200312107 ], [ 76.796922145340773, 30.753702496073394 ], [ 76.800534424324269, 30.755953747367577 ], [ 76.800633999959189, 30.755857599948335 ] ] ] } },
{ "type": "Feature", "properties": { "sector_name": "25", "Ward_name": "5", "Zone_name": "5", "Area": "1.0183014661", "walk_score": 45.092113817079266, "total_pois_x": 27, "comprehensive_walk_score": 45.092113817079266, "poi_accessibility_score": 31.955027040482896, "poi_diversity_score": 71.428571428571431, "environmental_score": 46.75656419306344, "green_infrastructure_score": 27.638190954773869, "total_pois_y": 21, "weighted_pois": 3.37, "poi_categories": 5, "raw_gvi": 20.823539082159552, "raw_svf": 27.310410696032669, "green_nodes": 55, "total_nodes": 199, "poi_breakdown": { "Essential Services": { "count": 11, "weighted_count": 1.8699999999999997 }, "Food and Drinks": { "count": 3, "weighted_count": 0.8999999999999999 }, "Tourism": { "count": 2, "weighted_count": 0.1 }, "Shopping": { "count": 4, "weighted_count": 0.4 }, "Sports": { "count": 1, "weighted_count": 0.1 } }, "score_components": { "poi_accessibility": 0.319550270404829, "poi_diversity": 0.7142857142857143, "environmental_quality": 0.46756564193063443, "green_infrastructure": 0.27638190954773867 } }, "geometry": { "type": "Polygon", "coordinates": [ [ [ 76.764520561274921, 30.751846459046874 ], [ 76.753626014828797, 30.745089624086916 ], [ 76.749249933537669, 30.751216932715352 ], [ 76.760017100009236, 30.757916600470764 ], [ 76.764520561274921, 30.751846459046874 ] ] ] } },
{ "type": "Feature", "properties": { "sector_name": "15", "Ward_name": "2", "Zone_name": "2", "Area": "1.07519463166", "walk_score": 62.62767099419456, "total_pois_x": 111, "comprehensive_walk_score": 62.62767099419456, "poi_accessibility_score": 57.83834599865969, "poi_diversity_score": 100.0, "environmental_score": 48.683616093208428, "green_infrastructure_score": 23.214285714285715, "total_pois_y": 83, "weighted_pois": 13.43, "poi_categories": 7, "raw_gvi": 22.050258091545761, "raw_svf": 24.683025905128908, "green_nodes": 52, "total_nodes": 224, "poi_breakdown": { "Essential Services": { "count": 35, "weighted_count": 5.949999999999998 }, "Tourism": { "count": 8, "weighted_count": 0.39999999999999997 }, "Shopping": { "count": 20, "weighted_count": 2.0000000000000004 }, "Food and Drinks": { "count": 15, "weighted_count": 4.499999999999999 }, "Entertainment": { "count": 1, "weighted_count": 0.23 }, "Sports": { "count": 3, "weighted_count": 0.30000000000000004 }, "Public Transport": { "count": 1, "weighted_count": 0.05 } }, "score_components": { "poi_accessibility": 0.5783834599865969, "poi_diversity": 1.0, "environmental_quality": 0.48683616093208426, "green_infrastructure": 0.23214285714285715 } }, "geometry": { "type": "Polygon", "coordinates": [ [ [ 76.780552527177463, 30.752904414307352 ], [ 76.769277731182399, 30.745825524928076 ], [ 76.764520561274921, 30.751846459046874 ], [ 76.77586981663876, 30.758896126754902 ], [ 76.780552527177463, 30.752904414307352 ] ] ] } },
{ "type": "Feature", "properties": { "sector_name": "10", "Ward_name": "1", "Zone_name": "1", "Area": "1.12478757715", "walk_score": 58.062456759779423, "total_pois_x": 68, "comprehensive_walk_score": 58.062456759779423, "poi_accessibility_score": 53.842725032211128, "poi_diversity_score": 85.714285714285708, "environmental_score": 49.011034484303323, "green_infrastructure_score": 28.440366972477065, "total_pois_y": 54, "weighted_pois": 11.0, "poi_categories": 6, "raw_gvi": 24.719966223480505, "raw_svf": 26.697897254873855, "green_nodes": 31, "total_nodes": 109, "poi_breakdown": { "Tourism": { "count": 6, "weighted_count": 0.3 }, "Food and Drinks": { "count": 23, "weighted_count": 6.899999999999998 }, "Sports": { "count": 3, "weighted_count": 0.30000000000000004 }, "Entertainment": { "count": 3, "weighted_count": 0.6900000000000001 }, "Essential Services": { "count": 13, "weighted_count": 2.2099999999999995 }, "Shopping": { "count": 6, "weighted_count": 0.6 } }, "score_components": { "poi_accessibility": 0.5384272503221113, "poi_diversity": 0.8571428571428571, "environmental_quality": 0.49011034484303323, "green_infrastructure": 0.28440366972477066 } }, "geometry": { "type": "Polygon", "coordinates": [ [ [ 76.791815700334382, 30.759807300066882 ], [ 76.796823399780109, 30.753813000269815 ], [ 76.796922145340773, 30.753702496073394 ], [ 76.786734737618076, 30.747351589004673 ], [ 76.785649359330534, 30.746628781393206 ], [ 76.780552527177463, 30.752904414307352 ], [ 76.791732540024768, 30.759900323241375 ], [ 76.791815700334382, 30.759807300066882 ] ] ] } },
{ "type": "Feature", "properties": { "sector_name": "25W", "Ward_name": "5", "Zone_name": "2", "Area": "0.531595929142", "walk_score": 35.820345655554178, "total_pois_x": 8, "comprehensive_walk_score": 35.820345655554178, "poi_accessibility_score": 14.691567430918697, "poi_diversity_score": 71.428571428571431, "environmental_score": 41.679636637508679, "green_infrastructure_score": 16.666666666666664, "total_pois_y": 8, "weighted_pois": 0.97, "poi_categories": 5, "raw_gvi": 17.381795247170139, "raw_svf": 34.022521972152774, "green_nodes": 6, "total_nodes": 36, "poi_breakdown": { "Tourism": { "count": 2, "weighted_count": 0.1 }, "Essential Services": { "count": 1, "weighted_count": 0.17 }, "Shopping": { "count": 1, "weighted_count": 0.1 }, "Food and Drinks": { "count": 1, "weighted_count": 0.3 }, "Sports": { "count": 3, "weighted_count": 0.30000000000000004 } }, "score_components": { "poi_accessibility": 0.14691567430918698, "poi_diversity": 0.7142857142857143, "environmental_quality": 0.4167963663750868, "green_infrastructure": 0.16666666666666666 } }, "geometry": { "type": "Polygon", "coordinates": [ [ [ 76.760017100009236, 30.757916600470764 ], [ 76.749249933537669, 30.751216932715352 ], [ 76.747631878708319, 30.753407382644635 ], [ 76.747047566691876, 30.753936035619578 ], [ 76.748879844529242, 30.755120267386477 ], [ 76.751156762474693, 30.756591877513188 ], [ 76.757308859116606, 30.761852865617303 ], [ 76.760017100009236, 30.757916600470764 ] ] ] } },
{ "type": "Feature", "properties": { "sector_name": "3", "Ward_name": "1", "Zone_name": "1", "Area": "0.362174464772", "walk_score": 37.349016904760163, "total_pois_x": 4, "comprehensive_walk_score": 37.349016904760163, "poi_accessibility_score": 17.952983341228894, "poi_diversity_score": 71.428571428571431, "environmental_score": 44.423445736069276, "green_infrastructure_score": 12.048192771084338, "total_pois_y": 9, "weighted_pois": 1.29, "poi_categories": 5, "raw_gvi": 20.219623611634034, "raw_svf": 31.372732139495483, "green_nodes": 10, "total_nodes": 83, "poi_breakdown": { "Essential Services": { "count": 2, "weighted_count": 0.34 }, "Food and Drinks": { "count": 2, "weighted_count": 0.6 }, "Tourism": { "count": 3, "weighted_count": 0.15000000000000002 }, "Shopping": { "count": 1, "weighted_count": 0.1 }, "Sports": { "count": 1, "weighted_count": 0.1 } }, "score_components": { "poi_accessibility": 0.17952983341228895, "poi_diversity": 0.7142857142857143, "environmental_quality": 0.4442344573606928, "green_infrastructure": 0.12048192771084337 } }, "geometry": { "type": "Polygon", "coordinates": [ [ [ 76.795315000187131, 30.762155700625158 ], [ 76.79698510777655, 30.760163878560213 ], [ 76.800433600430381, 30.756051100777711 ], [ 76.800534424324269, 30.755953747367577 ], [ 76.796922145340773, 30.753702496073394 ], [ 76.796823399780109, 30.753813000269815 ], [ 76.791815700334382, 30.759807300066882 ], [ 76.791732540024768, 30.759900323241375 ], [ 76.795270874051653, 30.762208778612315 ], [ 76.795315000187131, 30.762155700625158 ] ] ] } },
{ "type": "Feature", "properties": { "sector_name": "1", "Ward_name": "1", "Zone_name": "1", "Area": "0.999698331352", "walk_score": 42.90235572399019, "total_pois_x": 23, "comprehensive_walk_score": 42.90235572399019, "poi_accessibility_score": 31.504117916054735, "poi_diversity_score": 71.428571428571431, "environmental_score": 43.687306279962634, "green_infrastructure_score": 15.217391304347828, "total_pois_y": 17, "weighted_pois": 3.28, "poi_categories": 5, "raw_gvi": 19.552811332771739, "raw_svf": 32.178198772846471, "green_nodes": 14, "total_nodes": 92, "poi_breakdown": { "Tourism": { "count": 3, "weighted_count": 0.15000000000000002 }, "Entertainment": { "count": 4, "weighted_count": 0.92 }, "Essential Services": { "count": 3, "weighted_count": 0.51 }, "Food and Drinks": { "count": 5, "weighted_count": 1.5 }, "Shopping": { "count": 2, "weighted_count": 0.2 } }, "score_components": { "poi_accessibility": 0.31504117916054736, "poi_diversity": 0.7142857142857143, "environmental_quality": 0.43687306279962634, "green_infrastructure": 0.15217391304347827 } }, "geometry": { "type": "Polygon", "coordinates": [ [ [ 76.805236507159123, 30.764453246320322 ], [ 76.806440117517468, 30.763195305219202 ], [ 76.806725653166438, 30.762850283014188 ], [ 76.808682165149833, 30.760578789779402 ], [ 76.810509591144751, 30.758437275559853 ], [ 76.811156661450809, 30.757654348269625 ], [ 76.808700085040925, 30.755885659695476 ], [ 76.806273035172453, 30.75471972373629 ], [ 76.807201024907428, 30.753339636714941 ], [ 76.807082051795305, 30.752625798042175 ], [ 76.805820936986706, 30.752054727643603 ], [ 76.804512233652687, 30.752197495018439 ], [ 76.803583767277061, 30.752320024949253 ], [ 76.800633999959189, 30.755857599948335 ], [ 76.800534424324269, 30.755953747367577 ], [ 76.800433600430381, 30.756051100777711 ], [ 76.79698510777655, 30.760163878560213 ], [ 76.804945051273123, 30.764766929850005 ], [ 76.805236507159123, 30.764453246320322 ] ] ] } },
{ "type": "Feature", "properties": { "sector_name": "11", "Ward_name": "1", "Zone_name": "1", "Area": "0.989401226102", "walk_score": 55.201028033111484, "total_pois_x": 51, "comprehensive_walk_score": 55.201028033111484, "poi_accessibility_score": 49.232211319683039, "poi_diversity_score": 85.714285714285708, "environmental_score": 48.099110224475602, "green_infrastructure_score": 20.547945205479451, "total_pois_y": 46, "weighted_pois": 8.7, "poi_categories": 6, "raw_gvi": 23.590129695526542, "raw_svf": 27.391909246575342, "green_nodes": 30, "total_nodes": 146, "poi_breakdown": { "Food and Drinks": { "count": 11, "weighted_count": 3.2999999999999994 }, "Tourism": { "count": 1, "weighted_count": 0.05 }, "Essential Services": { "count": 26, "weighted_count": 4.419999999999999 }, "Shopping": { "count": 3, "weighted_count": 0.30000000000000004 }, "Sports": { "count": 4, "weighted_count": 0.4 }, "Entertainment": { "count": 1, "weighted_count": 0.23 } }, "score_components": { "poi_accessibility": 0.4923221131968304, "poi_diversity": 0.8571428571428571, "environmental_quality": 0.480991102244756, "green_infrastructure": 0.2054794520547945 } }, "geometry": { "type": "Polygon", "coordinates": [ [ [ 76.791631900491879, 30.760012900375092 ], [ 76.791732540024768, 30.759900323241375 ], [ 76.780552527177463, 30.752904414307352 ], [ 76.77586981663876, 30.758896126754902 ], [ 76.776306638040978, 30.759175920232568 ], [ 76.787397113486051, 30.765058249938349 ], [ 76.791631900491879, 30.760012900375092 ] ] ] } },
{ "type": "Feature", "properties": { "sector_name": "2", "Ward_name": "1", "Zone_name": "1", "Area": "0.292338675012", "walk_score": 35.711204391503664, "total_pois_x": 7, "comprehensive_walk_score": 35.711204391503664, "poi_accessibility_score": 18.78825232232192, "poi_diversity_score": 57.142857142857139, "environmental_score": 46.16707249691612, "green_infrastructure_score": 23.684210526315788, "total_pois_y": 13, "weighted_pois": 1.38, "poi_categories": 4, "raw_gvi": 21.7803955078125, "raw_svf": 29.446250513980264, "green_nodes": 9, "total_nodes": 38, "poi_breakdown": { "Sports": { "count": 4, "weighted_count": 0.4 }, "Tourism": { "count": 4, "weighted_count": 0.2 }, "Essential Services": { "count": 4, "weighted_count": 0.68 }, "Shopping": { "count": 1, "weighted_count": 0.1 } }, "score_components": { "poi_accessibility": 0.18788252322321922, "poi_diversity": 0.5714285714285714, "environmental_quality": 0.4616707249691612, "green_infrastructure": 0.23684210526315788 } }, "geometry": { "type": "Polygon", "coordinates": [ [ [ 76.795270874051653, 30.762208778612315 ], [ 76.791732540024768, 30.759900323241375 ], [ 76.791631900491879, 30.760012900375092 ], [ 76.787397113486051, 30.765058249938349 ], [ 76.791224223419235, 30.767076322314495 ], [ 76.795270874051653, 30.762208778612315 ] ] ] } },
{ "type": "Feature", "properties": { "sector_name": "14", "Ward_name": "2", "Zone_name": "2", "Area": "1.74931282172", "walk_score": 53.018612202728086, "total_pois_x": 72, "comprehensive_walk_score": 53.018612202728086, "poi_accessibility_score": 46.573733137764599, "poi_diversity_score": 71.428571428571431, "environmental_score": 52.185995648224591, "green_infrastructure_score": 34.854771784232362, "total_pois_y": 46, "weighted_pois": 7.58, "poi_categories": 5, "raw_gvi": 27.968815847450728, "raw_svf": 23.596824551001554, "green_nodes": 84, "total_nodes": 241, "poi_breakdown": { "Tourism": { "count": 9, "weighted_count": 0.44999999999999996 }, "Food and Drinks": { "count": 14, "weighted_count": 4.199999999999999 }, "Sports": { "count": 8, "weighted_count": 0.7999999999999999 }, "Essential Services": { "count": 9, "weighted_count": 1.5299999999999998 }, "Shopping": { "count": 6, "weighted_count": 0.6 } }, "score_components": { "poi_accessibility": 0.465737331377646, "poi_diversity": 0.7142857142857143, "environmental_quality": 0.5218599564822459, "green_infrastructure": 0.34854771784232363 } }, "geometry": { "type": "Polygon", "coordinates": [ [ [ 76.769243699936837, 30.76776570032683 ], [ 76.769269600411803, 30.767712200557643 ], [ 76.769492400254137, 30.767389500425161 ], [ 76.769969700141587, 30.766752800201626 ], [ 76.770754600544421, 30.765705700657637 ], [ 76.770857000050569, 30.765569099934059 ], [ 76.772096399829024, 30.763925400037234 ], [ 76.773177200567417, 30.762492000305603 ], [ 76.77586981663876, 30.758896126754902 ], [ 76.764520561274921, 30.751846459046874 ], [ 76.760017100009236, 30.757916600470764 ], [ 76.757308859116606, 30.761852865617303 ], [ 76.759188632849188, 30.763518489186989 ], [ 76.761044612319026, 30.764898576208388 ], [ 76.769023099836261, 30.768221900320494 ], [ 76.769243699936837, 30.76776570032683 ] ] ] } },
{ "type": "Feature", "properties": { "sector_name": "12", "Ward_name": "2", "Zone_name": "2", "Area": "1.42125241293", "walk_score": 52.951194708738925, "total_pois_x": 103, "comprehensive_walk_score": 52.951194708738925, "poi_accessibility_score": 50.236140826440753, "poi_diversity_score": 71.428571428571431, "environmental_score": 48.358170443867387, "green_infrastructure_score": 29.100529100529098, "total_pois_y": 51, "weighted_pois": 9.16, "poi_categories": 5, "raw_gvi": 24.16146091730489, "raw_svf": 27.445120029570106, "green_nodes": 55, "total_nodes": 189, "poi_breakdown": { "Essential Services": { "count": 33, "weighted_count": 5.6099999999999985 }, "Food and Drinks": { "count": 9, "weighted_count": 2.6999999999999997 }, "Sports": { "count": 4, "weighted_count": 0.4 }, "Shopping": { "count": 4, "weighted_count": 0.4 }, "Tourism": { "count": 1, "weighted_count": 0.05 } }, "score_components": { "poi_accessibility": 0.5023614082644076, "poi_diversity": 0.7142857142857143, "environmental_quality": 0.4835817044386739, "green_infrastructure": 0.291005291005291 } }, "geometry": { "type": "Polygon", "coordinates": [ [ [ 76.789951087372856, 30.770690051904413 ], [ 76.791093229069304, 30.768577090260578 ], [ 76.791360048027855, 30.768001749880906 ], [ 76.791224223419235, 30.767076322314495 ], [ 76.787397113486051, 30.765058249938349 ], [ 76.776306638040978, 30.759175920232568 ], [ 76.77586981663876, 30.758896126754902 ], [ 76.773177200567417, 30.762492000305603 ], [ 76.772096399829024, 30.763925400037234 ], [ 76.770857000050569, 30.765569099934059 ], [ 76.770754600544421, 30.765705700657637 ], [ 76.769969700141587, 30.766752800201626 ], [ 76.769492400254137, 30.767389500425161 ], [ 76.769269600411803, 30.767712200557643 ], [ 76.769243699936837, 30.76776570032683 ], [ 76.769023099836261, 30.768221900320494 ], [ 76.77175476447087, 30.769252394782253 ], [ 76.773122955260234, 30.767319082609621 ], [ 76.774639861540436, 30.767408312443692 ], [ 76.775502415703954, 30.767586772111883 ], [ 76.77704906526219, 30.767676001945969 ], [ 76.77826853966144, 30.767884204892198 ], [ 76.779815189219661, 30.768538557008878 ], [ 76.78118337910972, 30.769163164948164 ], [ 76.781807987948355, 30.770114949845095 ], [ 76.782385987623286, 30.77047748634698 ], [ 76.782662005747014, 30.7704870047715 ], [ 76.784365699417549, 30.770658325621294 ], [ 76.786791163781231, 30.770766194804086 ], [ 76.789951087372856, 30.770690051904413 ] ] ] } },
{ "type": "Feature", "properties": { "sector_name": "Rajindra Park", "Ward_name": "1", "Zone_name": "1", "Area": "0.923187622269", "walk_score": 30.809763976902104, "total_pois_x": 12, "comprehensive_walk_score": 30.809763976902104, "poi_accessibility_score": 15.019048322368795, "poi_diversity_score": 42.857142857142854, "environmental_score": 47.120666503906257, "green_infrastructure_score": 23.076923076923077, "total_pois_y": 7, "weighted_pois": 0.99999999999999989, "poi_categories": 3, "raw_gvi": 24.457256610576923, "raw_svf": 30.215923602764423, "green_nodes": 6, "total_nodes": 26, "poi_breakdown": { "Food and Drinks": { "count": 2, "weighted_count": 0.6 }, "Tourism": { "count": 2, "weighted_count": 0.1 }, "Sports": { "count": 3, "weighted_count": 0.30000000000000004 } }, "score_components": { "poi_accessibility": 0.15019048322368794, "poi_diversity": 0.42857142857142855, "environmental_quality": 0.47120666503906256, "green_infrastructure": 0.23076923076923078 } }, "geometry": { "type": "Polygon", "coordinates": [ [ [ 76.80102541908785, 30.769015400940088 ], [ 76.803038442670072, 30.767059483408506 ], [ 76.804066370466671, 30.765917342611317 ], [ 76.80475165476507, 30.764975076138906 ], [ 76.804945051273123, 30.764766929850005 ], [ 76.79698510777655, 30.760163878560213 ], [ 76.795315000187131, 30.762155700625158 ], [ 76.795270874051653, 30.762208778612315 ], [ 76.791224223419235, 30.767076322314495 ], [ 76.791360048027855, 30.768001749880906 ], [ 76.791093229069304, 30.768577090260578 ], [ 76.79139779976866, 30.768824554009996 ], [ 76.793767742687237, 30.769948612138759 ], [ 76.795404811882634, 30.770671968336732 ], [ 76.797574880476418, 30.770767146286794 ], [ 76.798831236072715, 30.771243038735292 ], [ 76.80102541908785, 30.769015400940088 ] ] ] } },
{ "type": "Feature", "properties": { "sector_name": "Khuda Alisher", "Ward_name": "1", "Zone_name": null, "Area": "0.190741807241", "walk_score": 0.0, "total_pois_x": 27, "comprehensive_walk_score": 0.0, "poi_accessibility_score": 0.0, "poi_diversity_score": 0.0, "environmental_score": 0.0, "green_infrastructure_score": 0.0, "total_pois_y": 0, "weighted_pois": 0.0, "poi_categories": 0, "raw_gvi": 0.0, "raw_svf": 50.0, "green_nodes": 0, "total_nodes": 0, "poi_breakdown": { }, "score_components": { "poi_accessibility": 0.0, "poi_diversity": 0.0, "environmental_quality": 0.0, "green_infrastructure": 0.0 } }, "geometry": { "type": "Polygon", "coordinates": [ [ [ 76.81366817744447, 30.776573044410505 ], [ 76.81334457079538, 30.773889012368098 ], [ 76.814182140893124, 30.773070478220056 ], [ 76.814448640592317, 30.772613621721295 ], [ 76.808928290708067, 30.77301337127011 ], [ 76.809328040256901, 30.776934722959137 ], [ 76.810108503404749, 30.776972793959313 ], [ 76.81366817744447, 30.776573044410505 ] ] ] } }
]
}
