{
"type": "FeatureCollection",
"name": "pois_cleaned",
"crs": { "type": "name", "properties": { "name": "urn:ogc:def:crs:OGC:1.3:CRS84" } },
"features": [
{ "type": "Feature", "properties": { "name": "Kandhari Departmental Store", "primary_type": "Essential Services", "sector_name": "48", "secondary_type": "food_store" }, "geometry": { "type": "Point", "coordinates": [ 76.7536265, 30.6849598 ] } },
{ "type": "Feature", "properties": { "name": "Park 3", "primary_type": "Tourism", "sector_name": "48", "secondary_type": "park" }, "geometry": { "type": "Point", "coordinates": [ 76.7534983, 30.6843315 ] } },
{ "type": "Feature", "properties": { "name": "Jambhoagrotech", "primary_type": "Food and Drinks", "sector_name": "48", "secondary_type": "vegetarian_restaurant" }, "geometry": { "type": "Point", "coordinates": [ 76.7539567, 30.6843283 ] } },
{ "type": "Feature", "properties": { "name": "Park 2", "primary_type": "Tourism", "sector_name": "48", "secondary_type": "park" }, "geometry": { "type": "Point", "coordinates": [ 76.7539932, 30.6836824 ] } },
{ "type": "Feature", "properties": { "name": "foxxord", "primary_type": "Shopping", "sector_name": "48", "secondary_type": "shopping_mall" }, "geometry": { "type": "Point", "coordinates": [ 76.7538933, 30.6836087 ] } },
{ "type": "Feature", "properties": { "name": "Green Belt Park, Sector 48D,", "primary_type": "Tourism", "sector_name": "48", "secondary_type": "park" }, "geometry": { "type": "Point", "coordinates": [ 76.7525281, 30.6862282 ] } },
{ "type": "Feature", "properties": { "name": "Park 1", "primary_type": "Tourism", "sector_name": "48", "secondary_type": "park" }, "geometry": { "type": "Point", "coordinates": [ 76.7545464, 30.6830475 ] } },
{ "type": "Feature", "properties": { "name": "Gurudwara ground", "primary_type": "Tourism", "sector_name": "48", "secondary_type": "park" }, "geometry": { "type": "Point", "coordinates": [ 76.7540291, 30.682419 ] } },
{ "type": "Feature", "properties": { "name": "Neighborhood Park", "primary_type": "Tourism", "sector_name": "48", "secondary_type": "park" }, "geometry": { "type": "Point", "coordinates": [ 76.754663, 30.6819906 ] } },
{ "type": "Feature", "properties": { "name": "Golf Park", "primary_type": "Tourism", "sector_name": "48", "secondary_type": "park" }, "geometry": { "type": "Point", "coordinates": [ 76.7543768, 30.6817284 ] } },
{ "type": "Feature", "properties": { "name": "Open Air Gym", "primary_type": "Sports", "sector_name": "48", "secondary_type": "gym" }, "geometry": { "type": "Point", "coordinates": [ 76.7553303, 30.6876113 ] } },
{ "type": "Feature", "properties": { "name": "Dhawan's Clinic - Family Doctor in Chandigarh", "primary_type": "Essential Services", "sector_name": "48", "secondary_type": "doctor" }, "geometry": { "type": "Point", "coordinates": [ 76.7563968, 30.6872954 ] } },
{ "type": "Feature", "properties": { "name": "Government Medical College & Hospital", "primary_type": "Essential Services", "sector_name": "48", "secondary_type": "hospital" }, "geometry": { "type": "Point", "coordinates": [ 76.7548509, 30.6884523 ] } },
{ "type": "Feature", "properties": { "name": "Green Belt Park", "primary_type": "Tourism", "sector_name": "48", "secondary_type": "park" }, "geometry": { "type": "Point", "coordinates": [ 76.7564823, 30.6883067 ] } },
{ "type": "Feature", "properties": { "name": "Post Office", "primary_type": "Essential Services", "sector_name": "48", "secondary_type": "post_office" }, "geometry": { "type": "Point", "coordinates": [ 76.7574979, 30.6879904 ] } },
{ "type": "Feature", "properties": { "name": "Park 14", "primary_type": "Tourism", "sector_name": "49", "secondary_type": "park" }, "geometry": { "type": "Point", "coordinates": [ 76.7524503, 30.6913279 ] } },
{ "type": "Feature", "properties": { "name": "Feeling Hungry", "primary_type": "Food and Drinks", "sector_name": "48", "secondary_type": "indian_restaurant" }, "geometry": { "type": "Point", "coordinates": [ 76.7595264, 30.6866105 ] } },
{ "type": "Feature", "properties": { "name": "Rekha painter", "primary_type": "Shopping", "sector_name": "48", "secondary_type": "market" }, "geometry": { "type": "Point", "coordinates": [ 76.7606604, 30.6860323 ] } },
{ "type": "Feature", "properties": { "name": "Somit Snacks", "primary_type": "Food and Drinks", "sector_name": "48", "secondary_type": "indian_restaurant" }, "geometry": { "type": "Point", "coordinates": [ 76.761143, 30.6861216 ] } },
{ "type": "Feature", "properties": { "name": "New National Travels", "primary_type": "Public Transport", "sector_name": "48", "secondary_type": "taxi_stand" }, "geometry": { "type": "Point", "coordinates": [ 76.7581322, 30.6886353 ] } },
{ "type": "Feature", "properties": { "name": "Kids Play area Mayur vihar", "primary_type": "Sports", "sector_name": "48", "secondary_type": "playground" }, "geometry": { "type": "Point", "coordinates": [ 76.7587062, 30.6890889 ] } },
{ "type": "Feature", "properties": { "name": "Play Ground", "primary_type": "Sports", "sector_name": "48", "secondary_type": "playground" }, "geometry": { "type": "Point", "coordinates": [ 76.7598153, 30.6886343 ] } },
{ "type": "Feature", "properties": { "name": "Putul Traders", "primary_type": "Essential Services", "sector_name": "48", "secondary_type": "grocery_store" }, "geometry": { "type": "Point", "coordinates": [ 76.7600363, 30.687978 ] } },
{ "type": "Feature", "properties": { "name": "Jaswant Store", "primary_type": "Essential Services", "sector_name": "48", "secondary_type": "grocery_store" }, "geometry": { "type": "Point", "coordinates": [ 76.759993, 30.6875753 ] } },
{ "type": "Feature", "properties": { "name": "Sector-48A Park", "primary_type": "Tourism", "sector_name": "48", "secondary_type": "park" }, "geometry": { "type": "Point", "coordinates": [ 76.759544, 30.6897832 ] } },
{ "type": "Feature", "properties": { "name": "Heaven Mart", "primary_type": "Essential Services", "sector_name": "48", "secondary_type": "grocery_store" }, "geometry": { "type": "Point", "coordinates": [ 76.7598532, 30.6896105 ] } },
{ "type": "Feature", "properties": { "name": "Fashion Hub", "primary_type": "Shopping", "sector_name": "48", "secondary_type": "clothing_store" }, "geometry": { "type": "Point", "coordinates": [ 76.7599488, 30.6897414 ] } },
{ "type": "Feature", "properties": { "name": "park", "primary_type": "Tourism", "sector_name": "48", "secondary_type": "park" }, "geometry": { "type": "Point", "coordinates": [ 76.7566015, 30.6911445 ] } },
{ "type": "Feature", "properties": { "name": "खेल मैदान", "primary_type": "Sports", "sector_name": "48", "secondary_type": "playground" }, "geometry": { "type": "Point", "coordinates": [ 76.7613465, 30.6892536 ] } },
{ "type": "Feature", "properties": { "name": "Gill Dental & Oral Surgery", "primary_type": "Essential Services", "sector_name": "48", "secondary_type": "dental_clinic" }, "geometry": { "type": "Point", "coordinates": [ 76.7617004, 30.6877418 ] } },
{ "type": "Feature", "properties": { "name": "Playground 48a", "primary_type": "Sports", "sector_name": "48", "secondary_type": "playground" }, "geometry": { "type": "Point", "coordinates": [ 76.7589909, 30.6923175 ] } },
{ "type": "Feature", "properties": { "name": "Waste to Wonder Park", "primary_type": "Tourism", "sector_name": "48", "secondary_type": "park" }, "geometry": { "type": "Point", "coordinates": [ 76.7589071, 30.6921356 ] } },
{ "type": "Feature", "properties": { "name": "Sector 48-B Park", "primary_type": "Tourism", "sector_name": "48", "secondary_type": "park" }, "geometry": { "type": "Point", "coordinates": [ 76.759295, 30.6921875 ] } },
{ "type": "Feature", "properties": { "name": "Dr Parul's Healing Homoeopathy", "primary_type": "Essential Services", "sector_name": "48", "secondary_type": "doctor" }, "geometry": { "type": "Point", "coordinates": [ 76.7595835, 30.691562 ] } },
{ "type": "Feature", "properties": { "name": "HDFC Bank ATM", "primary_type": "Essential Services", "sector_name": "48", "secondary_type": "atm" }, "geometry": { "type": "Point", "coordinates": [ 76.7599246, 30.6921276 ] } },
{ "type": "Feature", "properties": { "name": "Sidhivinayak", "primary_type": "Essential Services", "sector_name": "48", "secondary_type": "grocery_store" }, "geometry": { "type": "Point", "coordinates": [ 76.7599406, 30.6921204 ] } },
{ "type": "Feature", "properties": { "name": "JD Books & Stationers", "primary_type": "Shopping", "sector_name": "48", "secondary_type": "store" }, "geometry": { "type": "Point", "coordinates": [ 76.7601119, 30.691874 ] } },
{ "type": "Feature", "properties": { "name": "Mehak Medicos", "primary_type": "Essential Services", "sector_name": "48", "secondary_type": "pharmacy" }, "geometry": { "type": "Point", "coordinates": [ 76.7601145, 30.6921093 ] } },
{ "type": "Feature", "properties": { "name": "VIVA - Your Family Chemist", "primary_type": "Essential Services", "sector_name": "48", "secondary_type": "pharmacy" }, "geometry": { "type": "Point", "coordinates": [ 76.7601871, 30.691936 ] } },
{ "type": "Feature", "properties": { "name": "Family medicos", "primary_type": "Essential Services", "sector_name": "48", "secondary_type": "drugstore" }, "geometry": { "type": "Point", "coordinates": [ 76.7601801, 30.6919916 ] } },
{ "type": "Feature", "properties": { "name": "NOOR CHEMIST AND DRUGGIST", "primary_type": "Essential Services", "sector_name": "48", "secondary_type": "drugstore" }, "geometry": { "type": "Point", "coordinates": [ 76.7601887, 30.6919967 ] } },
{ "type": "Feature", "properties": { "name": "Alvis Critical Care", "primary_type": "Essential Services", "sector_name": "48", "secondary_type": "hospital" }, "geometry": { "type": "Point", "coordinates": [ 76.7602565, 30.691549 ] } },
{ "type": "Feature", "properties": { "name": "Best Fast Food In Chandigarh - Saanjha Chulha", "primary_type": "Food and Drinks", "sector_name": "48", "secondary_type": "fast_food_restaurant" }, "geometry": { "type": "Point", "coordinates": [ 76.7602713, 30.6919087 ] } },
{ "type": "Feature", "properties": { "name": "IndusInd Bank ATM", "primary_type": "Essential Services", "sector_name": "48", "secondary_type": "atm" }, "geometry": { "type": "Point", "coordinates": [ 76.7603152, 30.6921577 ] } },
{ "type": "Feature", "properties": { "name": "Univ SilverTone & KV Sector 48B, Park", "primary_type": "Tourism", "sector_name": "48", "secondary_type": "park" }, "geometry": { "type": "Point", "coordinates": [ 76.7620754, 30.6886706 ] } },
{ "type": "Feature", "properties": { "name": "Dr (Maj) Navdeep Garg- Best Gastroenterologist Hepatologist and Endoscopy Specialist Chandigarh", "primary_type": "Essential Services", "sector_name": "48", "secondary_type": "doctor" }, "geometry": { "type": "Point", "coordinates": [ 76.7624215, 30.6892624 ] } },
{ "type": "Feature", "properties": { "name": "पार्क", "primary_type": "Tourism", "sector_name": "48", "secondary_type": "park" }, "geometry": { "type": "Point", "coordinates": [ 76.7628878, 30.6898123 ] } },
{ "type": "Feature", "properties": { "name": "Chandigarh", "primary_type": "Tourism", "sector_name": "48", "secondary_type": "park" }, "geometry": { "type": "Point", "coordinates": [ 76.7618025, 30.6864268 ] } },
{ "type": "Feature", "properties": { "name": "Blossom Park", "primary_type": "Tourism", "sector_name": "48", "secondary_type": "park" }, "geometry": { "type": "Point", "coordinates": [ 76.760913, 30.6906845 ] } },
{ "type": "Feature", "properties": { "name": "Forest", "primary_type": "Tourism", "sector_name": "48", "secondary_type": "park" }, "geometry": { "type": "Point", "coordinates": [ 76.7619663, 30.6930659 ] } },
{ "type": "Feature", "properties": { "name": "Green Belt Sector 48", "primary_type": "Tourism", "sector_name": "48", "secondary_type": "park" }, "geometry": { "type": "Point", "coordinates": [ 76.7645565, 30.690263 ] } },
{ "type": "Feature", "properties": { "name": "WOMEN'S CLINIC - by Dr.Meena jethani", "primary_type": "Essential Services", "sector_name": "63", "secondary_type": "doctor" }, "geometry": { "type": "Point", "coordinates": [ 76.737545, 30.6941876 ] } },
{ "type": "Feature", "properties": { "name": "Dr. MEENA", "primary_type": "Essential Services", "sector_name": "63", "secondary_type": "doctor" }, "geometry": { "type": "Point", "coordinates": [ 76.7374982, 30.6941627 ] } },
{ "type": "Feature", "properties": { "name": "Public Park", "primary_type": "Tourism", "sector_name": "63", "secondary_type": "park" }, "geometry": { "type": "Point", "coordinates": [ 76.7392666, 30.6938997 ] } },
{ "type": "Feature", "properties": { "name": "Veerafd", "primary_type": "Shopping", "sector_name": "63", "secondary_type": "clothing_store" }, "geometry": { "type": "Point", "coordinates": [ 76.7383386, 30.6949687 ] } },
{ "type": "Feature", "properties": { "name": "Brown virsa boutique", "primary_type": "Shopping", "sector_name": "63", "secondary_type": "clothing_store" }, "geometry": { "type": "Point", "coordinates": [ 76.7383112, 30.6953327 ] } },
{ "type": "Feature", "properties": { "name": "public park", "primary_type": "Tourism", "sector_name": "63", "secondary_type": "park" }, "geometry": { "type": "Point", "coordinates": [ 76.7389728, 30.6955408 ] } },
{ "type": "Feature", "properties": { "name": "Public Park 1", "primary_type": "Tourism", "sector_name": "63", "secondary_type": "park" }, "geometry": { "type": "Point", "coordinates": [ 76.7402231, 30.6932164 ] } },
{ "type": "Feature", "properties": { "name": "Seema's Creations", "primary_type": "Shopping", "sector_name": "63", "secondary_type": "clothing_store" }, "geometry": { "type": "Point", "coordinates": [ 76.7378575, 30.6954747 ] } },
{ "type": "Feature", "properties": { "name": "Vita Booth, Sector 63", "primary_type": "Essential Services", "sector_name": "63", "secondary_type": "grocery_store" }, "geometry": { "type": "Point", "coordinates": [ 76.7398906, 30.6956625 ] } },
{ "type": "Feature", "properties": { "name": "Dr. Sidhu", "primary_type": "Essential Services", "sector_name": "63", "secondary_type": "hospital" }, "geometry": { "type": "Point", "coordinates": [ 76.7386529, 30.696247 ] } },
{ "type": "Feature", "properties": { "name": "Dr Ishu", "primary_type": "Essential Services", "sector_name": "63", "secondary_type": "doctor" }, "geometry": { "type": "Point", "coordinates": [ 76.7381838, 30.6970722 ] } },
{ "type": "Feature", "properties": { "name": "KARGREEN ORGANICS - to home", "primary_type": "Essential Services", "sector_name": "63", "secondary_type": "grocery_store" }, "geometry": { "type": "Point", "coordinates": [ 76.7381853, 30.6978117 ] } },
{ "type": "Feature", "properties": { "name": "Tuck shop", "primary_type": "Essential Services", "sector_name": "63", "secondary_type": "grocery_store" }, "geometry": { "type": "Point", "coordinates": [ 76.7380836, 30.6978449 ] } },
{ "type": "Feature", "properties": { "name": "EWS 63 CHILDREN PARK", "primary_type": "Tourism", "sector_name": "63", "secondary_type": "park" }, "geometry": { "type": "Point", "coordinates": [ 76.739834, 30.698105 ] } },
{ "type": "Feature", "properties": { "name": "Ajit mama", "primary_type": "Essential Services", "sector_name": "63", "secondary_type": "grocery_store" }, "geometry": { "type": "Point", "coordinates": [ 76.7400277, 30.697795 ] } },
{ "type": "Feature", "properties": { "name": "South Indian Cafe Mohali", "primary_type": "Food and Drinks", "sector_name": "63", "secondary_type": "indian_restaurant" }, "geometry": { "type": "Point", "coordinates": [ 76.7404029, 30.6973166 ] } },
{ "type": "Feature", "properties": { "name": "JATT MEHKMA", "primary_type": "Food and Drinks", "sector_name": "63", "secondary_type": "bar" }, "geometry": { "type": "Point", "coordinates": [ 76.7436132, 30.6936476 ] } },
{ "type": "Feature", "properties": { "name": "Park", "primary_type": "Tourism", "sector_name": "50", "secondary_type": "park" }, "geometry": { "type": "Point", "coordinates": [ 76.7436064, 30.6950763 ] } },
{ "type": "Feature", "properties": { "name": "MOHALI OPG CENTER", "primary_type": "Essential Services", "sector_name": "50", "secondary_type": "hospital" }, "geometry": { "type": "Point", "coordinates": [ 76.7446223, 30.6944441 ] } },
{ "type": "Feature", "properties": { "name": "Food & Beverage", "primary_type": "Food and Drinks", "sector_name": "50", "secondary_type": "restaurant" }, "geometry": { "type": "Point", "coordinates": [ 76.7448174, 30.6944383 ] } },
{ "type": "Feature", "properties": { "name": "Park 4", "primary_type": "Tourism", "sector_name": "50", "secondary_type": "park" }, "geometry": { "type": "Point", "coordinates": [ 76.7447282, 30.6950667 ] } },
{ "type": "Feature", "properties": { "name": "Seema's style sutra", "primary_type": "Shopping", "sector_name": "50", "secondary_type": "clothing_store" }, "geometry": { "type": "Point", "coordinates": [ 76.7451655, 30.6946519 ] } },
{ "type": "Feature", "properties": { "name": "Vita Milk Bar", "primary_type": "Food and Drinks", "sector_name": "50", "secondary_type": "bakery" }, "geometry": { "type": "Point", "coordinates": [ 76.7453371, 30.696768 ] } },
{ "type": "Feature", "properties": { "name": "Dudhdev Forest", "primary_type": "Tourism", "sector_name": "50", "secondary_type": "national_park" }, "geometry": { "type": "Point", "coordinates": [ 76.7456539, 30.6960182 ] } },
{ "type": "Feature", "properties": { "name": "Public Park Sector 50 (Kikkar Park)", "primary_type": "Tourism", "sector_name": "50", "secondary_type": "park" }, "geometry": { "type": "Point", "coordinates": [ 76.7445277, 30.6979356 ] } },
{ "type": "Feature", "properties": { "name": "Rajesh bhagat ji Chabutra", "primary_type": "Tourism", "sector_name": "49", "secondary_type": "park" }, "geometry": { "type": "Point", "coordinates": [ 76.74848, 30.6907061 ] } },
{ "type": "Feature", "properties": { "name": "Football playground", "primary_type": "Sports", "sector_name": "49", "secondary_type": "playground" }, "geometry": { "type": "Point", "coordinates": [ 76.749178, 30.6904959 ] } },
{ "type": "Feature", "properties": { "name": "Park 10", "primary_type": "Tourism", "sector_name": "49", "secondary_type": "park" }, "geometry": { "type": "Point", "coordinates": [ 76.7480387, 30.691797 ] } },
{ "type": "Feature", "properties": { "name": "The Thikana", "primary_type": "Food and Drinks", "sector_name": "49", "secondary_type": "indian_restaurant" }, "geometry": { "type": "Point", "coordinates": [ 76.7485654, 30.6920619 ] } },
{ "type": "Feature", "properties": { "name": "Park 9", "primary_type": "Tourism", "sector_name": "49", "secondary_type": "park" }, "geometry": { "type": "Point", "coordinates": [ 76.7476122, 30.6919103 ] } },
{ "type": "Feature", "properties": { "name": "Sector 49 d Chandigarh manav Mangal samat school", "primary_type": "Food and Drinks", "sector_name": "49", "secondary_type": "coffee_shop" }, "geometry": { "type": "Point", "coordinates": [ 76.7468465, 30.6907061 ] } },
{ "type": "Feature", "properties": { "name": "Tea Stall And Protaa", "primary_type": "Food and Drinks", "sector_name": "49", "secondary_type": "coffee_shop" }, "geometry": { "type": "Point", "coordinates": [ 76.7468123, 30.690662 ] } },
{ "type": "Feature", "properties": { "name": "Park 12", "primary_type": "Tourism", "sector_name": "49", "secondary_type": "park" }, "geometry": { "type": "Point", "coordinates": [ 76.7480464, 30.6927614 ] } },
{ "type": "Feature", "properties": { "name": "Kids Play area", "primary_type": "Sports", "sector_name": "49", "secondary_type": "playground" }, "geometry": { "type": "Point", "coordinates": [ 76.7502834, 30.6926868 ] } },
{ "type": "Feature", "properties": { "name": "Hello majra", "primary_type": "Tourism", "sector_name": "49", "secondary_type": "park" }, "geometry": { "type": "Point", "coordinates": [ 76.7498419, 30.693061 ] } },
{ "type": "Feature", "properties": { "name": "Sana Departmental Store", "primary_type": "Essential Services", "sector_name": "49", "secondary_type": "supermarket" }, "geometry": { "type": "Point", "coordinates": [ 76.7472916, 30.6930831 ] } },
{ "type": "Feature", "properties": { "name": "Park 6", "primary_type": "Tourism", "sector_name": "49", "secondary_type": "park" }, "geometry": { "type": "Point", "coordinates": [ 76.7478882, 30.6934514 ] } },
{ "type": "Feature", "properties": { "name": "Govt Model School Playground", "primary_type": "Sports", "sector_name": "49", "secondary_type": "playground" }, "geometry": { "type": "Point", "coordinates": [ 76.7492924, 30.6936557 ] } },
{ "type": "Feature", "properties": { "name": "Park 5", "primary_type": "Tourism", "sector_name": "49", "secondary_type": "park" }, "geometry": { "type": "Point", "coordinates": [ 76.7471013, 30.6936212 ] } },
{ "type": "Feature", "properties": { "name": "Aneeta Yoga", "primary_type": "Sports", "sector_name": "49", "secondary_type": "yoga_studio" }, "geometry": { "type": "Point", "coordinates": [ 76.7502593, 30.6934033 ] } },
{ "type": "Feature", "properties": { "name": "Dr Alisha Revive Mind Clinic", "primary_type": "Essential Services", "sector_name": "49", "secondary_type": "doctor" }, "geometry": { "type": "Point", "coordinates": [ 76.7487031, 30.6957215 ] } },
{ "type": "Feature", "properties": { "name": "Riwaaz Boutique", "primary_type": "Shopping", "sector_name": "49", "secondary_type": "clothing_store" }, "geometry": { "type": "Point", "coordinates": [ 76.7503267, 30.6953544 ] } },
{ "type": "Feature", "properties": { "name": "The Baker Smith - Birthday Cake | Wedding Cake | Anniversary Cake | Customized Cakes | Best Cake Shop | Cake Delivery", "primary_type": "Food and Drinks", "sector_name": "50", "secondary_type": "bakery" }, "geometry": { "type": "Point", "coordinates": [ 76.7483484, 30.6963376 ] } },
{ "type": "Feature", "properties": { "name": "Valley of Animal Park", "primary_type": "Tourism", "sector_name": "49", "secondary_type": "park" }, "geometry": { "type": "Point", "coordinates": [ 76.7511464, 30.6930067 ] } },
{ "type": "Feature", "properties": { "name": "Taxi Service In Chandigarh - Best Cab Booking", "primary_type": "Public Transport", "sector_name": "50", "secondary_type": "taxi_stand" }, "geometry": { "type": "Point", "coordinates": [ 76.748709, 30.6964579 ] } },
{ "type": "Feature", "properties": { "name": "Vegetable market ground Sector 49", "primary_type": "Shopping", "sector_name": "49", "secondary_type": "market" }, "geometry": { "type": "Point", "coordinates": [ 76.7544027, 30.6930306 ] } },
{ "type": "Feature", "properties": { "name": "Sabji Mandi Sector 49", "primary_type": "Shopping", "sector_name": "49", "secondary_type": "market" }, "geometry": { "type": "Point", "coordinates": [ 76.7543699, 30.6936151 ] } },
{ "type": "Feature", "properties": { "name": "laparoscopic surgeon vivek singla", "primary_type": "Essential Services", "sector_name": "49", "secondary_type": "doctor" }, "geometry": { "type": "Point", "coordinates": [ 76.7552518, 30.6931544 ] } },
{ "type": "Feature", "properties": { "name": "Children's Park - Block A", "primary_type": "Tourism", "sector_name": "49", "secondary_type": "park" }, "geometry": { "type": "Point", "coordinates": [ 76.7523518, 30.6949681 ] } },
{ "type": "Feature", "properties": { "name": "Dr. Manish Singla Urologist and Laser Surgeon", "primary_type": "Essential Services", "sector_name": "49", "secondary_type": "doctor" }, "geometry": { "type": "Point", "coordinates": [ 76.7533012, 30.6956267 ] } },
{ "type": "Feature", "properties": { "name": "Advanced Gynaecology Clinic.Chd", "primary_type": "Essential Services", "sector_name": "49", "secondary_type": "doctor" }, "geometry": { "type": "Point", "coordinates": [ 76.7519403, 30.6956557 ] } },
{ "type": "Feature", "properties": { "name": "Gursagar Homoeopathic Clinic", "primary_type": "Essential Services", "sector_name": "49", "secondary_type": "doctor" }, "geometry": { "type": "Point", "coordinates": [ 76.7519403, 30.6956557 ] } },
{ "type": "Feature", "properties": { "name": "HWC Sector 49 PHC", "primary_type": "Essential Services", "sector_name": "49", "secondary_type": "hospital" }, "geometry": { "type": "Point", "coordinates": [ 76.7519375, 30.6956875 ] } },
{ "type": "Feature", "properties": { "name": "Civil Dispensary", "primary_type": "Essential Services", "sector_name": "49", "secondary_type": "pharmacy" }, "geometry": { "type": "Point", "coordinates": [ 76.7513717, 30.6959351 ] } },
{ "type": "Feature", "properties": { "name": "Government Dispensary", "primary_type": "Essential Services", "sector_name": "49", "secondary_type": "hospital" }, "geometry": { "type": "Point", "coordinates": [ 76.7513271, 30.6959383 ] } },
{ "type": "Feature", "properties": { "name": "Maleria health unit", "primary_type": "Essential Services", "sector_name": "49", "secondary_type": "hospital" }, "geometry": { "type": "Point", "coordinates": [ 76.7514395, 30.6960571 ] } },
{ "type": "Feature", "properties": { "name": "Sahir medicos 49A", "primary_type": "Essential Services", "sector_name": "49", "secondary_type": "hospital" }, "geometry": { "type": "Point", "coordinates": [ 76.7548023, 30.6958526 ] } },
{ "type": "Feature", "properties": { "name": "Smilemakers Dental", "primary_type": "Essential Services", "sector_name": "49", "secondary_type": "dentist" }, "geometry": { "type": "Point", "coordinates": [ 76.7533378, 30.6969932 ] } },
{ "type": "Feature", "properties": { "name": "RadiologiX", "primary_type": "Essential Services", "sector_name": "49", "secondary_type": "doctor" }, "geometry": { "type": "Point", "coordinates": [ 76.7522119, 30.6969782 ] } },
{ "type": "Feature", "properties": { "name": "Bank of Baroda Sec-30 Chandigarh Branch", "primary_type": "Essential Services", "sector_name": "49", "secondary_type": "bank" }, "geometry": { "type": "Point", "coordinates": [ 76.7512631, 30.6976197 ] } },
{ "type": "Feature", "properties": { "name": "Global Athlete Solutions - Athlete & Sports Physiotherapist in Chandigarh", "primary_type": "Essential Services", "sector_name": "49", "secondary_type": "physiotherapist" }, "geometry": { "type": "Point", "coordinates": [ 76.7540103, 30.6986601 ] } },
{ "type": "Feature", "properties": { "name": "New Thakur Dairy", "primary_type": "Shopping", "sector_name": "49", "secondary_type": "department_store" }, "geometry": { "type": "Point", "coordinates": [ 76.755082, 30.6974586 ] } },
{ "type": "Feature", "properties": { "name": "Punjab National Bank", "primary_type": "Essential Services", "sector_name": "49", "secondary_type": "bank" }, "geometry": { "type": "Point", "coordinates": [ 76.755102, 30.6974636 ] } },
{ "type": "Feature", "properties": { "name": "Society Departmental Store", "primary_type": "Shopping", "sector_name": "49", "secondary_type": "department_store" }, "geometry": { "type": "Point", "coordinates": [ 76.7551207, 30.697485 ] } },
{ "type": "Feature", "properties": { "name": "Punjab National Bank ATM", "primary_type": "Essential Services", "sector_name": "49", "secondary_type": "atm" }, "geometry": { "type": "Point", "coordinates": [ 76.7551377, 30.6974951 ] } },
{ "type": "Feature", "properties": { "name": "JnJ’s", "primary_type": "Food and Drinks", "sector_name": "49", "secondary_type": "vegetarian_restaurant" }, "geometry": { "type": "Point", "coordinates": [ 76.755161, 30.6973876 ] } },
{ "type": "Feature", "properties": { "name": "Mee’s corner", "primary_type": "Shopping", "sector_name": "49", "secondary_type": "clothing_store" }, "geometry": { "type": "Point", "coordinates": [ 76.7551704, 30.6975029 ] } },
{ "type": "Feature", "properties": { "name": "Mittal Medicines & Surgicals", "primary_type": "Essential Services", "sector_name": "49", "secondary_type": "drugstore" }, "geometry": { "type": "Point", "coordinates": [ 76.7551915, 30.6975583 ] } },
{ "type": "Feature", "properties": { "name": "Chandigarh State Coop Bank Ltd", "primary_type": "Essential Services", "sector_name": "49", "secondary_type": "bank" }, "geometry": { "type": "Point", "coordinates": [ 76.7569364, 30.6941871 ] } },
{ "type": "Feature", "properties": { "name": "State Bank ATM", "primary_type": "Essential Services", "sector_name": "49", "secondary_type": "atm" }, "geometry": { "type": "Point", "coordinates": [ 76.7569324, 30.6941914 ] } },
{ "type": "Feature", "properties": { "name": "Chandan medicos", "primary_type": "Essential Services", "sector_name": "49", "secondary_type": "hospital" }, "geometry": { "type": "Point", "coordinates": [ 76.7569129, 30.6942124 ] } },
{ "type": "Feature", "properties": { "name": "Gopi office 49B", "primary_type": "Food and Drinks", "sector_name": "49", "secondary_type": "coffee_shop" }, "geometry": { "type": "Point", "coordinates": [ 76.7568963, 30.6942302 ] } },
{ "type": "Feature", "properties": { "name": "Jarwal Fabrics", "primary_type": "Shopping", "sector_name": "49", "secondary_type": "clothing_store" }, "geometry": { "type": "Point", "coordinates": [ 76.7567338, 30.6940828 ] } },
{ "type": "Feature", "properties": { "name": "Shyam Departmental Store", "primary_type": "Shopping", "sector_name": "49", "secondary_type": "department_store" }, "geometry": { "type": "Point", "coordinates": [ 76.7566955, 30.694034 ] } },
{ "type": "Feature", "properties": { "name": "Sector 49B Market", "primary_type": "Shopping", "sector_name": "49", "secondary_type": "market" }, "geometry": { "type": "Point", "coordinates": [ 76.7566942, 30.6942122 ] } },
{ "type": "Feature", "properties": { "name": "Coffea", "primary_type": "Food and Drinks", "sector_name": "49", "secondary_type": "coffee_shop" }, "geometry": { "type": "Point", "coordinates": [ 76.7566931, 30.6942347 ] } },
{ "type": "Feature", "properties": { "name": "Swaran Medical Store", "primary_type": "Essential Services", "sector_name": "49", "secondary_type": "pharmacy" }, "geometry": { "type": "Point", "coordinates": [ 76.7566034, 30.6939985 ] } },
{ "type": "Feature", "properties": { "name": "State Bank of India", "primary_type": "Essential Services", "sector_name": "49", "secondary_type": "bank" }, "geometry": { "type": "Point", "coordinates": [ 76.7565349, 30.694068 ] } },
{ "type": "Feature", "properties": { "name": "Sai Uniform", "primary_type": "Shopping", "sector_name": "49", "secondary_type": "clothing_store" }, "geometry": { "type": "Point", "coordinates": [ 76.7564897, 30.6935597 ] } },
{ "type": "Feature", "properties": { "name": "State Bank Of India ATM", "primary_type": "Essential Services", "sector_name": "49", "secondary_type": "atm" }, "geometry": { "type": "Point", "coordinates": [ 76.7559411, 30.6933998 ] } },
{ "type": "Feature", "properties": { "name": "Dr. Anupam Goel (Gynaecologist & IVF Specialist)", "primary_type": "Essential Services", "sector_name": "49", "secondary_type": "doctor" }, "geometry": { "type": "Point", "coordinates": [ 76.7559127, 30.6933995 ] } },
{ "type": "Feature", "properties": { "name": "Dsp shib", "primary_type": "Essential Services", "sector_name": "49", "secondary_type": "grocery_store" }, "geometry": { "type": "Point", "coordinates": [ 76.758711, 30.694174 ] } },
{ "type": "Feature", "properties": { "name": "Special naan chole", "primary_type": "Food and Drinks", "sector_name": "49", "secondary_type": "brunch_restaurant" }, "geometry": { "type": "Point", "coordinates": [ 76.7563597, 30.6956418 ] } },
{ "type": "Feature", "properties": { "name": "Anvi Designs", "primary_type": "Shopping", "sector_name": "49", "secondary_type": "clothing_store" }, "geometry": { "type": "Point", "coordinates": [ 76.7566295, 30.695809 ] } },
{ "type": "Feature", "properties": { "name": "Sector 49 Park", "primary_type": "Tourism", "sector_name": "49", "secondary_type": "park" }, "geometry": { "type": "Point", "coordinates": [ 76.756827, 30.696328 ] } },
{ "type": "Feature", "properties": { "name": "Kirman Kitchen", "primary_type": "Food and Drinks", "sector_name": "49", "secondary_type": "restaurant" }, "geometry": { "type": "Point", "coordinates": [ 76.7553823, 30.6973435 ] } },
{ "type": "Feature", "properties": { "name": "Arora's Foods & Snacks", "primary_type": "Food and Drinks", "sector_name": "49", "secondary_type": "indian_restaurant" }, "geometry": { "type": "Point", "coordinates": [ 76.7553511, 30.697442 ] } },
{ "type": "Feature", "properties": { "name": "Aura Dental Concept", "primary_type": "Essential Services", "sector_name": "49", "secondary_type": "dentist" }, "geometry": { "type": "Point", "coordinates": [ 76.7553456, 30.6973219 ] } },
{ "type": "Feature", "properties": { "name": "Food Paradise", "primary_type": "Food and Drinks", "sector_name": "49", "secondary_type": "restaurant" }, "geometry": { "type": "Point", "coordinates": [ 76.7553381, 30.6974556 ] } },
{ "type": "Feature", "properties": { "name": "New Sea Medicos", "primary_type": "Essential Services", "sector_name": "49", "secondary_type": "drugstore" }, "geometry": { "type": "Point", "coordinates": [ 76.7552971, 30.6973478 ] } },
{ "type": "Feature", "properties": { "name": "Jindal Gift & General Stores", "primary_type": "Essential Services", "sector_name": "49", "secondary_type": "grocery_store" }, "geometry": { "type": "Point", "coordinates": [ 76.7552642, 30.6973218 ] } },
{ "type": "Feature", "properties": { "name": "Astrologer In Chandigarh Swami Ji", "primary_type": "Essential Services", "sector_name": "47", "secondary_type": "doctor" }, "geometry": { "type": "Point", "coordinates": [ 76.7669214, 30.6921699 ] } },
{ "type": "Feature", "properties": { "name": "Harjinder medicos", "primary_type": "Essential Services", "sector_name": "47", "secondary_type": "doctor" }, "geometry": { "type": "Point", "coordinates": [ 76.7669615, 30.6919119 ] } },
{ "type": "Feature", "properties": { "name": "SANJEEV SHARMA", "primary_type": "Essential Services", "sector_name": "47", "secondary_type": "insurance_agency" }, "geometry": { "type": "Point", "coordinates": [ 76.7670096, 30.6928917 ] } },
{ "type": "Feature", "properties": { "name": "Nursing officer Rajesh prajapati", "primary_type": "Essential Services", "sector_name": "47", "secondary_type": "doctor" }, "geometry": { "type": "Point", "coordinates": [ 76.7675269, 30.6916605 ] } },
{ "type": "Feature", "properties": { "name": "Care Pain Clinic", "primary_type": "Essential Services", "sector_name": "47", "secondary_type": "hospital" }, "geometry": { "type": "Point", "coordinates": [ 76.7639371, 30.6943006 ] } },
{ "type": "Feature", "properties": { "name": "Dr Seema Rawal | Best Dentist in Chandigarh | Best Dental Clinic in Chandigarh", "primary_type": "Essential Services", "sector_name": "47", "secondary_type": "dentist" }, "geometry": { "type": "Point", "coordinates": [ 76.7679356, 30.6917716 ] } },
{ "type": "Feature", "properties": { "name": "Park - Sector-47C", "primary_type": "Tourism", "sector_name": "47", "secondary_type": "park" }, "geometry": { "type": "Point", "coordinates": [ 76.7676464, 30.6909177 ] } },
{ "type": "Feature", "properties": { "name": "La Pino'z Pizza Sec-47 Chandigarh", "primary_type": "Food and Drinks", "sector_name": "47", "secondary_type": "pizza_restaurant" }, "geometry": { "type": "Point", "coordinates": [ 76.7680937, 30.6915171 ] } },
{ "type": "Feature", "properties": { "name": "Atar Singh - Best financial and LIC Advisor in India", "primary_type": "Essential Services", "sector_name": "47", "secondary_type": "insurance_agency" }, "geometry": { "type": "Point", "coordinates": [ 76.7681124, 30.6914757 ] } },
{ "type": "Feature", "properties": { "name": "Big Public Park", "primary_type": "Tourism", "sector_name": "47", "secondary_type": "park" }, "geometry": { "type": "Point", "coordinates": [ 76.767632, 30.6941667 ] } },
{ "type": "Feature", "properties": { "name": "Dharam Prakash Sharma", "primary_type": "Essential Services", "sector_name": "47", "secondary_type": "pharmacy" }, "geometry": { "type": "Point", "coordinates": [ 76.76544, 30.695136 ] } },
{ "type": "Feature", "properties": { "name": "ICICI Bank Atm", "primary_type": "Essential Services", "sector_name": "47", "secondary_type": "atm" }, "geometry": { "type": "Point", "coordinates": [ 76.7661137, 30.6950819 ] } },
{ "type": "Feature", "properties": { "name": "Tekha", "primary_type": "Food and Drinks", "sector_name": "47", "secondary_type": "bar" }, "geometry": { "type": "Point", "coordinates": [ 76.7661137, 30.6950819 ] } },
{ "type": "Feature", "properties": { "name": "3214, Chandi Path", "primary_type": "Tourism", "sector_name": "47", "secondary_type": "park" }, "geometry": { "type": "Point", "coordinates": [ 76.764581, 30.6957175 ] } },
{ "type": "Feature", "properties": { "name": "Park - Sector 47D", "primary_type": "Tourism", "sector_name": "47", "secondary_type": "park" }, "geometry": { "type": "Point", "coordinates": [ 76.7645809, 30.6957702 ] } },
{ "type": "Feature", "properties": { "name": "foodesum", "primary_type": "Food and Drinks", "sector_name": "47", "secondary_type": "restaurant" }, "geometry": { "type": "Point", "coordinates": [ 76.766294, 30.6952768 ] } },
{ "type": "Feature", "properties": { "name": "ICICI BANK LTD", "primary_type": "Essential Services", "sector_name": "47", "secondary_type": "bank" }, "geometry": { "type": "Point", "coordinates": [ 76.7672554, 30.6953435 ] } },
{ "type": "Feature", "properties": { "name": "Park No. 46C33", "primary_type": "Tourism", "sector_name": "46", "secondary_type": "park" }, "geometry": { "type": "Point", "coordinates": [ 76.7635033, 30.696646 ] } },
{ "type": "Feature", "properties": { "name": "Axis Bank Branch", "primary_type": "Essential Services", "sector_name": "47", "secondary_type": "bank" }, "geometry": { "type": "Point", "coordinates": [ 76.7670781, 30.6966195 ] } },
{ "type": "Feature", "properties": { "name": "Gym trainer for best results", "primary_type": "Sports", "sector_name": "46", "secondary_type": "gym" }, "geometry": { "type": "Point", "coordinates": [ 76.764321, 30.6973741 ] } },
{ "type": "Feature", "properties": { "name": "Government homeopathic and ayurvedic dispensary", "primary_type": "Essential Services", "sector_name": "47", "secondary_type": "hospital" }, "geometry": { "type": "Point", "coordinates": [ 76.7676454, 30.6960868 ] } },
{ "type": "Feature", "properties": { "name": "ICICI Bank ATM", "primary_type": "Essential Services", "sector_name": "47", "secondary_type": "atm" }, "geometry": { "type": "Point", "coordinates": [ 76.766164, 30.6976857 ] } },
{ "type": "Feature", "properties": { "name": "Outdoor Badminton Court", "primary_type": "Sports", "sector_name": "47", "secondary_type": "playground" }, "geometry": { "type": "Point", "coordinates": [ 76.76644, 30.6976041 ] } },
{ "type": "Feature", "properties": { "name": "ICICI Bank Ltd.,Chandigarh-Sector 47", "primary_type": "Essential Services", "sector_name": "47", "secondary_type": "bank" }, "geometry": { "type": "Point", "coordinates": [ 76.76724, 30.697099 ] } },
{ "type": "Feature", "properties": { "name": "ICICI Bank Ltd, Chandigarh-Sector 47", "primary_type": "Essential Services", "sector_name": "47", "secondary_type": "bank" }, "geometry": { "type": "Point", "coordinates": [ 76.76724, 30.697099 ] } },
{ "type": "Feature", "properties": { "name": "Verma Travels-Taxi Service In Chandigrh-Rent Tempo travllr in Chandigarh", "primary_type": "Public Transport", "sector_name": "47", "secondary_type": "taxi_stand" }, "geometry": { "type": "Point", "coordinates": [ 76.7676184, 30.6966572 ] } },
{ "type": "Feature", "properties": { "name": "SBI BRANCH 32285 SECTOR 47 D", "primary_type": "Essential Services", "sector_name": "47", "secondary_type": "bank" }, "geometry": { "type": "Point", "coordinates": [ 76.767108, 30.6973033 ] } },
{ "type": "Feature", "properties": { "name": "Play Zone Park", "primary_type": "Tourism", "sector_name": "47", "secondary_type": "park" }, "geometry": { "type": "Point", "coordinates": [ 76.7692171, 30.6924547 ] } },
{ "type": "Feature", "properties": { "name": "Bench For Sitting", "primary_type": "Tourism", "sector_name": "47", "secondary_type": "park" }, "geometry": { "type": "Point", "coordinates": [ 76.7697214, 30.6931242 ] } },
{ "type": "Feature", "properties": { "name": "Comicano", "primary_type": "Shopping", "sector_name": "47", "secondary_type": "book_store" }, "geometry": { "type": "Point", "coordinates": [ 76.7702299, 30.6925846 ] } },
{ "type": "Feature", "properties": { "name": "Lucky medical store", "primary_type": "Essential Services", "sector_name": "47", "secondary_type": "drugstore" }, "geometry": { "type": "Point", "coordinates": [ 76.7694242, 30.6932434 ] } },
{ "type": "Feature", "properties": { "name": "Tall Tree House", "primary_type": "Tourism", "sector_name": "47", "secondary_type": "park" }, "geometry": { "type": "Point", "coordinates": [ 76.7703343, 30.6923126 ] } },
{ "type": "Feature", "properties": { "name": "Small Park", "primary_type": "Tourism", "sector_name": "47", "secondary_type": "park" }, "geometry": { "type": "Point", "coordinates": [ 76.770625, 30.6926505 ] } },
{ "type": "Feature", "properties": { "name": "Grill Thrill", "primary_type": "Food and Drinks", "sector_name": "47", "secondary_type": "meal_takeaway" }, "geometry": { "type": "Point", "coordinates": [ 76.7690603, 30.6935028 ] } },
{ "type": "Feature", "properties": { "name": "Dr Anmol Arya (Dentist & Orthodontist) Residence", "primary_type": "Essential Services", "sector_name": "47", "secondary_type": "hospital" }, "geometry": { "type": "Point", "coordinates": [ 76.7681346, 30.6939991 ] } },
{ "type": "Feature", "properties": { "name": "Perhlad Fish Centre", "primary_type": "Shopping", "sector_name": "47", "secondary_type": "market" }, "geometry": { "type": "Point", "coordinates": [ 76.7698977, 30.695182 ] } },
{ "type": "Feature", "properties": { "name": "Gopal Traders", "primary_type": "Shopping", "sector_name": "47", "secondary_type": "clothing_store" }, "geometry": { "type": "Point", "coordinates": [ 76.7700639, 30.6953798 ] } },
{ "type": "Feature", "properties": { "name": "Maa Durga Emporium", "primary_type": "Shopping", "sector_name": "47", "secondary_type": "clothing_store" }, "geometry": { "type": "Point", "coordinates": [ 76.7700832, 30.6952895 ] } },
{ "type": "Feature", "properties": { "name": "MRI & ct scan in Chandigarh", "primary_type": "Essential Services", "sector_name": "47", "secondary_type": "doctor" }, "geometry": { "type": "Point", "coordinates": [ 76.7701837, 30.6956097 ] } },
{ "type": "Feature", "properties": { "name": "Singla Store", "primary_type": "Essential Services", "sector_name": "47", "secondary_type": "food_store" }, "geometry": { "type": "Point", "coordinates": [ 76.7685298, 30.695747 ] } },
{ "type": "Feature", "properties": { "name": "Klasik Wears", "primary_type": "Shopping", "sector_name": "47", "secondary_type": "clothing_store" }, "geometry": { "type": "Point", "coordinates": [ 76.7685327, 30.6958041 ] } },
{ "type": "Feature", "properties": { "name": "Swati Garments", "primary_type": "Shopping", "sector_name": "47", "secondary_type": "clothing_store" }, "geometry": { "type": "Point", "coordinates": [ 76.768403, 30.695762 ] } },
{ "type": "Feature", "properties": { "name": "SHREE SAI COLLECTION", "primary_type": "Shopping", "sector_name": "47", "secondary_type": "clothing_store" }, "geometry": { "type": "Point", "coordinates": [ 76.7703074, 30.6952623 ] } },
{ "type": "Feature", "properties": { "name": "IndusInd Bank", "primary_type": "Essential Services", "sector_name": "47", "secondary_type": "bank" }, "geometry": { "type": "Point", "coordinates": [ 76.7683664, 30.6956216 ] } },
{ "type": "Feature", "properties": { "name": "Apparels Boutique", "primary_type": "Shopping", "sector_name": "47", "secondary_type": "clothing_store" }, "geometry": { "type": "Point", "coordinates": [ 76.7701209, 30.6949692 ] } },
{ "type": "Feature", "properties": { "name": "Surjit Stores", "primary_type": "Shopping", "sector_name": "47", "secondary_type": "book_store" }, "geometry": { "type": "Point", "coordinates": [ 76.76835, 30.695821 ] } },
{ "type": "Feature", "properties": { "name": "Scoobyard - Best fast Food Restaurant in Chandigarh", "primary_type": "Food and Drinks", "sector_name": "47", "secondary_type": "fast_food_restaurant" }, "geometry": { "type": "Point", "coordinates": [ 76.7696904, 30.6947266 ] } },
{ "type": "Feature", "properties": { "name": "The Haryana State Cooperative Apex Bank Limited", "primary_type": "Essential Services", "sector_name": "47", "secondary_type": "bank" }, "geometry": { "type": "Point", "coordinates": [ 76.7696904, 30.6947266 ] } },
{ "type": "Feature", "properties": { "name": "Aashish Medical Store", "primary_type": "Essential Services", "sector_name": "47", "secondary_type": "hospital" }, "geometry": { "type": "Point", "coordinates": [ 76.7696904, 30.6947266 ] } },
{ "type": "Feature", "properties": { "name": "Sharma Departmental Store", "primary_type": "Essential Services", "sector_name": "47", "secondary_type": "grocery_store" }, "geometry": { "type": "Point", "coordinates": [ 76.7683209, 30.6959329 ] } },
{ "type": "Feature", "properties": { "name": "Sector 31 park", "primary_type": "Tourism", "sector_name": "47", "secondary_type": "park" }, "geometry": { "type": "Point", "coordinates": [ 76.7691311, 30.6982362 ] } },
{ "type": "Feature", "properties": { "name": "MQX9+956", "primary_type": "Tourism", "sector_name": "47", "secondary_type": "park" }, "geometry": { "type": "Point", "coordinates": [ 76.7680071, 30.6983646 ] } },
{ "type": "Feature", "properties": { "name": "Manshu Boutique", "primary_type": "Shopping", "sector_name": "47", "secondary_type": "clothing_store" }, "geometry": { "type": "Point", "coordinates": [ 76.7686382, 30.6978123 ] } },
{ "type": "Feature", "properties": { "name": "Family welfare center (FWC)", "primary_type": "Essential Services", "sector_name": "47", "secondary_type": "doctor" }, "geometry": { "type": "Point", "coordinates": [ 76.7698123, 30.6976057 ] } },
{ "type": "Feature", "properties": { "name": "Kundan International School - Playground", "primary_type": "Sports", "sector_name": "46", "secondary_type": "playground" }, "geometry": { "type": "Point", "coordinates": [ 76.7685237, 30.7001453 ] } },
{ "type": "Feature", "properties": { "name": "Park - Sector-47A", "primary_type": "Tourism", "sector_name": "47", "secondary_type": "park" }, "geometry": { "type": "Point", "coordinates": [ 76.7695517, 30.6973302 ] } },
{ "type": "Feature", "properties": { "name": "Pakoda wale Aunty-Uncle", "primary_type": "Food and Drinks", "sector_name": "47", "secondary_type": "fast_food_restaurant" }, "geometry": { "type": "Point", "coordinates": [ 76.7687005, 30.697295 ] } },
{ "type": "Feature", "properties": { "name": "Kundan Fish Market 47", "primary_type": "Shopping", "sector_name": "47", "secondary_type": "market" }, "geometry": { "type": "Point", "coordinates": [ 76.7687005, 30.697295 ] } },
{ "type": "Feature", "properties": { "name": "Sanjivani Primary Health Care", "primary_type": "Essential Services", "sector_name": "47", "secondary_type": "hospital" }, "geometry": { "type": "Point", "coordinates": [ 76.7714969, 30.6993021 ] } },
{ "type": "Feature", "properties": { "name": "Punjabi Rasoi", "primary_type": "Food and Drinks", "sector_name": "47", "secondary_type": "fast_food_restaurant" }, "geometry": { "type": "Point", "coordinates": [ 76.7680258, 30.6973183 ] } },
{ "type": "Feature", "properties": { "name": "Rahul Speed Skating Academy 46", "primary_type": "Sports", "sector_name": "46", "secondary_type": "sports_complex" }, "geometry": { "type": "Point", "coordinates": [ 76.7680711, 30.7003867 ] } },
{ "type": "Feature", "properties": { "name": "Dr Vinod Barwal", "primary_type": "Essential Services", "sector_name": "46", "secondary_type": "doctor" }, "geometry": { "type": "Point", "coordinates": [ 76.7672561, 30.6996954 ] } },
{ "type": "Feature", "properties": { "name": "Dr Neeraj Sharma", "primary_type": "Essential Services", "sector_name": "46", "secondary_type": "doctor" }, "geometry": { "type": "Point", "coordinates": [ 76.7671653, 30.699599 ] } },
{ "type": "Feature", "properties": { "name": "Shri Dhanwantry Ayurvedic College and Hospital", "primary_type": "Essential Services", "sector_name": "46", "secondary_type": "hospital" }, "geometry": { "type": "Point", "coordinates": [ 76.7672516, 30.6998269 ] } },
{ "type": "Feature", "properties": { "name": "Velocity Taekwondo Academy", "primary_type": "Sports", "sector_name": "46", "secondary_type": "sports_activity_location" }, "geometry": { "type": "Point", "coordinates": [ 76.7689943, 30.7009553 ] } },
{ "type": "Feature", "properties": { "name": "Dr S.D Pandey", "primary_type": "Essential Services", "sector_name": "46", "secondary_type": "doctor" }, "geometry": { "type": "Point", "coordinates": [ 76.7672169, 30.699955 ] } },
{ "type": "Feature", "properties": { "name": "Children's Park", "primary_type": "Tourism", "sector_name": "47", "secondary_type": "park" }, "geometry": { "type": "Point", "coordinates": [ 76.7715635, 30.7000927 ] } },
{ "type": "Feature", "properties": { "name": "AROMA PHARMA", "primary_type": "Essential Services", "sector_name": "47", "secondary_type": "pharmacy" }, "geometry": { "type": "Point", "coordinates": [ 76.7739055, 30.6962544 ] } },
{ "type": "Feature", "properties": { "name": "Team Wind Chasers Skating Academy (Sec 47)", "primary_type": "Sports", "sector_name": "47", "secondary_type": "sports_club" }, "geometry": { "type": "Point", "coordinates": [ 76.774295, 30.696481 ] } },
{ "type": "Feature", "properties": { "name": "Forested Area", "primary_type": "Tourism", "sector_name": "47", "secondary_type": "park" }, "geometry": { "type": "Point", "coordinates": [ 76.7750409, 30.697732 ] } },
{ "type": "Feature", "properties": { "name": "Kendriya Vidhayalay Park", "primary_type": "Tourism", "sector_name": "47", "secondary_type": "park" }, "geometry": { "type": "Point", "coordinates": [ 76.7725574, 30.6980392 ] } },
{ "type": "Feature", "properties": { "name": "Dr Palak Banta", "primary_type": "Essential Services", "sector_name": "47", "secondary_type": "dentist" }, "geometry": { "type": "Point", "coordinates": [ 76.7714943, 30.6937264 ] } },
{ "type": "Feature", "properties": { "name": "Dr Samar Grover", "primary_type": "Essential Services", "sector_name": "47", "secondary_type": "dentist" }, "geometry": { "type": "Point", "coordinates": [ 76.7714742, 30.6937257 ] } },
{ "type": "Feature", "properties": { "name": "Bristles Dental Studios - Dentist in Chandigarh | Best Dental Clinic | Root Canal | Dental Braces Orthodontist", "primary_type": "Essential Services", "sector_name": "47", "secondary_type": "dental_clinic" }, "geometry": { "type": "Point", "coordinates": [ 76.7715054, 30.6936547 ] } },
{ "type": "Feature", "properties": { "name": "Goyal Enterprises", "primary_type": "Essential Services", "sector_name": "47", "secondary_type": "supermarket" }, "geometry": { "type": "Point", "coordinates": [ 76.7704331, 30.6952229 ] } },
{ "type": "Feature", "properties": { "name": "Swasthik Labs", "primary_type": "Essential Services", "sector_name": "47", "secondary_type": "medical_lab" }, "geometry": { "type": "Point", "coordinates": [ 76.7710346, 30.6940117 ] } },
{ "type": "Feature", "properties": { "name": "Kotak Mahindra Bank ATM", "primary_type": "Essential Services", "sector_name": "47", "secondary_type": "atm" }, "geometry": { "type": "Point", "coordinates": [ 76.770636, 30.694545 ] } },
{ "type": "Feature", "properties": { "name": "AOL", "primary_type": "Essential Services", "sector_name": "47", "secondary_type": "doctor" }, "geometry": { "type": "Point", "coordinates": [ 76.7710021, 30.6939989 ] } },
{ "type": "Feature", "properties": { "name": "Market Sector 47", "primary_type": "Shopping", "sector_name": "47", "secondary_type": "market" }, "geometry": { "type": "Point", "coordinates": [ 76.7709822, 30.6939965 ] } },
{ "type": "Feature", "properties": { "name": "Rk Boutique", "primary_type": "Shopping", "sector_name": "47", "secondary_type": "clothing_store" }, "geometry": { "type": "Point", "coordinates": [ 76.770895, 30.69406 ] } },
{ "type": "Feature", "properties": { "name": "Helix", "primary_type": "Essential Services", "sector_name": "47", "secondary_type": "hospital" }, "geometry": { "type": "Point", "coordinates": [ 76.7712662, 30.6936811 ] } },
{ "type": "Feature", "properties": { "name": "Pundeer Cloth House", "primary_type": "Shopping", "sector_name": "47", "secondary_type": "clothing_store" }, "geometry": { "type": "Point", "coordinates": [ 76.7710355, 30.693855 ] } },
{ "type": "Feature", "properties": { "name": "Sector 47-B Park", "primary_type": "Tourism", "sector_name": "47", "secondary_type": "park" }, "geometry": { "type": "Point", "coordinates": [ 76.7741745, 30.6988852 ] } },
{ "type": "Feature", "properties": { "name": "MQXG+P7F", "primary_type": "Tourism", "sector_name": "31", "secondary_type": "park" }, "geometry": { "type": "Point", "coordinates": [ 76.7759407, 30.6995361 ] } },
{ "type": "Feature", "properties": { "name": "Sector 31 C Green park", "primary_type": "Tourism", "sector_name": "31", "secondary_type": "park" }, "geometry": { "type": "Point", "coordinates": [ 76.7756658, 30.6993183 ] } },
{ "type": "Feature", "properties": { "name": "Sector 31D Park", "primary_type": "Tourism", "sector_name": "31", "secondary_type": "park" }, "geometry": { "type": "Point", "coordinates": [ 76.773865, 30.7019511 ] } },
{ "type": "Feature", "properties": { "name": "Civil Dispensary Sector -50", "primary_type": "Essential Services", "sector_name": "50", "secondary_type": "hospital" }, "geometry": { "type": "Point", "coordinates": [ 76.7460814, 30.6987227 ] } },
{ "type": "Feature", "properties": { "name": "The Thread Mill", "primary_type": "Shopping", "sector_name": "50", "secondary_type": "clothing_store" }, "geometry": { "type": "Point", "coordinates": [ 76.7451274, 30.7013592 ] } },
{ "type": "Feature", "properties": { "name": "Aarogya Sadan", "primary_type": "Sports", "sector_name": "50", "secondary_type": "yoga_studio" }, "geometry": { "type": "Point", "coordinates": [ 76.7460616, 30.700519 ] } },
{ "type": "Feature", "properties": { "name": "Best Oncologists in Chandigarh, Dr. Sunandan Sharma", "primary_type": "Essential Services", "sector_name": "50", "secondary_type": "doctor" }, "geometry": { "type": "Point", "coordinates": [ 76.7462771, 30.7004418 ] } },
{ "type": "Feature", "properties": { "name": "Society Park", "primary_type": "Tourism", "sector_name": "50", "secondary_type": "park" }, "geometry": { "type": "Point", "coordinates": [ 76.7463168, 30.7004172 ] } },
{ "type": "Feature", "properties": { "name": "Dr. Jayati Batra Skin Specialist", "primary_type": "Essential Services", "sector_name": "50", "secondary_type": "doctor" }, "geometry": { "type": "Point", "coordinates": [ 76.7452688, 30.7021151 ] } },
{ "type": "Feature", "properties": { "name": "Chandigarh Sports Complex Sector 50", "primary_type": "Sports", "sector_name": "50", "secondary_type": "sports_complex" }, "geometry": { "type": "Point", "coordinates": [ 76.7471451, 30.7010923 ] } },
{ "type": "Feature", "properties": { "name": "SWIFT360DAYS", "primary_type": "Sports", "sector_name": "50", "secondary_type": "fitness_center" }, "geometry": { "type": "Point", "coordinates": [ 76.748357, 30.696578 ] } },
{ "type": "Feature", "properties": { "name": "Virk Taxi Stand", "primary_type": "Public Transport", "sector_name": "50", "secondary_type": "taxi_stand" }, "geometry": { "type": "Point", "coordinates": [ 76.749123, 30.6988552 ] } },
{ "type": "Feature", "properties": { "name": "abhinav cloth", "primary_type": "Shopping", "sector_name": "50", "secondary_type": "clothing_store" }, "geometry": { "type": "Point", "coordinates": [ 76.750966, 30.6998681 ] } },
{ "type": "Feature", "properties": { "name": "S.G Enterprises", "primary_type": "Shopping", "sector_name": "50", "secondary_type": "clothing_store" }, "geometry": { "type": "Point", "coordinates": [ 76.750966, 30.699868 ] } },
{ "type": "Feature", "properties": { "name": "Jooly Dr Dhanedra", "primary_type": "Essential Services", "sector_name": "50", "secondary_type": "doctor" }, "geometry": { "type": "Point", "coordinates": [ 76.7509661, 30.6998681 ] } },
{ "type": "Feature", "properties": { "name": "SockSoho", "primary_type": "Shopping", "sector_name": "50", "secondary_type": "clothing_store" }, "geometry": { "type": "Point", "coordinates": [ 76.7510461, 30.7003303 ] } },
{ "type": "Feature", "properties": { "name": "BAD 2.0", "primary_type": "Tourism", "sector_name": "50", "secondary_type": "park" }, "geometry": { "type": "Point", "coordinates": [ 76.7509345, 30.7008485 ] } },
{ "type": "Feature", "properties": { "name": "Ambedkar Park", "primary_type": "Tourism", "sector_name": "51", "secondary_type": "park" }, "geometry": { "type": "Point", "coordinates": [ 76.7469183, 30.7045025 ] } },
{ "type": "Feature", "properties": { "name": "Apartment Bldg", "primary_type": "Tourism", "sector_name": "51", "secondary_type": "park" }, "geometry": { "type": "Point", "coordinates": [ 76.7458713, 30.7040601 ] } },
{ "type": "Feature", "properties": { "name": "Bell Book & Candle (PAN India Book Club)", "primary_type": "Shopping", "sector_name": "51", "secondary_type": "book_store" }, "geometry": { "type": "Point", "coordinates": [ 76.7454885, 30.7038252 ] } },
{ "type": "Feature", "properties": { "name": "Vaid Mahinder Gupta", "primary_type": "Essential Services", "sector_name": "50", "secondary_type": "doctor" }, "geometry": { "type": "Point", "coordinates": [ 76.7523215, 30.6993956 ] } },
{ "type": "Feature", "properties": { "name": "National Highway 21", "primary_type": "Tourism", "sector_name": "50", "secondary_type": "park" }, "geometry": { "type": "Point", "coordinates": [ 76.7542121, 30.701262 ] } },
{ "type": "Feature", "properties": { "name": "Vadilal", "primary_type": "Essential Services", "sector_name": "50", "secondary_type": "grocery_store" }, "geometry": { "type": "Point", "coordinates": [ 76.7519354, 30.7020631 ] } },
{ "type": "Feature", "properties": { "name": "Dr Vandana Singla", "primary_type": "Essential Services", "sector_name": "49", "secondary_type": "doctor" }, "geometry": { "type": "Point", "coordinates": [ 76.7552583, 30.6988879 ] } },
{ "type": "Feature", "properties": { "name": "Sector 49A Public Toilet", "primary_type": "Essential Services", "sector_name": "49", "secondary_type": "hospital" }, "geometry": { "type": "Point", "coordinates": [ 76.7552583, 30.6988879 ] } },
{ "type": "Feature", "properties": { "name": "Crown fresh foods", "primary_type": "Shopping", "sector_name": "49", "secondary_type": "market" }, "geometry": { "type": "Point", "coordinates": [ 76.7552583, 30.6988879 ] } },
{ "type": "Feature", "properties": { "name": "Urban Theka Coffeeholic Cafe", "primary_type": "Food and Drinks", "sector_name": "49", "secondary_type": "cafe" }, "geometry": { "type": "Point", "coordinates": [ 76.7552583, 30.6988879 ] } },
{ "type": "Feature", "properties": { "name": "Wholesale Price", "primary_type": "Shopping", "sector_name": "45", "secondary_type": "clothing_store" }, "geometry": { "type": "Point", "coordinates": [ 76.7514467, 30.7058738 ] } },
{ "type": "Feature", "properties": { "name": "Stuti Park", "primary_type": "Tourism", "sector_name": "45", "secondary_type": "park" }, "geometry": { "type": "Point", "coordinates": [ 76.7553686, 30.7030432 ] } },
{ "type": "Feature", "properties": { "name": "Dr. Barun kumar Verma | Physiotherapist | Ritu Clinic & Physiotherapy Center", "primary_type": "Essential Services", "sector_name": "45", "secondary_type": "doctor" }, "geometry": { "type": "Point", "coordinates": [ 76.7541567, 30.7055629 ] } },
{ "type": "Feature", "properties": { "name": "N K Clinic (Dr Navjot Kaur)", "primary_type": "Essential Services", "sector_name": "45", "secondary_type": "doctor" }, "geometry": { "type": "Point", "coordinates": [ 76.7541567, 30.7055629 ] } },
{ "type": "Feature", "properties": { "name": "Ruhani Collection", "primary_type": "Shopping", "sector_name": "45", "secondary_type": "clothing_store" }, "geometry": { "type": "Point", "coordinates": [ 76.7541567, 30.7055629 ] } },
{ "type": "Feature", "properties": { "name": "Dr C Ram (Homeopathic)", "primary_type": "Essential Services", "sector_name": "46", "secondary_type": "doctor" }, "geometry": { "type": "Point", "coordinates": [ 76.7603096, 30.6984629 ] } },
{ "type": "Feature", "properties": { "name": "Park -18", "primary_type": "Tourism", "sector_name": "46", "secondary_type": "park" }, "geometry": { "type": "Point", "coordinates": [ 76.7610075, 30.6977136 ] } },
{ "type": "Feature", "properties": { "name": "Anksturs.", "primary_type": "Essential Services", "sector_name": "46", "secondary_type": "hospital" }, "geometry": { "type": "Point", "coordinates": [ 76.7611689, 30.6974569 ] } },
{ "type": "Feature", "properties": { "name": "Park 20", "primary_type": "Tourism", "sector_name": "46", "secondary_type": "park" }, "geometry": { "type": "Point", "coordinates": [ 76.7605639, 30.6994056 ] } },
{ "type": "Feature", "properties": { "name": "Park 19", "primary_type": "Tourism", "sector_name": "46", "secondary_type": "park" }, "geometry": { "type": "Point", "coordinates": [ 76.7615168, 30.698648 ] } },
{ "type": "Feature", "properties": { "name": "Govt High School Playground", "primary_type": "Sports", "sector_name": "46", "secondary_type": "playground" }, "geometry": { "type": "Point", "coordinates": [ 76.7617394, 30.6976368 ] } },
{ "type": "Feature", "properties": { "name": "Kids Playing area", "primary_type": "Tourism", "sector_name": "46", "secondary_type": "park" }, "geometry": { "type": "Point", "coordinates": [ 76.7610052, 30.6996441 ] } },
{ "type": "Feature", "properties": { "name": "Dr Amita Dental Clinic and implant centre", "primary_type": "Essential Services", "sector_name": "46", "secondary_type": "dental_clinic" }, "geometry": { "type": "Point", "coordinates": [ 76.7593999, 30.699875 ] } },
{ "type": "Feature", "properties": { "name": "Sewin Style by Kamalpreet Hundal", "primary_type": "Shopping", "sector_name": "46", "secondary_type": "clothing_store" }, "geometry": { "type": "Point", "coordinates": [ 76.7601505, 30.7001237 ] } },
{ "type": "Feature", "properties": { "name": "Dr Anuj Kohli", "primary_type": "Essential Services", "sector_name": "46", "secondary_type": "doctor" }, "geometry": { "type": "Point", "coordinates": [ 76.761972, 30.696863 ] } },
{ "type": "Feature", "properties": { "name": "Seesaws For kids", "primary_type": "Tourism", "sector_name": "46", "secondary_type": "park" }, "geometry": { "type": "Point", "coordinates": [ 76.7625667, 30.6979713 ] } },
{ "type": "Feature", "properties": { "name": "Chopra Medicos", "primary_type": "Essential Services", "sector_name": "46", "secondary_type": "drugstore" }, "geometry": { "type": "Point", "coordinates": [ 76.7625667, 30.6979713 ] } },
{ "type": "Feature", "properties": { "name": "Sachdeva Enterprises", "primary_type": "Shopping", "sector_name": "46", "secondary_type": "clothing_store" }, "geometry": { "type": "Point", "coordinates": [ 76.7626285, 30.6978945 ] } },
{ "type": "Feature", "properties": { "name": "FOX CROSSFIT", "primary_type": "Sports", "sector_name": "46", "secondary_type": "gym" }, "geometry": { "type": "Point", "coordinates": [ 76.7626285, 30.6978945 ] } },
{ "type": "Feature", "properties": { "name": "Life Line - Chemists and Druggists", "primary_type": "Essential Services", "sector_name": "46", "secondary_type": "pharmacy" }, "geometry": { "type": "Point", "coordinates": [ 76.7626285, 30.6978945 ] } },
{ "type": "Feature", "properties": { "name": "chacha snacks bar", "primary_type": "Food and Drinks", "sector_name": "46", "secondary_type": "bar" }, "geometry": { "type": "Point", "coordinates": [ 76.7626285, 30.6978945 ] } },
{ "type": "Feature", "properties": { "name": "Community Park", "primary_type": "Tourism", "sector_name": "46", "secondary_type": "park" }, "geometry": { "type": "Point", "coordinates": [ 76.7602081, 30.7015727 ] } },
{ "type": "Feature", "properties": { "name": "PQ25+QX8", "primary_type": "Tourism", "sector_name": "46", "secondary_type": "park" }, "geometry": { "type": "Point", "coordinates": [ 76.7599377, 30.7018094 ] } },
{ "type": "Feature", "properties": { "name": "Rocky sonipatiya", "primary_type": "Sports", "sector_name": "46", "secondary_type": "gym" }, "geometry": { "type": "Point", "coordinates": [ 76.7603434, 30.7015426 ] } },
{ "type": "Feature", "properties": { "name": "HDFC Bank", "primary_type": "Essential Services", "sector_name": "46", "secondary_type": "bank" }, "geometry": { "type": "Point", "coordinates": [ 76.7603859, 30.7016168 ] } },
{ "type": "Feature", "properties": { "name": "Park -22", "primary_type": "Tourism", "sector_name": "46", "secondary_type": "park" }, "geometry": { "type": "Point", "coordinates": [ 76.7599387, 30.7019033 ] } },
{ "type": "Feature", "properties": { "name": "Dr. Pahuja Homeopathy", "primary_type": "Essential Services", "sector_name": "46", "secondary_type": "doctor" }, "geometry": { "type": "Point", "coordinates": [ 76.7606911, 30.7007021 ] } },
{ "type": "Feature", "properties": { "name": "Park - 23", "primary_type": "Tourism", "sector_name": "46", "secondary_type": "park" }, "geometry": { "type": "Point", "coordinates": [ 76.7593885, 30.7019451 ] } },
{ "type": "Feature", "properties": { "name": "Playground", "primary_type": "Sports", "sector_name": "46", "secondary_type": "playground" }, "geometry": { "type": "Point", "coordinates": [ 76.7587655, 30.7012473 ] } },
{ "type": "Feature", "properties": { "name": "Poonam Tiffin Services", "primary_type": "Food and Drinks", "sector_name": "46", "secondary_type": "restaurant" }, "geometry": { "type": "Point", "coordinates": [ 76.7609727, 30.7002815 ] } },
{ "type": "Feature", "properties": { "name": "Jhulle Wala Point", "primary_type": "Tourism", "sector_name": "45", "secondary_type": "park" }, "geometry": { "type": "Point", "coordinates": [ 76.7588286, 30.7026682 ] } },
{ "type": "Feature", "properties": { "name": "Sahil and Simran Park", "primary_type": "Tourism", "sector_name": "46", "secondary_type": "park" }, "geometry": { "type": "Point", "coordinates": [ 76.7620826, 30.7004289 ] } },
{ "type": "Feature", "properties": { "name": "Charu Kashyap", "primary_type": "Shopping", "sector_name": "45", "secondary_type": "clothing_store" }, "geometry": { "type": "Point", "coordinates": [ 76.758962, 30.703076 ] } },
{ "type": "Feature", "properties": { "name": "Park 16", "primary_type": "Tourism", "sector_name": "46", "secondary_type": "park" }, "geometry": { "type": "Point", "coordinates": [ 76.7641923, 30.6979751 ] } },
{ "type": "Feature", "properties": { "name": "Park-15", "primary_type": "Tourism", "sector_name": "46", "secondary_type": "park" }, "geometry": { "type": "Point", "coordinates": [ 76.7633441, 30.698018 ] } },
{ "type": "Feature", "properties": { "name": "Mini Shop", "primary_type": "Shopping", "sector_name": "46", "secondary_type": "clothing_store" }, "geometry": { "type": "Point", "coordinates": [ 76.763824, 30.69894 ] } },
{ "type": "Feature", "properties": { "name": "MQX7+M8C", "primary_type": "Tourism", "sector_name": "46", "secondary_type": "park" }, "geometry": { "type": "Point", "coordinates": [ 76.7631835, 30.6991456 ] } },
{ "type": "Feature", "properties": { "name": "ROYAL SMILE THE DENTAL HUB, best dental clinic, implants and clear aligners", "primary_type": "Essential Services", "sector_name": "46", "secondary_type": "dental_clinic" }, "geometry": { "type": "Point", "coordinates": [ 76.7631372, 30.6975054 ] } },
{ "type": "Feature", "properties": { "name": "Park-12", "primary_type": "Tourism", "sector_name": "46", "secondary_type": "park" }, "geometry": { "type": "Point", "coordinates": [ 76.7640411, 30.6993517 ] } },
{ "type": "Feature", "properties": { "name": "Dr. Ravi", "primary_type": "Essential Services", "sector_name": "46", "secondary_type": "doctor" }, "geometry": { "type": "Point", "coordinates": [ 76.7648177, 30.6993475 ] } },
{ "type": "Feature", "properties": { "name": "Sector 46 C Park - 13", "primary_type": "Tourism", "sector_name": "46", "secondary_type": "park" }, "geometry": { "type": "Point", "coordinates": [ 76.763275, 30.6991842 ] } },
{ "type": "Feature", "properties": { "name": "Sahiba collection", "primary_type": "Shopping", "sector_name": "46", "secondary_type": "clothing_store" }, "geometry": { "type": "Point", "coordinates": [ 76.7629499, 30.6972648 ] } },
{ "type": "Feature", "properties": { "name": "Swarn Dhaba (Branch of Sector 30)", "primary_type": "Food and Drinks", "sector_name": "46", "secondary_type": "indian_restaurant" }, "geometry": { "type": "Point", "coordinates": [ 76.7646161, 30.7011316 ] } },
{ "type": "Feature", "properties": { "name": "Tavern", "primary_type": "Food and Drinks", "sector_name": "46", "secondary_type": "restaurant" }, "geometry": { "type": "Point", "coordinates": [ 76.7646454, 30.700848 ] } },
{ "type": "Feature", "properties": { "name": "Badboys007", "primary_type": "Food and Drinks", "sector_name": "46", "secondary_type": "fast_food_restaurant" }, "geometry": { "type": "Point", "coordinates": [ 76.7650305, 30.7014862 ] } },
{ "type": "Feature", "properties": { "name": "Prem Medicos", "primary_type": "Essential Services", "sector_name": "46", "secondary_type": "pharmacy" }, "geometry": { "type": "Point", "coordinates": [ 76.7650627, 30.7015092 ] } },
{ "type": "Feature", "properties": { "name": "Nathaniels", "primary_type": "Shopping", "sector_name": "46", "secondary_type": "clothing_store" }, "geometry": { "type": "Point", "coordinates": [ 76.7647431, 30.7007482 ] } },
{ "type": "Feature", "properties": { "name": "Subway Sector 46 Chandigarh", "primary_type": "Food and Drinks", "sector_name": "46", "secondary_type": "fast_food_restaurant" }, "geometry": { "type": "Point", "coordinates": [ 76.7647858, 30.7007702 ] } },
{ "type": "Feature", "properties": { "name": "Brinda Sweets, Resturant, Bakery and Confectionery", "primary_type": "Food and Drinks", "sector_name": "46", "secondary_type": "restaurant" }, "geometry": { "type": "Point", "coordinates": [ 76.7647653, 30.7006781 ] } },
{ "type": "Feature", "properties": { "name": "Park Sector 46 C", "primary_type": "Tourism", "sector_name": "46", "secondary_type": "park" }, "geometry": { "type": "Point", "coordinates": [ 76.7634089, 30.7009772 ] } },
{ "type": "Feature", "properties": { "name": "Kids Playing Area 2", "primary_type": "Sports", "sector_name": "46", "secondary_type": "playground" }, "geometry": { "type": "Point", "coordinates": [ 76.7636177, 30.700743 ] } },
{ "type": "Feature", "properties": { "name": "KAPOOR PROVISION STORE", "primary_type": "Essential Services", "sector_name": "46", "secondary_type": "grocery_store" }, "geometry": { "type": "Point", "coordinates": [ 76.7651905, 30.7014213 ] } },
{ "type": "Feature", "properties": { "name": "Sector 46 A Park", "primary_type": "Tourism", "sector_name": "46", "secondary_type": "park" }, "geometry": { "type": "Point", "coordinates": [ 76.767376, 30.7031508 ] } },
{ "type": "Feature", "properties": { "name": "Yes Bank ATM", "primary_type": "Essential Services", "sector_name": "46", "secondary_type": "bank" }, "geometry": { "type": "Point", "coordinates": [ 76.7646426, 30.7005954 ] } },
{ "type": "Feature", "properties": { "name": "Rana Ji's eat story", "primary_type": "Food and Drinks", "sector_name": "46", "secondary_type": "restaurant" }, "geometry": { "type": "Point", "coordinates": [ 76.7652099, 30.7013847 ] } },
{ "type": "Feature", "properties": { "name": "HDFC BANK", "primary_type": "Essential Services", "sector_name": "46", "secondary_type": "bank" }, "geometry": { "type": "Point", "coordinates": [ 76.7648659, 30.7007034 ] } },
{ "type": "Feature", "properties": { "name": "Pizza Freaker'z", "primary_type": "Food and Drinks", "sector_name": "46", "secondary_type": "meal_takeaway" }, "geometry": { "type": "Point", "coordinates": [ 76.7652404, 30.7013147 ] } },
{ "type": "Feature", "properties": { "name": "V P Dr Tyagi", "primary_type": "Essential Services", "sector_name": "46", "secondary_type": "doctor" }, "geometry": { "type": "Point", "coordinates": [ 76.7643965, 30.7004669 ] } },
{ "type": "Feature", "properties": { "name": "Paljor's kitchen", "primary_type": "Food and Drinks", "sector_name": "46", "secondary_type": "restaurant" }, "geometry": { "type": "Point", "coordinates": [ 76.7652683, 30.7011988 ] } },
{ "type": "Feature", "properties": { "name": "46 Park", "primary_type": "Tourism", "sector_name": "46", "secondary_type": "park" }, "geometry": { "type": "Point", "coordinates": [ 76.7639952, 30.7049083 ] } },
{ "type": "Feature", "properties": { "name": "DK FAST FOOD", "primary_type": "Food and Drinks", "sector_name": "46", "secondary_type": "vegetarian_restaurant" }, "geometry": { "type": "Point", "coordinates": [ 76.7640888, 30.7049648 ] } },
{ "type": "Feature", "properties": { "name": "Vikas medical agency", "primary_type": "Essential Services", "sector_name": "45", "secondary_type": "pharmacy" }, "geometry": { "type": "Point", "coordinates": [ 76.763675, 30.7055783 ] } },
{ "type": "Feature", "properties": { "name": "Akshit's park", "primary_type": "Tourism", "sector_name": "46", "secondary_type": "park" }, "geometry": { "type": "Point", "coordinates": [ 76.7649528, 30.7055989 ] } },
{ "type": "Feature", "properties": { "name": "Dr. Chadha Homeopathic Remedies", "primary_type": "Essential Services", "sector_name": "45", "secondary_type": "pharmacy" }, "geometry": { "type": "Point", "coordinates": [ 76.762974, 30.7051101 ] } },
{ "type": "Feature", "properties": { "name": "National Book Trust India", "primary_type": "Shopping", "sector_name": "46", "secondary_type": "book_store" }, "geometry": { "type": "Point", "coordinates": [ 76.764722, 30.7057534 ] } },
{ "type": "Feature", "properties": { "name": "गीता प्रेस", "primary_type": "Shopping", "sector_name": "46", "secondary_type": "book_store" }, "geometry": { "type": "Point", "coordinates": [ 76.7647218, 30.7057537 ] } },
{ "type": "Feature", "properties": { "name": "bhu-sanjeevani sangrha", "primary_type": "Shopping", "sector_name": "46", "secondary_type": "book_store" }, "geometry": { "type": "Point", "coordinates": [ 76.7647178, 30.7057666 ] } },
{ "type": "Feature", "properties": { "name": "Amar Sales", "primary_type": "Shopping", "sector_name": "45", "secondary_type": "store" }, "geometry": { "type": "Point", "coordinates": [ 76.7636312, 30.7057637 ] } },
{ "type": "Feature", "properties": { "name": "ICICI BANK ATM", "primary_type": "Essential Services", "sector_name": "45", "secondary_type": "bank" }, "geometry": { "type": "Point", "coordinates": [ 76.763509, 30.7057483 ] } },
{ "type": "Feature", "properties": { "name": "CANARA BANK ATM1", "primary_type": "Essential Services", "sector_name": "45", "secondary_type": "atm" }, "geometry": { "type": "Point", "coordinates": [ 76.7637962, 30.7058545 ] } },
{ "type": "Feature", "properties": { "name": "DXN REISHI AYURVEDA CENTRE - RAJEEV", "primary_type": "Sports", "sector_name": "45", "secondary_type": "gym" }, "geometry": { "type": "Point", "coordinates": [ 76.763443, 30.7057272 ] } },
{ "type": "Feature", "properties": { "name": "CANARA BANK - CHANDIGARH SECTOR 45", "primary_type": "Essential Services", "sector_name": "45", "secondary_type": "bank" }, "geometry": { "type": "Point", "coordinates": [ 76.7637981, 30.7058741 ] } },
{ "type": "Feature", "properties": { "name": "ATM", "primary_type": "Essential Services", "sector_name": "45", "secondary_type": "atm" }, "geometry": { "type": "Point", "coordinates": [ 76.7638663, 30.7058905 ] } },
{ "type": "Feature", "properties": { "name": "Shaan-E-Delhi Darbar Dhaba", "primary_type": "Food and Drinks", "sector_name": "45", "secondary_type": "indian_restaurant" }, "geometry": { "type": "Point", "coordinates": [ 76.7632245, 30.7056113 ] } },
{ "type": "Feature", "properties": { "name": "Chill point", "primary_type": "Food and Drinks", "sector_name": "45", "secondary_type": "bar" }, "geometry": { "type": "Point", "coordinates": [ 76.7624429, 30.7048302 ] } },
{ "type": "Feature", "properties": { "name": "Tida Sports Academies Chandigarh 46", "primary_type": "Sports", "sector_name": "46", "secondary_type": "sports_complex" }, "geometry": { "type": "Point", "coordinates": [ 76.76715, 30.7021015 ] } },
{ "type": "Feature", "properties": { "name": "Little House Of Smiles Dental Clinic", "primary_type": "Essential Services", "sector_name": "46", "secondary_type": "dentist" }, "geometry": { "type": "Point", "coordinates": [ 76.768122, 30.7026409 ] } },
{ "type": "Feature", "properties": { "name": "Dr Anshu (Gynaecologist)", "primary_type": "Essential Services", "sector_name": "46", "secondary_type": "doctor" }, "geometry": { "type": "Point", "coordinates": [ 76.7672032, 30.7001588 ] } },
{ "type": "Feature", "properties": { "name": "Park Number 21", "primary_type": "Tourism", "sector_name": "46", "secondary_type": "park" }, "geometry": { "type": "Point", "coordinates": [ 76.7664219, 30.7014181 ] } },
{ "type": "Feature", "properties": { "name": "Basketball Playground", "primary_type": "Sports", "sector_name": "46", "secondary_type": "playground" }, "geometry": { "type": "Point", "coordinates": [ 76.7671136, 30.7027373 ] } },
{ "type": "Feature", "properties": { "name": "ASCATERS", "primary_type": "Food and Drinks", "sector_name": "46", "secondary_type": "restaurant" }, "geometry": { "type": "Point", "coordinates": [ 76.766227, 30.7012978 ] } },
{ "type": "Feature", "properties": { "name": "Park - 4", "primary_type": "Tourism", "sector_name": "46", "secondary_type": "park" }, "geometry": { "type": "Point", "coordinates": [ 76.7673677, 30.7030858 ] } },
{ "type": "Feature", "properties": { "name": "Pushaki Lal Chhole kulche", "primary_type": "Food and Drinks", "sector_name": "46", "secondary_type": "restaurant" }, "geometry": { "type": "Point", "coordinates": [ 76.7663173, 30.7005689 ] } },
{ "type": "Feature", "properties": { "name": "Induslnd Bank ATM", "primary_type": "Essential Services", "sector_name": "46", "secondary_type": "atm" }, "geometry": { "type": "Point", "coordinates": [ 76.766099, 30.7007785 ] } },
{ "type": "Feature", "properties": { "name": "Sector 46 A Park and Playground", "primary_type": "Tourism", "sector_name": "46", "secondary_type": "park" }, "geometry": { "type": "Point", "coordinates": [ 76.7667257, 30.7030562 ] } },
{ "type": "Feature", "properties": { "name": "Chandigarh Administration Sports Complex", "primary_type": "Sports", "sector_name": "46", "secondary_type": "sports_complex" }, "geometry": { "type": "Point", "coordinates": [ 76.7694602, 30.7033781 ] } },
{ "type": "Feature", "properties": { "name": "TIDA Sports Academy, Chandigarh", "primary_type": "Sports", "sector_name": "46", "secondary_type": "sports_complex" }, "geometry": { "type": "Point", "coordinates": [ 76.7677366, 30.7049522 ] } },
{ "type": "Feature", "properties": { "name": "Divine Yoga Centre", "primary_type": "Sports", "sector_name": "46", "secondary_type": "yoga_studio" }, "geometry": { "type": "Point", "coordinates": [ 76.768957, 30.705327 ] } },
{ "type": "Feature", "properties": { "name": "Dr Jasneet Kaur", "primary_type": "Essential Services", "sector_name": "46", "secondary_type": "doctor" }, "geometry": { "type": "Point", "coordinates": [ 76.767154, 30.7046571 ] } },
{ "type": "Feature", "properties": { "name": "Park No. 46B 17", "primary_type": "Tourism", "sector_name": "46", "secondary_type": "park" }, "geometry": { "type": "Point", "coordinates": [ 76.769484, 30.7041302 ] } },
{ "type": "Feature", "properties": { "name": "Mehar Dental Clinic", "primary_type": "Essential Services", "sector_name": "46", "secondary_type": "dentist" }, "geometry": { "type": "Point", "coordinates": [ 76.7673311, 30.7052439 ] } },
{ "type": "Feature", "properties": { "name": "Sector 46 Sports Stadium", "primary_type": "Sports", "sector_name": "46", "secondary_type": "stadium" }, "geometry": { "type": "Point", "coordinates": [ 76.7693594, 30.703532 ] } },
{ "type": "Feature", "properties": { "name": "Fountain Park", "primary_type": "Tourism", "sector_name": "32", "secondary_type": "park" }, "geometry": { "type": "Point", "coordinates": [ 76.7710724, 30.7052083 ] } },
{ "type": "Feature", "properties": { "name": "Dr. Peri Parkhiya", "primary_type": "Essential Services", "sector_name": "46", "secondary_type": "doctor" }, "geometry": { "type": "Point", "coordinates": [ 76.7673874, 30.7069066 ] } },
{ "type": "Feature", "properties": { "name": "Nescafe Cafe SD College", "primary_type": "Food and Drinks", "sector_name": "32", "secondary_type": "cafe" }, "geometry": { "type": "Point", "coordinates": [ 76.7711933, 30.7039603 ] } },
{ "type": "Feature", "properties": { "name": "Sanjeev Garments", "primary_type": "Shopping", "sector_name": "31", "secondary_type": "clothing_store" }, "geometry": { "type": "Point", "coordinates": [ 76.7768148, 30.7013997 ] } },
{ "type": "Feature", "properties": { "name": "Flag view point", "primary_type": "Tourism", "sector_name": "31", "secondary_type": "park" }, "geometry": { "type": "Point", "coordinates": [ 76.7783916, 30.7020403 ] } },
{ "type": "Feature", "properties": { "name": "AFWWA BOUTIQUE", "primary_type": "Shopping", "sector_name": "31", "secondary_type": "clothing_store" }, "geometry": { "type": "Point", "coordinates": [ 76.7776536, 30.7033294 ] } },
{ "type": "Feature", "properties": { "name": "Air Force Hospital", "primary_type": "Essential Services", "sector_name": "31", "secondary_type": "hospital" }, "geometry": { "type": "Point", "coordinates": [ 76.7777285, 30.703264 ] } },
{ "type": "Feature", "properties": { "name": "Maternity and child Welfare centre", "primary_type": "Essential Services", "sector_name": "31", "secondary_type": "hospital" }, "geometry": { "type": "Point", "coordinates": [ 76.7774899, 30.7035815 ] } },
{ "type": "Feature", "properties": { "name": "Navya Confectionary", "primary_type": "Essential Services", "sector_name": "32", "secondary_type": "grocery_store" }, "geometry": { "type": "Point", "coordinates": [ 76.7759612, 30.7047746 ] } },
{ "type": "Feature", "properties": { "name": "Shyam", "primary_type": "Essential Services", "sector_name": "32", "secondary_type": "post_office" }, "geometry": { "type": "Point", "coordinates": [ 76.77658, 30.7052054 ] } },
{ "type": "Feature", "properties": { "name": "Charitable Dental Clinic", "primary_type": "Essential Services", "sector_name": "32", "secondary_type": "dentist" }, "geometry": { "type": "Point", "coordinates": [ 76.7774589, 30.7052915 ] } },
{ "type": "Feature", "properties": { "name": "Jasvirsingh", "primary_type": "Food and Drinks", "sector_name": "32", "secondary_type": "restaurant" }, "geometry": { "type": "Point", "coordinates": [ 76.774949, 30.7049909 ] } },
{ "type": "Feature", "properties": { "name": "Gupta Tea Bar", "primary_type": "Food and Drinks", "sector_name": "31", "secondary_type": "tea_house" }, "geometry": { "type": "Point", "coordinates": [ 76.7795167, 30.7046244 ] } },
{ "type": "Feature", "properties": { "name": "City Fast Food", "primary_type": "Food and Drinks", "sector_name": "32", "secondary_type": "fast_food_restaurant" }, "geometry": { "type": "Point", "coordinates": [ 76.7767572, 30.7057553 ] } },
{ "type": "Feature", "properties": { "name": "Rahat center", "primary_type": "Essential Services", "sector_name": "32", "secondary_type": "hospital" }, "geometry": { "type": "Point", "coordinates": [ 76.7753319, 30.7055797 ] } },
{ "type": "Feature", "properties": { "name": "Asian Pharma", "primary_type": "Essential Services", "sector_name": "31", "secondary_type": "pharmacy" }, "geometry": { "type": "Point", "coordinates": [ 76.7814556, 30.7016631 ] } },
{ "type": "Feature", "properties": { "name": "Life Care Pharmacy", "primary_type": "Essential Services", "sector_name": "31", "secondary_type": "pharmacy" }, "geometry": { "type": "Point", "coordinates": [ 76.7819002, 30.7016177 ] } },
{ "type": "Feature", "properties": { "name": "Japanese garden", "primary_type": "Tourism", "sector_name": "31", "secondary_type": "park" }, "geometry": { "type": "Point", "coordinates": [ 76.7810761, 30.7018944 ] } },
{ "type": "Feature", "properties": { "name": "Farid Medicos", "primary_type": "Essential Services", "sector_name": "31", "secondary_type": "drugstore" }, "geometry": { "type": "Point", "coordinates": [ 76.7816254, 30.7019968 ] } },
{ "type": "Feature", "properties": { "name": "Gupta Dental Care", "primary_type": "Essential Services", "sector_name": "31", "secondary_type": "dentist" }, "geometry": { "type": "Point", "coordinates": [ 76.7816284, 30.7019988 ] } },
{ "type": "Feature", "properties": { "name": "Uttam Snacks", "primary_type": "Food and Drinks", "sector_name": "31", "secondary_type": "bar" }, "geometry": { "type": "Point", "coordinates": [ 76.7811476, 30.7021675 ] } },
{ "type": "Feature", "properties": { "name": "State Bank of India ATM", "primary_type": "Essential Services", "sector_name": "31", "secondary_type": "atm" }, "geometry": { "type": "Point", "coordinates": [ 76.781022, 30.702303 ] } },
{ "type": "Feature", "properties": { "name": "Sub Post Office sector 31 Chandigarh", "primary_type": "Essential Services", "sector_name": "31", "secondary_type": "post_office" }, "geometry": { "type": "Point", "coordinates": [ 76.7809491, 30.7024296 ] } },
{ "type": "Feature", "properties": { "name": "Om Sai Taxi Stand", "primary_type": "Public Transport", "sector_name": "31", "secondary_type": "taxi_stand" }, "geometry": { "type": "Point", "coordinates": [ 76.7812491, 30.7026148 ] } },
{ "type": "Feature", "properties": { "name": "Ashok Bhelpuri", "primary_type": "Food and Drinks", "sector_name": "31", "secondary_type": "restaurant" }, "geometry": { "type": "Point", "coordinates": [ 76.7816851, 30.7036829 ] } },
{ "type": "Feature", "properties": { "name": "Japanese Garden Parking Area 2", "primary_type": "Tourism", "sector_name": "31", "secondary_type": "park" }, "geometry": { "type": "Point", "coordinates": [ 76.7816515, 30.7038132 ] } },
{ "type": "Feature", "properties": { "name": "Japanese Garden Part 1", "primary_type": "Tourism", "sector_name": "31", "secondary_type": "park" }, "geometry": { "type": "Point", "coordinates": [ 76.7824589, 30.7036728 ] } },
{ "type": "Feature", "properties": { "name": "Kamal Readymade", "primary_type": "Shopping", "sector_name": "31", "secondary_type": "clothing_store" }, "geometry": { "type": "Point", "coordinates": [ 76.7799447, 30.7047447 ] } },
{ "type": "Feature", "properties": { "name": "Chotu Spring rolls and Momos", "primary_type": "Food and Drinks", "sector_name": "31", "secondary_type": "restaurant" }, "geometry": { "type": "Point", "coordinates": [ 76.7803517, 30.7049161 ] } },
{ "type": "Feature", "properties": { "name": "Arvind Book Depot", "primary_type": "Shopping", "sector_name": "31", "secondary_type": "book_store" }, "geometry": { "type": "Point", "coordinates": [ 76.7799238, 30.7047477 ] } },
{ "type": "Feature", "properties": { "name": "Cafe down under", "primary_type": "Food and Drinks", "sector_name": "31", "secondary_type": "cafe" }, "geometry": { "type": "Point", "coordinates": [ 76.7801148, 30.7048954 ] } },
{ "type": "Feature", "properties": { "name": "Cricket Team@AF", "primary_type": "Sports", "sector_name": "31", "secondary_type": "playground" }, "geometry": { "type": "Point", "coordinates": [ 76.7821183, 30.7057464 ] } },
{ "type": "Feature", "properties": { "name": "Soup Point", "primary_type": "Food and Drinks", "sector_name": "31", "secondary_type": "restaurant" }, "geometry": { "type": "Point", "coordinates": [ 76.7824904, 30.7056873 ] } },
{ "type": "Feature", "properties": { "name": "Sector 31 D Market", "primary_type": "Shopping", "sector_name": "31", "secondary_type": "market" }, "geometry": { "type": "Point", "coordinates": [ 76.7798853, 30.7054503 ] } },
{ "type": "Feature", "properties": { "name": "Manish Burger", "primary_type": "Food and Drinks", "sector_name": "31", "secondary_type": "restaurant" }, "geometry": { "type": "Point", "coordinates": [ 76.7801032, 30.7051393 ] } },
{ "type": "Feature", "properties": { "name": "716 A", "primary_type": "Tourism", "sector_name": "31", "secondary_type": "park" }, "geometry": { "type": "Point", "coordinates": [ 76.7829273, 30.7062108 ] } },
{ "type": "Feature", "properties": { "name": "Sarita'S Momo and Rolls", "primary_type": "Food and Drinks", "sector_name": "31", "secondary_type": "restaurant" }, "geometry": { "type": "Point", "coordinates": [ 76.7795983, 30.7058101 ] } },
{ "type": "Feature", "properties": { "name": "Dinesh Medicos", "primary_type": "Essential Services", "sector_name": "31", "secondary_type": "pharmacy" }, "geometry": { "type": "Point", "coordinates": [ 76.7794913, 30.7057034 ] } },
{ "type": "Feature", "properties": { "name": "Dantya Clinic Dental & Cosmetic", "primary_type": "Essential Services", "sector_name": "31", "secondary_type": "doctor" }, "geometry": { "type": "Point", "coordinates": [ 76.7796774, 30.705178 ] } },
{ "type": "Feature", "properties": { "name": "Dinesh Garments", "primary_type": "Shopping", "sector_name": "31", "secondary_type": "clothing_store" }, "geometry": { "type": "Point", "coordinates": [ 76.7796844, 30.7051606 ] } },
{ "type": "Feature", "properties": { "name": "NITIN MEDICOS", "primary_type": "Essential Services", "sector_name": "31", "secondary_type": "drugstore" }, "geometry": { "type": "Point", "coordinates": [ 76.7794316, 30.7057966 ] } },
{ "type": "Feature", "properties": { "name": "King's Tailors", "primary_type": "Shopping", "sector_name": "31", "secondary_type": "tailor" }, "geometry": { "type": "Point", "coordinates": [ 76.7797713, 30.7050389 ] } },
{ "type": "Feature", "properties": { "name": "Khalsa Traders", "primary_type": "Shopping", "sector_name": "31", "secondary_type": "book_store" }, "geometry": { "type": "Point", "coordinates": [ 76.779939, 30.7048497 ] } },
{ "type": "Feature", "properties": { "name": "Verka Milk Shop", "primary_type": "Essential Services", "sector_name": "31", "secondary_type": "food_store" }, "geometry": { "type": "Point", "coordinates": [ 76.7795805, 30.7052462 ] } },
{ "type": "Feature", "properties": { "name": "Shree Giriraj Provision & General Store", "primary_type": "Essential Services", "sector_name": "31", "secondary_type": "food_store" }, "geometry": { "type": "Point", "coordinates": [ 76.7793941, 30.7056876 ] } },
{ "type": "Feature", "properties": { "name": "Brother medicose", "primary_type": "Essential Services", "sector_name": "31", "secondary_type": "pharmacy" }, "geometry": { "type": "Point", "coordinates": [ 76.7793579, 30.7058853 ] } },
{ "type": "Feature", "properties": { "name": "State Bank of India SECTOR-31 (CHANDIGARH)", "primary_type": "Essential Services", "sector_name": "31", "secondary_type": "bank" }, "geometry": { "type": "Point", "coordinates": [ 76.78661, 30.7019 ] } },
{ "type": "Feature", "properties": { "name": "Playground in AirForce School", "primary_type": "Sports", "sector_name": "31", "secondary_type": "playground" }, "geometry": { "type": "Point", "coordinates": [ 76.7860379, 30.7046057 ] } },
{ "type": "Feature", "properties": { "name": "Japanese Garden, 31A Chandigarh", "primary_type": "Tourism", "sector_name": "31", "secondary_type": "park" }, "geometry": { "type": "Point", "coordinates": [ 76.7842513, 30.7045255 ] } },
{ "type": "Feature", "properties": { "name": "Bank of India", "primary_type": "Essential Services", "sector_name": "31", "secondary_type": "bank" }, "geometry": { "type": "Point", "coordinates": [ 76.7859923, 30.7058211 ] } },
{ "type": "Feature", "properties": { "name": "Bank Of India ATM", "primary_type": "Essential Services", "sector_name": "31", "secondary_type": "atm" }, "geometry": { "type": "Point", "coordinates": [ 76.785939, 30.7058646 ] } },
{ "type": "Feature", "properties": { "name": "Chai Wala Bar", "primary_type": "Food and Drinks", "sector_name": "31", "secondary_type": "coffee_shop" }, "geometry": { "type": "Point", "coordinates": [ 76.7862254, 30.7063898 ] } },
{ "type": "Feature", "properties": { "name": "Kiato numa", "primary_type": "Tourism", "sector_name": "31", "secondary_type": "historical_landmark" }, "geometry": { "type": "Point", "coordinates": [ 76.7873623, 30.7063364 ] } },
{ "type": "Feature", "properties": { "name": "701", "primary_type": "Tourism", "sector_name": "31", "secondary_type": "park" }, "geometry": { "type": "Point", "coordinates": [ 76.7833781, 30.7059926 ] } },
{ "type": "Feature", "properties": { "name": "PQ4M+H8Q", "primary_type": "Tourism", "sector_name": "31", "secondary_type": "park" }, "geometry": { "type": "Point", "coordinates": [ 76.7833781, 30.7064336 ] } },
{ "type": "Feature", "properties": { "name": "FlixBus Chandigarh - Tribune Chowk (N)", "primary_type": "Public Transport", "sector_name": "31", "secondary_type": "bus_stop" }, "geometry": { "type": "Point", "coordinates": [ 76.788585, 30.705207 ] } },
{ "type": "Feature", "properties": { "name": "Misosexy Chandigarh", "primary_type": "Food and Drinks", "sector_name": "29", "secondary_type": "restaurant" }, "geometry": { "type": "Point", "coordinates": [ 76.7851216, 30.7090495 ] } },
{ "type": "Feature", "properties": { "name": "FlixBus Chandigarh - Tribune Chowk (S)", "primary_type": "Public Transport", "sector_name": "29", "secondary_type": "bus_stop" }, "geometry": { "type": "Point", "coordinates": [ 76.789096, 30.705163 ] } },
{ "type": "Feature", "properties": { "name": "Diablo Chandigarh", "primary_type": "Food and Drinks", "sector_name": "29", "secondary_type": "restaurant" }, "geometry": { "type": "Point", "coordinates": [ 76.7851407, 30.7090697 ] } },
{ "type": "Feature", "properties": { "name": "Park 15", "primary_type": "Tourism", "sector_name": "29", "secondary_type": "park" }, "geometry": { "type": "Point", "coordinates": [ 76.7879191, 30.7083917 ] } },
{ "type": "Feature", "properties": { "name": "Park Sector 61", "primary_type": "Tourism", "sector_name": "61", "secondary_type": "park" }, "geometry": { "type": "Point", "coordinates": [ 76.730135, 30.707503 ] } },
{ "type": "Feature", "properties": { "name": "Sec 61 Park", "primary_type": "Tourism", "sector_name": "61", "secondary_type": "park" }, "geometry": { "type": "Point", "coordinates": [ 76.7305112, 30.7077227 ] } },
{ "type": "Feature", "properties": { "name": "KnitRollers", "primary_type": "Shopping", "sector_name": "61", "secondary_type": "clothing_store" }, "geometry": { "type": "Point", "coordinates": [ 76.7315475, 30.7077704 ] } },
{ "type": "Feature", "properties": { "name": "MIG flats Park", "primary_type": "Tourism", "sector_name": "61", "secondary_type": "park" }, "geometry": { "type": "Point", "coordinates": [ 76.7313976, 30.7083393 ] } },
{ "type": "Feature", "properties": { "name": "Park 18", "primary_type": "Tourism", "sector_name": "61", "secondary_type": "park" }, "geometry": { "type": "Point", "coordinates": [ 76.7306292, 30.7088469 ] } },
{ "type": "Feature", "properties": { "name": "Sharma Cloth House", "primary_type": "Shopping", "sector_name": "61", "secondary_type": "clothing_store" }, "geometry": { "type": "Point", "coordinates": [ 76.731581, 30.707322 ] } },
{ "type": "Feature", "properties": { "name": "Mahima’s Artistry ( PMU | SKIN | MEDIFACIALS )", "primary_type": "Shopping", "sector_name": "61", "secondary_type": "skin_care_clinic" }, "geometry": { "type": "Point", "coordinates": [ 76.7312702, 30.7087348 ] } },
{ "type": "Feature", "properties": { "name": "Park 8", "primary_type": "Tourism", "sector_name": "61", "secondary_type": "park" }, "geometry": { "type": "Point", "coordinates": [ 76.7316263, 30.7070432 ] } },
{ "type": "Feature", "properties": { "name": "Home", "primary_type": "Tourism", "sector_name": "61", "secondary_type": "park" }, "geometry": { "type": "Point", "coordinates": [ 76.732202, 30.7075034 ] } },
{ "type": "Feature", "properties": { "name": "MIG flats Market", "primary_type": "Shopping", "sector_name": "52", "secondary_type": "market" }, "geometry": { "type": "Point", "coordinates": [ 76.7306368, 30.7102276 ] } },
{ "type": "Feature", "properties": { "name": "Kapoor Medicos", "primary_type": "Essential Services", "sector_name": "61", "secondary_type": "pharmacy" }, "geometry": { "type": "Point", "coordinates": [ 76.7298714, 30.7102574 ] } },
{ "type": "Feature", "properties": { "name": "Pintu patauda", "primary_type": "Essential Services", "sector_name": "61", "secondary_type": "pharmacy" }, "geometry": { "type": "Point", "coordinates": [ 76.7300112, 30.7103223 ] } },
{ "type": "Feature", "properties": { "name": "The Chandigarh State Co-Operative Bank Limited", "primary_type": "Essential Services", "sector_name": "61", "secondary_type": "bank" }, "geometry": { "type": "Point", "coordinates": [ 76.7299985, 30.7103634 ] } },
{ "type": "Feature", "properties": { "name": "Jyoti Medical Hall", "primary_type": "Essential Services", "sector_name": "61", "secondary_type": "pharmacy" }, "geometry": { "type": "Point", "coordinates": [ 76.7297058, 30.7102992 ] } },
{ "type": "Feature", "properties": { "name": "52 D park", "primary_type": "Tourism", "sector_name": "52", "secondary_type": "park" }, "geometry": { "type": "Point", "coordinates": [ 76.730887, 30.7103433 ] } },
{ "type": "Feature", "properties": { "name": "Chaudhry Med-Shopee", "primary_type": "Essential Services", "sector_name": "61", "secondary_type": "pharmacy" }, "geometry": { "type": "Point", "coordinates": [ 76.7297896, 30.7103611 ] } },
{ "type": "Feature", "properties": { "name": "Thaka", "primary_type": "Food and Drinks", "sector_name": "61", "secondary_type": "bar" }, "geometry": { "type": "Point", "coordinates": [ 76.729581, 30.710539 ] } },
{ "type": "Feature", "properties": { "name": "Pancham General and Departments Store", "primary_type": "Shopping", "sector_name": "52", "secondary_type": "department_store" }, "geometry": { "type": "Point", "coordinates": [ 76.7315266, 30.7110815 ] } },
{ "type": "Feature", "properties": { "name": "Simran Dhaba", "primary_type": "Food and Drinks", "sector_name": "52", "secondary_type": "indian_restaurant" }, "geometry": { "type": "Point", "coordinates": [ 76.7311857, 30.7116503 ] } },
{ "type": "Feature", "properties": { "name": "local market", "primary_type": "Shopping", "sector_name": "61", "secondary_type": "market" }, "geometry": { "type": "Point", "coordinates": [ 76.7328018, 30.7068256 ] } },
{ "type": "Feature", "properties": { "name": "Wednesday Haat Market", "primary_type": "Shopping", "sector_name": "52", "secondary_type": "market" }, "geometry": { "type": "Point", "coordinates": [ 76.7330362, 30.7085477 ] } },
{ "type": "Feature", "properties": { "name": "Khede wala park", "primary_type": "Tourism", "sector_name": "52", "secondary_type": "park" }, "geometry": { "type": "Point", "coordinates": [ 76.7326627, 30.7093926 ] } },
{ "type": "Feature", "properties": { "name": "Leisure Valley park", "primary_type": "Tourism", "sector_name": "51", "secondary_type": "park" }, "geometry": { "type": "Point", "coordinates": [ 76.7409359, 30.7039472 ] } },
{ "type": "Feature", "properties": { "name": "Dr Akanksha Nigam", "primary_type": "Essential Services", "sector_name": "51", "secondary_type": "doctor" }, "geometry": { "type": "Point", "coordinates": [ 76.7408666, 30.7058797 ] } },
{ "type": "Feature", "properties": { "name": "Mediworld Chemist", "primary_type": "Essential Services", "sector_name": "51", "secondary_type": "drugstore" }, "geometry": { "type": "Point", "coordinates": [ 76.7408666, 30.7058797 ] } },
{ "type": "Feature", "properties": { "name": "Nehaz Aerobics Classes", "primary_type": "Sports", "sector_name": "51", "secondary_type": "fitness_center" }, "geometry": { "type": "Point", "coordinates": [ 76.7408666, 30.7058797 ] } },
{ "type": "Feature", "properties": { "name": "WALIA FASHION", "primary_type": "Shopping", "sector_name": "51", "secondary_type": "clothing_store" }, "geometry": { "type": "Point", "coordinates": [ 76.7395307, 30.7068329 ] } },
{ "type": "Feature", "properties": { "name": "Municipal Park", "primary_type": "Tourism", "sector_name": "51", "secondary_type": "park" }, "geometry": { "type": "Point", "coordinates": [ 76.7408508, 30.7064408 ] } },
{ "type": "Feature", "properties": { "name": "Green belt park", "primary_type": "Tourism", "sector_name": "51", "secondary_type": "park" }, "geometry": { "type": "Point", "coordinates": [ 76.7409208, 30.7063561 ] } },
{ "type": "Feature", "properties": { "name": "Mator Barrier (Chandigarh Police)", "primary_type": "Tourism", "sector_name": "51", "secondary_type": "historical_landmark" }, "geometry": { "type": "Point", "coordinates": [ 76.7388388, 30.7074241 ] } },
{ "type": "Feature", "properties": { "name": "Aashray", "primary_type": "Essential Services", "sector_name": "51", "secondary_type": "doctor" }, "geometry": { "type": "Point", "coordinates": [ 76.7404204, 30.7077132 ] } },
{ "type": "Feature", "properties": { "name": "Curam Hospital by ADS Healthcare Private Limited", "primary_type": "Essential Services", "sector_name": "51", "secondary_type": "hospital" }, "geometry": { "type": "Point", "coordinates": [ 76.7417482, 30.7070853 ] } },
{ "type": "Feature", "properties": { "name": "Nimbus eye hospital", "primary_type": "Essential Services", "sector_name": "51", "secondary_type": "hospital" }, "geometry": { "type": "Point", "coordinates": [ 76.7419662, 30.7068781 ] } },
{ "type": "Feature", "properties": { "name": "Dental Lifestyle", "primary_type": "Essential Services", "sector_name": "51", "secondary_type": "dentist" }, "geometry": { "type": "Point", "coordinates": [ 76.741172, 30.7087331 ] } },
{ "type": "Feature", "properties": { "name": "Gill medical hall", "primary_type": "Essential Services", "sector_name": "51", "secondary_type": "pharmacy" }, "geometry": { "type": "Point", "coordinates": [ 76.743517, 30.705809 ] } },
{ "type": "Feature", "properties": { "name": "Sukhmani Collections", "primary_type": "Shopping", "sector_name": "51", "secondary_type": "clothing_store" }, "geometry": { "type": "Point", "coordinates": [ 76.74134, 30.7089053 ] } },
{ "type": "Feature", "properties": { "name": "Deep Store", "primary_type": "Shopping", "sector_name": "51", "secondary_type": "clothing_store" }, "geometry": { "type": "Point", "coordinates": [ 76.7437954, 30.7078723 ] } },
{ "type": "Feature", "properties": { "name": "Green Park", "primary_type": "Tourism", "sector_name": "51", "secondary_type": "park" }, "geometry": { "type": "Point", "coordinates": [ 76.7440067, 30.7084042 ] } },
{ "type": "Feature", "properties": { "name": "Dr. Arun K.Goel", "primary_type": "Essential Services", "sector_name": "51", "secondary_type": "doctor" }, "geometry": { "type": "Point", "coordinates": [ 76.743485, 30.708844 ] } },
{ "type": "Feature", "properties": { "name": "Public park", "primary_type": "Tourism", "sector_name": "51", "secondary_type": "park" }, "geometry": { "type": "Point", "coordinates": [ 76.7418341, 30.7089894 ] } },
{ "type": "Feature", "properties": { "name": "Market Park Chandigarh", "primary_type": "Tourism", "sector_name": "51", "secondary_type": "park" }, "geometry": { "type": "Point", "coordinates": [ 76.7450856, 30.7091477 ] } },
{ "type": "Feature", "properties": { "name": "Sassy Spices", "primary_type": "Food and Drinks", "sector_name": "51", "secondary_type": "indian_restaurant" }, "geometry": { "type": "Point", "coordinates": [ 76.7451026, 30.7097489 ] } },
{ "type": "Feature", "properties": { "name": "Dentist", "primary_type": "Essential Services", "sector_name": "51", "secondary_type": "hospital" }, "geometry": { "type": "Point", "coordinates": [ 76.7452196, 30.7095327 ] } },
{ "type": "Feature", "properties": { "name": "Medical store", "primary_type": "Essential Services", "sector_name": "51", "secondary_type": "pharmacy" }, "geometry": { "type": "Point", "coordinates": [ 76.744978, 30.7099769 ] } },
{ "type": "Feature", "properties": { "name": "CHEMIST Pawan Medicos", "primary_type": "Essential Services", "sector_name": "51", "secondary_type": "drugstore" }, "geometry": { "type": "Point", "coordinates": [ 76.744982, 30.7099994 ] } },
{ "type": "Feature", "properties": { "name": "Angel Care Medi Clinic", "primary_type": "Essential Services", "sector_name": "51", "secondary_type": "hospital" }, "geometry": { "type": "Point", "coordinates": [ 76.7453201, 30.7095039 ] } },
{ "type": "Feature", "properties": { "name": "Jogging Park", "primary_type": "Tourism", "sector_name": "51", "secondary_type": "park" }, "geometry": { "type": "Point", "coordinates": [ 76.7463673, 30.70883 ] } },
{ "type": "Feature", "properties": { "name": "Reborn Fitness", "primary_type": "Sports", "sector_name": "44", "secondary_type": "fitness_center" }, "geometry": { "type": "Point", "coordinates": [ 76.7480641, 30.709812 ] } },
{ "type": "Feature", "properties": { "name": "Cng 444", "primary_type": "Food and Drinks", "sector_name": "44", "secondary_type": "bar" }, "geometry": { "type": "Point", "coordinates": [ 76.7486848, 30.7096668 ] } },
{ "type": "Feature", "properties": { "name": "Co-Operative Bank", "primary_type": "Essential Services", "sector_name": "51", "secondary_type": "bank" }, "geometry": { "type": "Point", "coordinates": [ 76.7453267, 30.7095019 ] } },
{ "type": "Feature", "properties": { "name": "Bablu", "primary_type": "Shopping", "sector_name": "44", "secondary_type": "clothing_store" }, "geometry": { "type": "Point", "coordinates": [ 76.7489174, 30.7096043 ] } },
{ "type": "Feature", "properties": { "name": "Market Sec 51A", "primary_type": "Shopping", "sector_name": "51", "secondary_type": "market" }, "geometry": { "type": "Point", "coordinates": [ 76.7453077, 30.7096244 ] } },
{ "type": "Feature", "properties": { "name": "The Chandigarh State Coop Bank Ltd.", "primary_type": "Essential Services", "sector_name": "51", "secondary_type": "bank" }, "geometry": { "type": "Point", "coordinates": [ 76.7453792, 30.7099402 ] } },
{ "type": "Feature", "properties": { "name": "Anand Departmental Store", "primary_type": "Essential Services", "sector_name": "51", "secondary_type": "grocery_store" }, "geometry": { "type": "Point", "coordinates": [ 76.745203, 30.7098066 ] } },
{ "type": "Feature", "properties": { "name": "Fitness sportss 369", "primary_type": "Sports", "sector_name": "45", "secondary_type": "fitness_center" }, "geometry": { "type": "Point", "coordinates": [ 76.7559816, 30.7045199 ] } },
{ "type": "Feature", "properties": { "name": "Aditya's Giftee Inn", "primary_type": "Shopping", "sector_name": "45", "secondary_type": "department_store" }, "geometry": { "type": "Point", "coordinates": [ 76.7565666, 30.7045094 ] } },
{ "type": "Feature", "properties": { "name": "Shahi Dhaba", "primary_type": "Food and Drinks", "sector_name": "45", "secondary_type": "restaurant" }, "geometry": { "type": "Point", "coordinates": [ 76.7561693, 30.7050219 ] } },
{ "type": "Feature", "properties": { "name": "Eknoor Confectionery", "primary_type": "Essential Services", "sector_name": "45", "secondary_type": "supermarket" }, "geometry": { "type": "Point", "coordinates": [ 76.7561692, 30.7050265 ] } },
{ "type": "Feature", "properties": { "name": "Naresh Departmental Store", "primary_type": "Essential Services", "sector_name": "45", "secondary_type": "food_store" }, "geometry": { "type": "Point", "coordinates": [ 76.7560223, 30.7053852 ] } },
{ "type": "Feature", "properties": { "name": "Happy Smiles Advanced Dental Center", "primary_type": "Essential Services", "sector_name": "45", "secondary_type": "dentist" }, "geometry": { "type": "Point", "coordinates": [ 76.7574076, 30.7036033 ] } },
{ "type": "Feature", "properties": { "name": "Aryan's Medicine Home", "primary_type": "Essential Services", "sector_name": "45", "secondary_type": "pharmacy" }, "geometry": { "type": "Point", "coordinates": [ 76.7560421, 30.7059128 ] } },
{ "type": "Feature", "properties": { "name": "Varindavan sweets", "primary_type": "Food and Drinks", "sector_name": "45", "secondary_type": "restaurant" }, "geometry": { "type": "Point", "coordinates": [ 76.7575934, 30.7045661 ] } },
{ "type": "Feature", "properties": { "name": "Public Park Sector 45D", "primary_type": "Tourism", "sector_name": "45", "secondary_type": "park" }, "geometry": { "type": "Point", "coordinates": [ 76.7566704, 30.7057622 ] } },
{ "type": "Feature", "properties": { "name": "Ettars shope", "primary_type": "Shopping", "sector_name": "45", "secondary_type": "clothing_store" }, "geometry": { "type": "Point", "coordinates": [ 76.7577106, 30.7048977 ] } },
{ "type": "Feature", "properties": { "name": "cricket", "primary_type": "Sports", "sector_name": "45", "secondary_type": "playground" }, "geometry": { "type": "Point", "coordinates": [ 76.7553835, 30.70653 ] } },
{ "type": "Feature", "properties": { "name": "Dr. Deepak Dolphin Dental Clinic Sector 45D", "primary_type": "Essential Services", "sector_name": "45", "secondary_type": "doctor" }, "geometry": { "type": "Point", "coordinates": [ 76.754388, 30.70669 ] } },
{ "type": "Feature", "properties": { "name": "Garden and Park", "primary_type": "Tourism", "sector_name": "45", "secondary_type": "park" }, "geometry": { "type": "Point", "coordinates": [ 76.7549867, 30.7077717 ] } },
{ "type": "Feature", "properties": { "name": "Shiny's Homoeo Clinic & Physiotherapy Clinic", "primary_type": "Essential Services", "sector_name": "45", "secondary_type": "doctor" }, "geometry": { "type": "Point", "coordinates": [ 76.7546265, 30.7079011 ] } },
{ "type": "Feature", "properties": { "name": "Sabji Mandi Sector 45", "primary_type": "Shopping", "sector_name": "45", "secondary_type": "market" }, "geometry": { "type": "Point", "coordinates": [ 76.7562014, 30.7065748 ] } },
{ "type": "Feature", "properties": { "name": "Sector 45D Mandi Ground", "primary_type": "Sports", "sector_name": "45", "secondary_type": "playground" }, "geometry": { "type": "Point", "coordinates": [ 76.7563241, 30.7067415 ] } },
{ "type": "Feature", "properties": { "name": "Fish Market", "primary_type": "Shopping", "sector_name": "45", "secondary_type": "market" }, "geometry": { "type": "Point", "coordinates": [ 76.7556637, 30.7082439 ] } },
{ "type": "Feature", "properties": { "name": "Green Belt Public Park", "primary_type": "Tourism", "sector_name": "45", "secondary_type": "park" }, "geometry": { "type": "Point", "coordinates": [ 76.753443, 30.707083 ] } },
{ "type": "Feature", "properties": { "name": "Oud Elixir", "primary_type": "Shopping", "sector_name": "45", "secondary_type": "clothing_store" }, "geometry": { "type": "Point", "coordinates": [ 76.7533465, 30.7076919 ] } },
{ "type": "Feature", "properties": { "name": "Taxi Stand", "primary_type": "Public Transport", "sector_name": "45", "secondary_type": "taxi_stand" }, "geometry": { "type": "Point", "coordinates": [ 76.7565259, 30.7060738 ] } },
{ "type": "Feature", "properties": { "name": "Mini Market", "primary_type": "Shopping", "sector_name": "45", "secondary_type": "market" }, "geometry": { "type": "Point", "coordinates": [ 76.7561098, 30.708436 ] } },
{ "type": "Feature", "properties": { "name": "Reena Boutique", "primary_type": "Shopping", "sector_name": "45", "secondary_type": "clothing_store" }, "geometry": { "type": "Point", "coordinates": [ 76.7582331, 30.7039143 ] } },
{ "type": "Feature", "properties": { "name": "Wine And Beer Shop", "primary_type": "Entertainment", "sector_name": "45", "secondary_type": "wine_bar" }, "geometry": { "type": "Point", "coordinates": [ 76.7588004, 30.7045806 ] } },
{ "type": "Feature", "properties": { "name": "Bobby Singh G", "primary_type": "Food and Drinks", "sector_name": "45", "secondary_type": "cafe" }, "geometry": { "type": "Point", "coordinates": [ 76.7593295, 30.7047458 ] } },
{ "type": "Feature", "properties": { "name": "POLAR FANS, WATER HEATERS AND APPLIANCES DISTRIBUTOR ELECTROWAVES", "primary_type": "Shopping", "sector_name": "45", "secondary_type": "shopping_mall" }, "geometry": { "type": "Point", "coordinates": [ 76.7599012, 30.7044467 ] } },
{ "type": "Feature", "properties": { "name": "Orchids Boutique", "primary_type": "Shopping", "sector_name": "45", "secondary_type": "clothing_store" }, "geometry": { "type": "Point", "coordinates": [ 76.7592601, 30.7048457 ] } },
{ "type": "Feature", "properties": { "name": "Laces & Fabrics", "primary_type": "Shopping", "sector_name": "45", "secondary_type": "clothing_store" }, "geometry": { "type": "Point", "coordinates": [ 76.7592627, 30.7048549 ] } },
{ "type": "Feature", "properties": { "name": "Hdfc Bank Atm", "primary_type": "Essential Services", "sector_name": "45", "secondary_type": "bank" }, "geometry": { "type": "Point", "coordinates": [ 76.7591972, 30.7048706 ] } },
{ "type": "Feature", "properties": { "name": "Tera Hi Tera Mission Hospital", "primary_type": "Essential Services", "sector_name": "45", "secondary_type": "hospital" }, "geometry": { "type": "Point", "coordinates": [ 76.7592749, 30.7048686 ] } },
{ "type": "Feature", "properties": { "name": "Mee Medicos", "primary_type": "Essential Services", "sector_name": "45", "secondary_type": "pharmacy" }, "geometry": { "type": "Point", "coordinates": [ 76.7588991, 30.7048764 ] } },
{ "type": "Feature", "properties": { "name": "Bank of Maharashtra ATM", "primary_type": "Essential Services", "sector_name": "45", "secondary_type": "atm" }, "geometry": { "type": "Point", "coordinates": [ 76.7587337, 30.7048495 ] } },
{ "type": "Feature", "properties": { "name": "Savory spot cafe", "primary_type": "Food and Drinks", "sector_name": "45", "secondary_type": "pizza_restaurant" }, "geometry": { "type": "Point", "coordinates": [ 76.7589352, 30.704884 ] } },
{ "type": "Feature", "properties": { "name": "Babe Di Hatti sector-45", "primary_type": "Shopping", "sector_name": "45", "secondary_type": "market" }, "geometry": { "type": "Point", "coordinates": [ 76.7588542, 30.7048913 ] } },
{ "type": "Feature", "properties": { "name": "puneet pahwa", "primary_type": "Food and Drinks", "sector_name": "45", "secondary_type": "restaurant" }, "geometry": { "type": "Point", "coordinates": [ 76.7587327, 30.7048789 ] } },
{ "type": "Feature", "properties": { "name": "Dhingra Medicos", "primary_type": "Essential Services", "sector_name": "45", "secondary_type": "pharmacy" }, "geometry": { "type": "Point", "coordinates": [ 76.7587631, 30.704886 ] } },
{ "type": "Feature", "properties": { "name": "13 pet-vet", "primary_type": "Essential Services", "sector_name": "45", "secondary_type": "pharmacy" }, "geometry": { "type": "Point", "coordinates": [ 76.7591492, 30.7049145 ] } },
{ "type": "Feature", "properties": { "name": "Mr.Fresh The Foodstop", "primary_type": "Food and Drinks", "sector_name": "45", "secondary_type": "restaurant" }, "geometry": { "type": "Point", "coordinates": [ 76.7586546, 30.7048779 ] } },
{ "type": "Feature", "properties": { "name": "Bonik Clinic", "primary_type": "Essential Services", "sector_name": "45", "secondary_type": "doctor" }, "geometry": { "type": "Point", "coordinates": [ 76.7588084, 30.7070482 ] } },
{ "type": "Feature", "properties": { "name": "Mahi Designer Boutique", "primary_type": "Shopping", "sector_name": "45", "secondary_type": "clothing_store" }, "geometry": { "type": "Point", "coordinates": [ 76.7587381, 30.7075049 ] } },
{ "type": "Feature", "properties": { "name": "Madhu Saree Centre", "primary_type": "Shopping", "sector_name": "45", "secondary_type": "clothing_store" }, "geometry": { "type": "Point", "coordinates": [ 76.7584826, 30.7073388 ] } },
{ "type": "Feature", "properties": { "name": "Axis Bank ATM", "primary_type": "Essential Services", "sector_name": "45", "secondary_type": "atm" }, "geometry": { "type": "Point", "coordinates": [ 76.758382, 30.7074271 ] } },
{ "type": "Feature", "properties": { "name": "Fajan", "primary_type": "Food and Drinks", "sector_name": "45", "secondary_type": "bar" }, "geometry": { "type": "Point", "coordinates": [ 76.7597807, 30.707415 ] } },
{ "type": "Feature", "properties": { "name": "Rohit Khan", "primary_type": "Food and Drinks", "sector_name": "45", "secondary_type": "fast_food_restaurant" }, "geometry": { "type": "Point", "coordinates": [ 76.7583136, 30.7075086 ] } },
{ "type": "Feature", "properties": { "name": "Qureshi Kiryana Store", "primary_type": "Essential Services", "sector_name": "45", "secondary_type": "grocery_store" }, "geometry": { "type": "Point", "coordinates": [ 76.7600094, 30.7069177 ] } },
{ "type": "Feature", "properties": { "name": "Aman Karyana Store", "primary_type": "Essential Services", "sector_name": "45", "secondary_type": "grocery_store" }, "geometry": { "type": "Point", "coordinates": [ 76.7592863, 30.707883 ] } },
{ "type": "Feature", "properties": { "name": "Kanika Handloom", "primary_type": "Shopping", "sector_name": "45", "secondary_type": "clothing_store" }, "geometry": { "type": "Point", "coordinates": [ 76.7585208, 30.7078147 ] } },
{ "type": "Feature", "properties": { "name": "MS", "primary_type": "Food and Drinks", "sector_name": "45", "secondary_type": "restaurant" }, "geometry": { "type": "Point", "coordinates": [ 76.7579931, 30.7068377 ] } },
{ "type": "Feature", "properties": { "name": "Deepak Tailor And Drapras", "primary_type": "Shopping", "sector_name": "45", "secondary_type": "tailor" }, "geometry": { "type": "Point", "coordinates": [ 76.7585396, 30.7078914 ] } },
{ "type": "Feature", "properties": { "name": "Mazhar Garments Shop", "primary_type": "Shopping", "sector_name": "45", "secondary_type": "clothing_store" }, "geometry": { "type": "Point", "coordinates": [ 76.7597406, 30.7062445 ] } },
{ "type": "Feature", "properties": { "name": "C SECRET", "primary_type": "Shopping", "sector_name": "45", "secondary_type": "clothing_store" }, "geometry": { "type": "Point", "coordinates": [ 76.7581936, 30.7076772 ] } },
{ "type": "Feature", "properties": { "name": "Panipatian Di Hatti", "primary_type": "Shopping", "sector_name": "45", "secondary_type": "clothing_store" }, "geometry": { "type": "Point", "coordinates": [ 76.7582922, 30.7077915 ] } },
{ "type": "Feature", "properties": { "name": "A.S.R Fast food", "primary_type": "Food and Drinks", "sector_name": "45", "secondary_type": "fast_food_restaurant" }, "geometry": { "type": "Point", "coordinates": [ 76.7596856, 30.7061324 ] } },
{ "type": "Feature", "properties": { "name": "Dma Medicos", "primary_type": "Essential Services", "sector_name": "45", "secondary_type": "pharmacy" }, "geometry": { "type": "Point", "coordinates": [ 76.7581357, 30.7077225 ] } },
{ "type": "Feature", "properties": { "name": "School Playground", "primary_type": "Sports", "sector_name": "45", "secondary_type": "playground" }, "geometry": { "type": "Point", "coordinates": [ 76.7580893, 30.7100417 ] } },
{ "type": "Feature", "properties": { "name": "Sector 45 Park", "primary_type": "Tourism", "sector_name": "45", "secondary_type": "park" }, "geometry": { "type": "Point", "coordinates": [ 76.7593439, 30.7106232 ] } },
{ "type": "Feature", "properties": { "name": "Chandigarh State Cooperative Bank Limited", "primary_type": "Essential Services", "sector_name": "45", "secondary_type": "bank" }, "geometry": { "type": "Point", "coordinates": [ 76.7592126, 30.709721 ] } },
{ "type": "Feature", "properties": { "name": "Paarth medicare", "primary_type": "Essential Services", "sector_name": "45", "secondary_type": "drugstore" }, "geometry": { "type": "Point", "coordinates": [ 76.7591324, 30.7096698 ] } },
{ "type": "Feature", "properties": { "name": "Rahul Speed Skating Academy(Sector 45))", "primary_type": "Sports", "sector_name": "45", "secondary_type": "sports_complex" }, "geometry": { "type": "Point", "coordinates": [ 76.7584041, 30.7104205 ] } },
{ "type": "Feature", "properties": { "name": "green Nick Park .", "primary_type": "Tourism", "sector_name": "45", "secondary_type": "park" }, "geometry": { "type": "Point", "coordinates": [ 76.7590194, 30.7108619 ] } },
{ "type": "Feature", "properties": { "name": "Himachal Motors", "primary_type": "Shopping", "sector_name": "45", "secondary_type": "auto_parts_store" }, "geometry": { "type": "Point", "coordinates": [ 76.759652, 30.7098254 ] } },
{ "type": "Feature", "properties": { "name": "Tanu Embroidery Art", "primary_type": "Shopping", "sector_name": "45", "secondary_type": "clothing_store" }, "geometry": { "type": "Point", "coordinates": [ 76.7582863, 30.7097353 ] } },
{ "type": "Feature", "properties": { "name": "ARVIND SHARMA", "primary_type": "Food and Drinks", "sector_name": "45", "secondary_type": "fast_food_restaurant" }, "geometry": { "type": "Point", "coordinates": [ 76.7580895, 30.7104116 ] } },
{ "type": "Feature", "properties": { "name": "GLAXY GYM", "primary_type": "Sports", "sector_name": "45", "secondary_type": "gym" }, "geometry": { "type": "Point", "coordinates": [ 76.7599079, 30.709646 ] } },
{ "type": "Feature", "properties": { "name": "American Rasoi", "primary_type": "Food and Drinks", "sector_name": "45", "secondary_type": "restaurant" }, "geometry": { "type": "Point", "coordinates": [ 76.7600802, 30.7097919 ] } },
{ "type": "Feature", "properties": { "name": "R2 Pharmaciuticals", "primary_type": "Essential Services", "sector_name": "45", "secondary_type": "pharmacy" }, "geometry": { "type": "Point", "coordinates": [ 76.7597613, 30.7094381 ] } },
{ "type": "Feature", "properties": { "name": "Balajiuniform - School Uniform Manufacturers Exporters for KV School / DAV School", "primary_type": "Shopping", "sector_name": "45", "secondary_type": "clothing_store" }, "geometry": { "type": "Point", "coordinates": [ 76.7602447, 30.7098225 ] } },
{ "type": "Feature", "properties": { "name": "Nikka Dhaba", "primary_type": "Food and Drinks", "sector_name": "45", "secondary_type": "restaurant" }, "geometry": { "type": "Point", "coordinates": [ 76.7597406, 30.709205 ] } },
{ "type": "Feature", "properties": { "name": "Sagar Karyana Store", "primary_type": "Essential Services", "sector_name": "45", "secondary_type": "grocery_store" }, "geometry": { "type": "Point", "coordinates": [ 76.7599707, 30.7093038 ] } },
{ "type": "Feature", "properties": { "name": "Jai Laxmi General Store", "primary_type": "Essential Services", "sector_name": "45", "secondary_type": "food_store" }, "geometry": { "type": "Point", "coordinates": [ 76.7600224, 30.7093049 ] } },
{ "type": "Feature", "properties": { "name": "Rahi Dhaba", "primary_type": "Food and Drinks", "sector_name": "45", "secondary_type": "indian_restaurant" }, "geometry": { "type": "Point", "coordinates": [ 76.7631416, 30.7069873 ] } },
{ "type": "Feature", "properties": { "name": "Aggarwal Medicals", "primary_type": "Essential Services", "sector_name": "45", "secondary_type": "pharmacy" }, "geometry": { "type": "Point", "coordinates": [ 76.7632401, 30.7071771 ] } },
{ "type": "Feature", "properties": { "name": "Cafe Forty Five", "primary_type": "Food and Drinks", "sector_name": "45", "secondary_type": "cafe" }, "geometry": { "type": "Point", "coordinates": [ 76.7633033, 30.7071812 ] } },
{ "type": "Feature", "properties": { "name": "Sham Ji Garments", "primary_type": "Shopping", "sector_name": "45", "secondary_type": "clothing_store" }, "geometry": { "type": "Point", "coordinates": [ 76.7632829, 30.7073324 ] } },
{ "type": "Feature", "properties": { "name": "Reyansh Medical Store", "primary_type": "Essential Services", "sector_name": "45", "secondary_type": "pharmacy" }, "geometry": { "type": "Point", "coordinates": [ 76.7634891, 30.7071622 ] } },
{ "type": "Feature", "properties": { "name": "Imran Chicken Fry", "primary_type": "Food and Drinks", "sector_name": "45", "secondary_type": "fast_food_restaurant" }, "geometry": { "type": "Point", "coordinates": [ 76.7629979, 30.7067821 ] } },
{ "type": "Feature", "properties": { "name": "Roll Junction", "primary_type": "Food and Drinks", "sector_name": "45", "secondary_type": "fast_food_restaurant" }, "geometry": { "type": "Point", "coordinates": [ 76.7629599, 30.7067374 ] } },
{ "type": "Feature", "properties": { "name": "Indusind Bank", "primary_type": "Essential Services", "sector_name": "45", "secondary_type": "bank" }, "geometry": { "type": "Point", "coordinates": [ 76.7632764, 30.7074341 ] } },
{ "type": "Feature", "properties": { "name": "Harman Sandhu Boutique", "primary_type": "Shopping", "sector_name": "45", "secondary_type": "clothing_store" }, "geometry": { "type": "Point", "coordinates": [ 76.7631795, 30.7066484 ] } },
{ "type": "Feature", "properties": { "name": "Beast Power Gym", "primary_type": "Sports", "sector_name": "45", "secondary_type": "gym" }, "geometry": { "type": "Point", "coordinates": [ 76.7631636, 30.7074906 ] } },
{ "type": "Feature", "properties": { "name": "Shahnawaj Garments", "primary_type": "Shopping", "sector_name": "45", "secondary_type": "clothing_store" }, "geometry": { "type": "Point", "coordinates": [ 76.7637218, 30.7069781 ] } },
{ "type": "Feature", "properties": { "name": "Classic collection", "primary_type": "Shopping", "sector_name": "45", "secondary_type": "clothing_store" }, "geometry": { "type": "Point", "coordinates": [ 76.7629793, 30.7065584 ] } },
{ "type": "Feature", "properties": { "name": "Rohail Garments", "primary_type": "Shopping", "sector_name": "45", "secondary_type": "clothing_store" }, "geometry": { "type": "Point", "coordinates": [ 76.762462, 30.706724 ] } },
{ "type": "Feature", "properties": { "name": "Friends Tailoring Material", "primary_type": "Shopping", "sector_name": "45", "secondary_type": "clothing_store" }, "geometry": { "type": "Point", "coordinates": [ 76.7624375, 30.7074375 ] } },
{ "type": "Feature", "properties": { "name": "Zayka Chicken Corner", "primary_type": "Food and Drinks", "sector_name": "45", "secondary_type": "restaurant" }, "geometry": { "type": "Point", "coordinates": [ 76.7625074, 30.7075364 ] } },
{ "type": "Feature", "properties": { "name": "Shiv Medicos", "primary_type": "Essential Services", "sector_name": "45", "secondary_type": "pharmacy" }, "geometry": { "type": "Point", "coordinates": [ 76.7635677, 30.7077483 ] } },
{ "type": "Feature", "properties": { "name": "Mahajan Clinic", "primary_type": "Essential Services", "sector_name": "45", "secondary_type": "pharmacy" }, "geometry": { "type": "Point", "coordinates": [ 76.7630062, 30.7078228 ] } },
{ "type": "Feature", "properties": { "name": "Pratham Medicos", "primary_type": "Essential Services", "sector_name": "45", "secondary_type": "pharmacy" }, "geometry": { "type": "Point", "coordinates": [ 76.7629733, 30.7078207 ] } },
{ "type": "Feature", "properties": { "name": "Ahmad Garments", "primary_type": "Shopping", "sector_name": "45", "secondary_type": "clothing_store" }, "geometry": { "type": "Point", "coordinates": [ 76.7629699, 30.7078305 ] } },
{ "type": "Feature", "properties": { "name": "school playground", "primary_type": "Sports", "sector_name": "45", "secondary_type": "playground" }, "geometry": { "type": "Point", "coordinates": [ 76.7623721, 30.7103518 ] } },
{ "type": "Feature", "properties": { "name": "Arjun Clinic", "primary_type": "Essential Services", "sector_name": "45", "secondary_type": "doctor" }, "geometry": { "type": "Point", "coordinates": [ 76.7626326, 30.7099293 ] } },
{ "type": "Feature", "properties": { "name": "Himani Boutique", "primary_type": "Shopping", "sector_name": "45", "secondary_type": "clothing_store" }, "geometry": { "type": "Point", "coordinates": [ 76.7632296, 30.7096232 ] } },
{ "type": "Feature", "properties": { "name": "Namo Naryana Dhaba", "primary_type": "Food and Drinks", "sector_name": "45", "secondary_type": "indian_restaurant" }, "geometry": { "type": "Point", "coordinates": [ 76.762694, 30.709736 ] } },
{ "type": "Feature", "properties": { "name": "Harshit Enterprises", "primary_type": "Shopping", "sector_name": "45", "secondary_type": "store" }, "geometry": { "type": "Point", "coordinates": [ 76.7626942, 30.7095883 ] } },
{ "type": "Feature", "properties": { "name": "Manav Boutique", "primary_type": "Shopping", "sector_name": "45", "secondary_type": "clothing_store" }, "geometry": { "type": "Point", "coordinates": [ 76.7626754, 30.7095889 ] } },
{ "type": "Feature", "properties": { "name": "Shop No. 1487", "primary_type": "Shopping", "sector_name": "45", "secondary_type": "clothing_store" }, "geometry": { "type": "Point", "coordinates": [ 76.7626743, 30.7095869 ] } },
{ "type": "Feature", "properties": { "name": "Tayal Health Clinic", "primary_type": "Essential Services", "sector_name": "45", "secondary_type": "doctor" }, "geometry": { "type": "Point", "coordinates": [ 76.76378, 30.7095229 ] } },
{ "type": "Feature", "properties": { "name": "VASTR", "primary_type": "Shopping", "sector_name": "45", "secondary_type": "clothing_store" }, "geometry": { "type": "Point", "coordinates": [ 76.7623614, 30.7095291 ] } },
{ "type": "Feature", "properties": { "name": "Party Hall", "primary_type": "Food and Drinks", "sector_name": "45", "secondary_type": "bar" }, "geometry": { "type": "Point", "coordinates": [ 76.7619816, 30.7100935 ] } },
{ "type": "Feature", "properties": { "name": "Dileep Karyana Store", "primary_type": "Essential Services", "sector_name": "45", "secondary_type": "grocery_store" }, "geometry": { "type": "Point", "coordinates": [ 76.7636275, 30.7092757 ] } },
{ "type": "Feature", "properties": { "name": "Pearl Departmental store", "primary_type": "Essential Services", "sector_name": "45", "secondary_type": "grocery_store" }, "geometry": { "type": "Point", "coordinates": [ 76.762394, 30.7093972 ] } },
{ "type": "Feature", "properties": { "name": "Ekta Departmental Store", "primary_type": "Essential Services", "sector_name": "45", "secondary_type": "grocery_store" }, "geometry": { "type": "Point", "coordinates": [ 76.7621154, 30.7096372 ] } },
{ "type": "Feature", "properties": { "name": "City Book Shop", "primary_type": "Shopping", "sector_name": "45", "secondary_type": "book_store" }, "geometry": { "type": "Point", "coordinates": [ 76.7620597, 30.7096183 ] } },
{ "type": "Feature", "properties": { "name": "Mamta Clinic", "primary_type": "Essential Services", "sector_name": "45", "secondary_type": "doctor" }, "geometry": { "type": "Point", "coordinates": [ 76.7640062, 30.709363 ] } },
{ "type": "Feature", "properties": { "name": "Sahil Garment", "primary_type": "Shopping", "sector_name": "45", "secondary_type": "clothing_store" }, "geometry": { "type": "Point", "coordinates": [ 76.7621951, 30.7092856 ] } },
{ "type": "Feature", "properties": { "name": "Public Park Green Belt", "primary_type": "Tourism", "sector_name": "32", "secondary_type": "park" }, "geometry": { "type": "Point", "coordinates": [ 76.7715023, 30.7055226 ] } },
{ "type": "Feature", "properties": { "name": "Public Parking 1", "primary_type": "Tourism", "sector_name": "32", "secondary_type": "park" }, "geometry": { "type": "Point", "coordinates": [ 76.7719573, 30.7058311 ] } },
{ "type": "Feature", "properties": { "name": "Brain and spine specialist Clinic", "primary_type": "Essential Services", "sector_name": "32", "secondary_type": "doctor" }, "geometry": { "type": "Point", "coordinates": [ 76.7724784, 30.7050776 ] } },
{ "type": "Feature", "properties": { "name": "Bhel ka Khel", "primary_type": "Food and Drinks", "sector_name": "32", "secondary_type": "restaurant" }, "geometry": { "type": "Point", "coordinates": [ 76.7722785, 30.7059833 ] } },
{ "type": "Feature", "properties": { "name": "SD College Ground", "primary_type": "Sports", "sector_name": "32", "secondary_type": "playground" }, "geometry": { "type": "Point", "coordinates": [ 76.7721543, 30.7033794 ] } },
{ "type": "Feature", "properties": { "name": "SD College Canteen", "primary_type": "Food and Drinks", "sector_name": "32", "secondary_type": "cafe" }, "geometry": { "type": "Point", "coordinates": [ 76.7717548, 30.7040188 ] } },
{ "type": "Feature", "properties": { "name": "hosue area", "primary_type": "Tourism", "sector_name": "32", "secondary_type": "park" }, "geometry": { "type": "Point", "coordinates": [ 76.7717045, 30.7065598 ] } },
{ "type": "Feature", "properties": { "name": "Central Bank of India ATM", "primary_type": "Essential Services", "sector_name": "32", "secondary_type": "atm" }, "geometry": { "type": "Point", "coordinates": [ 76.7721544, 30.7033794 ] } },
{ "type": "Feature", "properties": { "name": "Community Park 2", "primary_type": "Tourism", "sector_name": "32", "secondary_type": "park" }, "geometry": { "type": "Point", "coordinates": [ 76.7708177, 30.7072413 ] } },
{ "type": "Feature", "properties": { "name": "CENTRAL BANK OF INDIA - ATM", "primary_type": "Essential Services", "sector_name": "32", "secondary_type": "atm" }, "geometry": { "type": "Point", "coordinates": [ 76.7738282, 30.7049285 ] } },
{ "type": "Feature", "properties": { "name": "Chaat Plaza", "primary_type": "Food and Drinks", "sector_name": "32", "secondary_type": "restaurant" }, "geometry": { "type": "Point", "coordinates": [ 76.7718842, 30.7083683 ] } },
{ "type": "Feature", "properties": { "name": "Dr. Sood's Evening clinic for Eyes", "primary_type": "Essential Services", "sector_name": "32", "secondary_type": "doctor" }, "geometry": { "type": "Point", "coordinates": [ 76.7718843, 30.7083682 ] } },
{ "type": "Feature", "properties": { "name": "The park where we Sat", "primary_type": "Tourism", "sector_name": "32", "secondary_type": "park" }, "geometry": { "type": "Point", "coordinates": [ 76.7713572, 30.7089366 ] } },
{ "type": "Feature", "properties": { "name": "DR SAMIR KUMAR-- GENERAL PHYSICIAN | DIABETOLOGIST", "primary_type": "Essential Services", "sector_name": "32", "secondary_type": "hospital" }, "geometry": { "type": "Point", "coordinates": [ 76.7720772, 30.7086707 ] } },
{ "type": "Feature", "properties": { "name": "Tandoor House", "primary_type": "Food and Drinks", "sector_name": "32", "secondary_type": "indian_restaurant" }, "geometry": { "type": "Point", "coordinates": [ 76.7720772, 30.7086707 ] } },
{ "type": "Feature", "properties": { "name": "Orthopaedic Clinic", "primary_type": "Essential Services", "sector_name": "32", "secondary_type": "doctor" }, "geometry": { "type": "Point", "coordinates": [ 76.7721873, 30.7080646 ] } },
{ "type": "Feature", "properties": { "name": "Community Park 1", "primary_type": "Tourism", "sector_name": "32", "secondary_type": "park" }, "geometry": { "type": "Point", "coordinates": [ 76.7701258, 30.7081536 ] } },
{ "type": "Feature", "properties": { "name": "Dr agarwal", "primary_type": "Essential Services", "sector_name": "32", "secondary_type": "doctor" }, "geometry": { "type": "Point", "coordinates": [ 76.7723174, 30.7088121 ] } },
{ "type": "Feature", "properties": { "name": "Children park 32D", "primary_type": "Tourism", "sector_name": "32", "secondary_type": "park" }, "geometry": { "type": "Point", "coordinates": [ 76.7721059, 30.7095376 ] } },
{ "type": "Feature", "properties": { "name": "Ajay Gupta", "primary_type": "Essential Services", "sector_name": "32", "secondary_type": "dentist" }, "geometry": { "type": "Point", "coordinates": [ 76.7696311, 30.7083262 ] } },
{ "type": "Feature", "properties": { "name": "S.M. FASHION HUT", "primary_type": "Shopping", "sector_name": "32", "secondary_type": "clothing_store" }, "geometry": { "type": "Point", "coordinates": [ 76.7729546, 30.7091921 ] } },
{ "type": "Feature", "properties": { "name": "ZAARA", "primary_type": "Shopping", "sector_name": "32", "secondary_type": "clothing_store" }, "geometry": { "type": "Point", "coordinates": [ 76.7726028, 30.7095715 ] } },
{ "type": "Feature", "properties": { "name": "Sigdi Family Restaurant", "primary_type": "Food and Drinks", "sector_name": "32", "secondary_type": "restaurant" }, "geometry": { "type": "Point", "coordinates": [ 76.7725961, 30.7096242 ] } },
{ "type": "Feature", "properties": { "name": "PQ59+6HM", "primary_type": "Tourism", "sector_name": "32", "secondary_type": "park" }, "geometry": { "type": "Point", "coordinates": [ 76.769089, 30.7078261 ] } },
{ "type": "Feature", "properties": { "name": "Dart Services , GMCH", "primary_type": "Essential Services", "sector_name": "32", "secondary_type": "hospital" }, "geometry": { "type": "Point", "coordinates": [ 76.775288, 30.7057371 ] } },
{ "type": "Feature", "properties": { "name": "G S Karyana Store", "primary_type": "Essential Services", "sector_name": "32", "secondary_type": "supermarket" }, "geometry": { "type": "Point", "coordinates": [ 76.7764626, 30.7061976 ] } },
{ "type": "Feature", "properties": { "name": "Sec32 Market", "primary_type": "Shopping", "sector_name": "32", "secondary_type": "market" }, "geometry": { "type": "Point", "coordinates": [ 76.775472, 30.706594 ] } },
{ "type": "Feature", "properties": { "name": "Union Bank of India ATM", "primary_type": "Essential Services", "sector_name": "32", "secondary_type": "atm" }, "geometry": { "type": "Point", "coordinates": [ 76.7754267, 30.7070163 ] } },
{ "type": "Feature", "properties": { "name": "Union Bank Of India", "primary_type": "Essential Services", "sector_name": "32", "secondary_type": "bank" }, "geometry": { "type": "Point", "coordinates": [ 76.7753275, 30.70705 ] } },
{ "type": "Feature", "properties": { "name": "Sub Post Office-Sector 11", "primary_type": "Essential Services", "sector_name": "32", "secondary_type": "post_office" }, "geometry": { "type": "Point", "coordinates": [ 76.7766338, 30.7067928 ] } },
{ "type": "Feature", "properties": { "name": "bhatia department store", "primary_type": "Essential Services", "sector_name": "32", "secondary_type": "grocery_store" }, "geometry": { "type": "Point", "coordinates": [ 76.7761106, 30.7070164 ] } },
{ "type": "Feature", "properties": { "name": "Bistro 57", "primary_type": "Food and Drinks", "sector_name": "32", "secondary_type": "restaurant" }, "geometry": { "type": "Point", "coordinates": [ 76.7755025, 30.7081466 ] } },
{ "type": "Feature", "properties": { "name": "Hizruboi meetup place", "primary_type": "Tourism", "sector_name": "32", "secondary_type": "tourist_attraction" }, "geometry": { "type": "Point", "coordinates": [ 76.7754704, 30.7079262 ] } },
{ "type": "Feature", "properties": { "name": "Gurpreet Dhaba", "primary_type": "Food and Drinks", "sector_name": "32", "secondary_type": "fast_food_restaurant" }, "geometry": { "type": "Point", "coordinates": [ 76.7756243, 30.7078063 ] } },
{ "type": "Feature", "properties": { "name": "Nirman theatre", "primary_type": "Entertainment", "sector_name": "32", "secondary_type": "movie_theater" }, "geometry": { "type": "Point", "coordinates": [ 76.7748357, 30.70829 ] } },
{ "type": "Feature", "properties": { "name": "The Gulati's Jalebi & Rabri Junction", "primary_type": "Food and Drinks", "sector_name": "32", "secondary_type": "dessert_restaurant" }, "geometry": { "type": "Point", "coordinates": [ 76.7746109, 30.708234 ] } },
{ "type": "Feature", "properties": { "name": "Pro Ultimate Gyms - Sector 32, Chandigarh", "primary_type": "Sports", "sector_name": "32", "secondary_type": "gym" }, "geometry": { "type": "Point", "coordinates": [ 76.7754713, 30.7074775 ] } },
{ "type": "Feature", "properties": { "name": "32 food market", "primary_type": "Essential Services", "sector_name": "32", "secondary_type": "grocery_store" }, "geometry": { "type": "Point", "coordinates": [ 76.774465, 30.70824 ] } },
{ "type": "Feature", "properties": { "name": "Rahul Chat", "primary_type": "Food and Drinks", "sector_name": "32", "secondary_type": "fast_food_restaurant" }, "geometry": { "type": "Point", "coordinates": [ 76.7743871, 30.7083373 ] } },
{ "type": "Feature", "properties": { "name": "Tera Hi Tera Medicos", "primary_type": "Essential Services", "sector_name": "32", "secondary_type": "pharmacy" }, "geometry": { "type": "Point", "coordinates": [ 76.7744951, 30.7079605 ] } },
{ "type": "Feature", "properties": { "name": "ICICI Bank Sector 32, Chandigarh-Branch & ATM", "primary_type": "Essential Services", "sector_name": "32", "secondary_type": "bank" }, "geometry": { "type": "Point", "coordinates": [ 76.7750199, 30.7074782 ] } },
{ "type": "Feature", "properties": { "name": "Elite Edge Gym and Spa", "primary_type": "Sports", "sector_name": "32", "secondary_type": "gym" }, "geometry": { "type": "Point", "coordinates": [ 76.7744038, 30.7080555 ] } },
{ "type": "Feature", "properties": { "name": "Vivant Clinic- Skin, Cosmetology, Medicine, Gastroenterology, Gynecology IVF Clinic", "primary_type": "Shopping", "sector_name": "32", "secondary_type": "skin_care_clinic" }, "geometry": { "type": "Point", "coordinates": [ 76.7745349, 30.7089395 ] } },
{ "type": "Feature", "properties": { "name": "Zoca Cafe Sector 32 Chandigarh", "primary_type": "Food and Drinks", "sector_name": "32", "secondary_type": "cafe" }, "geometry": { "type": "Point", "coordinates": [ 76.7743988, 30.7080521 ] } },
{ "type": "Feature", "properties": { "name": "LUCKY SNACKS POINT", "primary_type": "Food and Drinks", "sector_name": "32", "secondary_type": "fast_food_restaurant" }, "geometry": { "type": "Point", "coordinates": [ 76.7743227, 30.7083948 ] } },
{ "type": "Feature", "properties": { "name": "The Dumpling Hub", "primary_type": "Food and Drinks", "sector_name": "32", "secondary_type": "chinese_restaurant" }, "geometry": { "type": "Point", "coordinates": [ 76.7743308, 30.7085817 ] } },
{ "type": "Feature", "properties": { "name": "Gopal Krishnan Dr", "primary_type": "Essential Services", "sector_name": "32", "secondary_type": "doctor" }, "geometry": { "type": "Point", "coordinates": [ 76.77549, 30.7094569 ] } },
{ "type": "Feature", "properties": { "name": "Paramanand Gupta", "primary_type": "Essential Services", "sector_name": "32", "secondary_type": "hospital" }, "geometry": { "type": "Point", "coordinates": [ 76.77549, 30.7094569 ] } },
{ "type": "Feature", "properties": { "name": "HUM TUM", "primary_type": "Shopping", "sector_name": "32", "secondary_type": "clothing_store" }, "geometry": { "type": "Point", "coordinates": [ 76.7768299, 30.712023 ] } },
{ "type": "Feature", "properties": { "name": "Kian Singh Park", "primary_type": "Tourism", "sector_name": "33", "secondary_type": "park" }, "geometry": { "type": "Point", "coordinates": [ 76.7751941, 30.7129678 ] } },
{ "type": "Feature", "properties": { "name": "Sai Ayurveda-Ayurvedic Doctor in Chandigarh | Infertility |PCOD Treatment | liver Treatment |Kideny Treatment|Arthritis", "primary_type": "Essential Services", "sector_name": "32", "secondary_type": "doctor" }, "geometry": { "type": "Point", "coordinates": [ 76.7774242, 30.7119518 ] } },
{ "type": "Feature", "properties": { "name": "Dr.Nikhil Khaneja", "primary_type": "Essential Services", "sector_name": "32", "secondary_type": "doctor" }, "geometry": { "type": "Point", "coordinates": [ 76.7738238, 30.7103567 ] } },
{ "type": "Feature", "properties": { "name": "Neha Fitness Academy", "primary_type": "Sports", "sector_name": "33", "secondary_type": "fitness_center" }, "geometry": { "type": "Point", "coordinates": [ 76.7736961, 30.7127355 ] } },
{ "type": "Feature", "properties": { "name": "JOGPAL CHICKEN SOUP CORNER", "primary_type": "Food and Drinks", "sector_name": "32", "secondary_type": "fast_food_restaurant" }, "geometry": { "type": "Point", "coordinates": [ 76.7775285, 30.7124849 ] } },
{ "type": "Feature", "properties": { "name": "Radhey Tea stall", "primary_type": "Food and Drinks", "sector_name": "32", "secondary_type": "fast_food_restaurant" }, "geometry": { "type": "Point", "coordinates": [ 76.7775285, 30.7124849 ] } },
{ "type": "Feature", "properties": { "name": "Soulful Asanas Studio", "primary_type": "Sports", "sector_name": "32", "secondary_type": "yoga_studio" }, "geometry": { "type": "Point", "coordinates": [ 76.7775285, 30.7124849 ] } },
{ "type": "Feature", "properties": { "name": "Anmol park", "primary_type": "Sports", "sector_name": "33", "secondary_type": "gym" }, "geometry": { "type": "Point", "coordinates": [ 76.7738691, 30.7129266 ] } },
{ "type": "Feature", "properties": { "name": "Infinity Momos", "primary_type": "Food and Drinks", "sector_name": "32", "secondary_type": "fast_food_restaurant" }, "geometry": { "type": "Point", "coordinates": [ 76.7738285, 30.7100576 ] } },
{ "type": "Feature", "properties": { "name": "J B D Dr (Principal Homeo Medicin) Castro", "primary_type": "Essential Services", "sector_name": "32", "secondary_type": "hospital" }, "geometry": { "type": "Point", "coordinates": [ 76.77549, 30.7094569 ] } },
{ "type": "Feature", "properties": { "name": "Ms Tradelink", "primary_type": "Shopping", "sector_name": "32", "secondary_type": "clothing_store" }, "geometry": { "type": "Point", "coordinates": [ 76.77549, 30.7094569 ] } },
{ "type": "Feature", "properties": { "name": "S K Dr Chhabra", "primary_type": "Essential Services", "sector_name": "32", "secondary_type": "doctor" }, "geometry": { "type": "Point", "coordinates": [ 76.77549, 30.7094569 ] } },
{ "type": "Feature", "properties": { "name": "Dr Naiya Bansal's best Laser hair Removal in Chandigarh", "primary_type": "Shopping", "sector_name": "32", "secondary_type": "beauty_salon" }, "geometry": { "type": "Point", "coordinates": [ 76.7791582, 30.709044 ] } },
{ "type": "Feature", "properties": { "name": "Jan Aushadhi Store", "primary_type": "Essential Services", "sector_name": "32", "secondary_type": "pharmacy" }, "geometry": { "type": "Point", "coordinates": [ 76.780533, 30.7089269 ] } },
{ "type": "Feature", "properties": { "name": "Radiation Oncology Department, GMCH 32", "primary_type": "Essential Services", "sector_name": "32", "secondary_type": "hospital" }, "geometry": { "type": "Point", "coordinates": [ 76.7808058, 30.7080959 ] } },
{ "type": "Feature", "properties": { "name": "Block B, OPD, GMCH", "primary_type": "Essential Services", "sector_name": "32", "secondary_type": "hospital" }, "geometry": { "type": "Point", "coordinates": [ 76.7799306, 30.7095284 ] } },
{ "type": "Feature", "properties": { "name": "The Urban Bites", "primary_type": "Food and Drinks", "sector_name": "32", "secondary_type": "cafe" }, "geometry": { "type": "Point", "coordinates": [ 76.7783061, 30.7088634 ] } },
{ "type": "Feature", "properties": { "name": "Department of Orthopedics", "primary_type": "Essential Services", "sector_name": "32", "secondary_type": "hospital" }, "geometry": { "type": "Point", "coordinates": [ 76.7796369, 30.7097083 ] } },
{ "type": "Feature", "properties": { "name": "Block J, GMCH", "primary_type": "Essential Services", "sector_name": "32", "secondary_type": "hospital" }, "geometry": { "type": "Point", "coordinates": [ 76.7795899, 30.7070199 ] } },
{ "type": "Feature", "properties": { "name": "GMCH OPD ENTRANCE GATE", "primary_type": "Essential Services", "sector_name": "32", "secondary_type": "hospital" }, "geometry": { "type": "Point", "coordinates": [ 76.7800548, 30.7097684 ] } },
{ "type": "Feature", "properties": { "name": "Block C GMCH", "primary_type": "Essential Services", "sector_name": "32", "secondary_type": "hospital" }, "geometry": { "type": "Point", "coordinates": [ 76.78139, 30.7086261 ] } },
{ "type": "Feature", "properties": { "name": "Hospital", "primary_type": "Essential Services", "sector_name": "32", "secondary_type": "hospital" }, "geometry": { "type": "Point", "coordinates": [ 76.7804435, 30.7099371 ] } },
{ "type": "Feature", "properties": { "name": "Dr ZAHID IQBAL MIR", "primary_type": "Essential Services", "sector_name": "32", "secondary_type": "doctor" }, "geometry": { "type": "Point", "coordinates": [ 76.7804448, 30.709962 ] } },
{ "type": "Feature", "properties": { "name": "Walking Park", "primary_type": "Tourism", "sector_name": "32", "secondary_type": "park" }, "geometry": { "type": "Point", "coordinates": [ 76.7799975, 30.7111568 ] } },
{ "type": "Feature", "properties": { "name": "Sector 32 hospital", "primary_type": "Essential Services", "sector_name": "32", "secondary_type": "hospital" }, "geometry": { "type": "Point", "coordinates": [ 76.7813741, 30.7094584 ] } },
{ "type": "Feature", "properties": { "name": "Government Medical College & Hospital Emergency Room", "primary_type": "Essential Services", "sector_name": "32", "secondary_type": "hospital" }, "geometry": { "type": "Point", "coordinates": [ 76.7813772, 30.7096254 ] } },
{ "type": "Feature", "properties": { "name": "Dr. Jaskaran Singh Gujral", "primary_type": "Essential Services", "sector_name": "32", "secondary_type": "doctor" }, "geometry": { "type": "Point", "coordinates": [ 76.781519, 30.7095481 ] } },
{ "type": "Feature", "properties": { "name": "A block, gmch", "primary_type": "Essential Services", "sector_name": "32", "secondary_type": "hospital" }, "geometry": { "type": "Point", "coordinates": [ 76.7814621, 30.7096526 ] } },
{ "type": "Feature", "properties": { "name": "sumit litti corner", "primary_type": "Food and Drinks", "sector_name": "32", "secondary_type": "restaurant" }, "geometry": { "type": "Point", "coordinates": [ 76.7792902, 30.7115527 ] } },
{ "type": "Feature", "properties": { "name": "Children park", "primary_type": "Tourism", "sector_name": "32", "secondary_type": "park" }, "geometry": { "type": "Point", "coordinates": [ 76.7794605, 30.7106927 ] } },
{ "type": "Feature", "properties": { "name": "Small park", "primary_type": "Tourism", "sector_name": "32", "secondary_type": "park" }, "geometry": { "type": "Point", "coordinates": [ 76.7785127, 30.7120944 ] } },
{ "type": "Feature", "properties": { "name": "Amit Meeting Point", "primary_type": "Essential Services", "sector_name": "32", "secondary_type": "hospital" }, "geometry": { "type": "Point", "coordinates": [ 76.7803701, 30.7107157 ] } },
{ "type": "Feature", "properties": { "name": "Gosal Taxi Stand", "primary_type": "Public Transport", "sector_name": "32", "secondary_type": "taxi_stand" }, "geometry": { "type": "Point", "coordinates": [ 76.7808949, 30.7116227 ] } },
{ "type": "Feature", "properties": { "name": "Sudh Vashno Dhaba", "primary_type": "Food and Drinks", "sector_name": "32", "secondary_type": "restaurant" }, "geometry": { "type": "Point", "coordinates": [ 76.7808904, 30.7114106 ] } },
{ "type": "Feature", "properties": { "name": "SUDHIR MANDAL", "primary_type": "Food and Drinks", "sector_name": "32", "secondary_type": "restaurant" }, "geometry": { "type": "Point", "coordinates": [ 76.7809024, 30.7114272 ] } },
{ "type": "Feature", "properties": { "name": "Tapri", "primary_type": "Shopping", "sector_name": "32", "secondary_type": "market" }, "geometry": { "type": "Point", "coordinates": [ 76.781034, 30.711704 ] } },
{ "type": "Feature", "properties": { "name": "Park 17", "primary_type": "Tourism", "sector_name": "29", "secondary_type": "park" }, "geometry": { "type": "Point", "coordinates": [ 76.7885602, 30.7083303 ] } },
{ "type": "Feature", "properties": { "name": "Community park", "primary_type": "Tourism", "sector_name": "29", "secondary_type": "park" }, "geometry": { "type": "Point", "coordinates": [ 76.7900037, 30.7068079 ] } },
{ "type": "Feature", "properties": { "name": "Tution", "primary_type": "Tourism", "sector_name": "29", "secondary_type": "park" }, "geometry": { "type": "Point", "coordinates": [ 76.7892572, 30.7088942 ] } },
{ "type": "Feature", "properties": { "name": "Pink Cassia Garden Part 2", "primary_type": "Tourism", "sector_name": "29", "secondary_type": "park" }, "geometry": { "type": "Point", "coordinates": [ 76.7904544, 30.7094124 ] } },
{ "type": "Feature", "properties": { "name": "Public Park 6", "primary_type": "Tourism", "sector_name": "29", "secondary_type": "park" }, "geometry": { "type": "Point", "coordinates": [ 76.7905152, 30.7094252 ] } },
{ "type": "Feature", "properties": { "name": "Public Park 7", "primary_type": "Tourism", "sector_name": "29", "secondary_type": "park" }, "geometry": { "type": "Point", "coordinates": [ 76.791641, 30.7080118 ] } },
{ "type": "Feature", "properties": { "name": "29D", "primary_type": "Tourism", "sector_name": "29", "secondary_type": "park" }, "geometry": { "type": "Point", "coordinates": [ 76.7892825, 30.7118496 ] } },
{ "type": "Feature", "properties": { "name": "Friends Medicos", "primary_type": "Essential Services", "sector_name": "30", "secondary_type": "drugstore" }, "geometry": { "type": "Point", "coordinates": [ 76.7884742, 30.7122585 ] } },
{ "type": "Feature", "properties": { "name": "NINJA BAR", "primary_type": "Food and Drinks", "sector_name": "30", "secondary_type": "bar" }, "geometry": { "type": "Point", "coordinates": [ 76.7884686, 30.7122595 ] } },
{ "type": "Feature", "properties": { "name": "Chandigarh - Sector 29", "primary_type": "Essential Services", "sector_name": "29", "secondary_type": "bank" }, "geometry": { "type": "Point", "coordinates": [ 76.7899862, 30.711567 ] } },
{ "type": "Feature", "properties": { "name": "KK FASHION", "primary_type": "Shopping", "sector_name": "29", "secondary_type": "clothing_store" }, "geometry": { "type": "Point", "coordinates": [ 76.7899989, 30.7115728 ] } },
{ "type": "Feature", "properties": { "name": "Om Keshav Medicos", "primary_type": "Essential Services", "sector_name": "29", "secondary_type": "pharmacy" }, "geometry": { "type": "Point", "coordinates": [ 76.7899989, 30.7115728 ] } },
{ "type": "Feature", "properties": { "name": "Foji canteen", "primary_type": "Shopping", "sector_name": "29", "secondary_type": "shopping_mall" }, "geometry": { "type": "Point", "coordinates": [ 76.7896882, 30.7119355 ] } },
{ "type": "Feature", "properties": { "name": "ICICI Bank Ltd.,Azara", "primary_type": "Essential Services", "sector_name": "29", "secondary_type": "bank" }, "geometry": { "type": "Point", "coordinates": [ 76.7900837, 30.7116293 ] } },
{ "type": "Feature", "properties": { "name": "CSD Canteen", "primary_type": "Food and Drinks", "sector_name": "29", "secondary_type": "cafeteria" }, "geometry": { "type": "Point", "coordinates": [ 76.7897667, 30.7119456 ] } },
{ "type": "Feature", "properties": { "name": "Sabji Mandi Sector 29", "primary_type": "Shopping", "sector_name": "29", "secondary_type": "market" }, "geometry": { "type": "Point", "coordinates": [ 76.7929414, 30.7077867 ] } },
{ "type": "Feature", "properties": { "name": "Public Park 5", "primary_type": "Tourism", "sector_name": "29", "secondary_type": "park" }, "geometry": { "type": "Point", "coordinates": [ 76.7920531, 30.7078847 ] } },
{ "type": "Feature", "properties": { "name": "Heaven Hut", "primary_type": "Food and Drinks", "sector_name": "29", "secondary_type": "pizza_restaurant" }, "geometry": { "type": "Point", "coordinates": [ 76.7919026, 30.7087641 ] } },
{ "type": "Feature", "properties": { "name": "Sahrukh Chicken Biryani", "primary_type": "Food and Drinks", "sector_name": "29", "secondary_type": "indian_restaurant" }, "geometry": { "type": "Point", "coordinates": [ 76.792324, 30.7089032 ] } },
{ "type": "Feature", "properties": { "name": "Sonu Dhaba", "primary_type": "Food and Drinks", "sector_name": "29", "secondary_type": "indian_restaurant" }, "geometry": { "type": "Point", "coordinates": [ 76.7919733, 30.7088755 ] } },
{ "type": "Feature", "properties": { "name": "Khusbu Biryani House", "primary_type": "Food and Drinks", "sector_name": "29", "secondary_type": "indian_restaurant" }, "geometry": { "type": "Point", "coordinates": [ 76.7917858, 30.7088364 ] } },
{ "type": "Feature", "properties": { "name": "Food 29", "primary_type": "Food and Drinks", "sector_name": "29", "secondary_type": "indian_restaurant" }, "geometry": { "type": "Point", "coordinates": [ 76.7919208, 30.7089125 ] } },
{ "type": "Feature", "properties": { "name": "Famous Chicken Biryani", "primary_type": "Food and Drinks", "sector_name": "29", "secondary_type": "indian_restaurant" }, "geometry": { "type": "Point", "coordinates": [ 76.7923063, 30.708962 ] } },
{ "type": "Feature", "properties": { "name": "Mama's Kitchen", "primary_type": "Food and Drinks", "sector_name": "29", "secondary_type": "indian_restaurant" }, "geometry": { "type": "Point", "coordinates": [ 76.7919056, 30.7089317 ] } },
{ "type": "Feature", "properties": { "name": "S.A. Medical Store", "primary_type": "Essential Services", "sector_name": "29", "secondary_type": "pharmacy" }, "geometry": { "type": "Point", "coordinates": [ 76.7916538, 30.7088726 ] } },
{ "type": "Feature", "properties": { "name": "Sanjay Rana Chole Bhature Wala", "primary_type": "Food and Drinks", "sector_name": "29", "secondary_type": "indian_restaurant" }, "geometry": { "type": "Point", "coordinates": [ 76.7921842, 30.7090317 ] } },
{ "type": "Feature", "properties": { "name": "Ashok Kumar Karyana Store", "primary_type": "Essential Services", "sector_name": "29", "secondary_type": "grocery_store" }, "geometry": { "type": "Point", "coordinates": [ 76.7945427, 30.7081242 ] } },
{ "type": "Feature", "properties": { "name": "Pushpraj flower traders", "primary_type": "Shopping", "sector_name": "29", "secondary_type": "market" }, "geometry": { "type": "Point", "coordinates": [ 76.7922931, 30.7092548 ] } },
{ "type": "Feature", "properties": { "name": "Dr. Arun Tokhi (Dr. Tokhi's Health Clinic)", "primary_type": "Essential Services", "sector_name": "29", "secondary_type": "doctor" }, "geometry": { "type": "Point", "coordinates": [ 76.791803, 30.7092417 ] } },
{ "type": "Feature", "properties": { "name": "New Chawla Police Store", "primary_type": "Shopping", "sector_name": "29", "secondary_type": "clothing_store" }, "geometry": { "type": "Point", "coordinates": [ 76.7915391, 30.7095753 ] } },
{ "type": "Feature", "properties": { "name": "Gogna Sons police & security uniform", "primary_type": "Shopping", "sector_name": "29", "secondary_type": "clothing_store" }, "geometry": { "type": "Point", "coordinates": [ 76.7915237, 30.7095881 ] } },
{ "type": "Feature", "properties": { "name": "Dr Dinesh Chander Sharma", "primary_type": "Essential Services", "sector_name": "29", "secondary_type": "doctor" }, "geometry": { "type": "Point", "coordinates": [ 76.7915646, 30.709539 ] } },
{ "type": "Feature", "properties": { "name": "Tokhi's Clinic", "primary_type": "Essential Services", "sector_name": "29", "secondary_type": "doctor" }, "geometry": { "type": "Point", "coordinates": [ 76.791569, 30.7095307 ] } },
{ "type": "Feature", "properties": { "name": "DIVYANSH MEDICOS", "primary_type": "Essential Services", "sector_name": "29", "secondary_type": "pharmacy" }, "geometry": { "type": "Point", "coordinates": [ 76.7915516, 30.7095097 ] } },
{ "type": "Feature", "properties": { "name": "Market Sector 29", "primary_type": "Shopping", "sector_name": "29", "secondary_type": "market" }, "geometry": { "type": "Point", "coordinates": [ 76.7915073, 30.7094607 ] } },
{ "type": "Feature", "properties": { "name": "Patiala Medical Store", "primary_type": "Essential Services", "sector_name": "29", "secondary_type": "pharmacy" }, "geometry": { "type": "Point", "coordinates": [ 76.7916587, 30.7092975 ] } },
{ "type": "Feature", "properties": { "name": "Sadna Medical Store", "primary_type": "Essential Services", "sector_name": "29", "secondary_type": "hospital" }, "geometry": { "type": "Point", "coordinates": [ 76.7927981, 30.7112416 ] } },
{ "type": "Feature", "properties": { "name": "Five Box (Sec 32 D, Chd)", "primary_type": "Food and Drinks", "sector_name": "29", "secondary_type": "fast_food_restaurant" }, "geometry": { "type": "Point", "coordinates": [ 76.7928161, 30.7112521 ] } },
{ "type": "Feature", "properties": { "name": "Dr. Mohit Sharma", "primary_type": "Essential Services", "sector_name": "29", "secondary_type": "doctor" }, "geometry": { "type": "Point", "coordinates": [ 76.7928161, 30.7112522 ] } },
{ "type": "Feature", "properties": { "name": "Fat tyre cyclesy", "primary_type": "Sports", "sector_name": "29", "secondary_type": "adventure_sports_center" }, "geometry": { "type": "Point", "coordinates": [ 76.7928158, 30.7112525 ] } },
{ "type": "Feature", "properties": { "name": "Sachdeva Medical Hall", "primary_type": "Essential Services", "sector_name": "29", "secondary_type": "pharmacy" }, "geometry": { "type": "Point", "coordinates": [ 76.7915691, 30.7092734 ] } },
{ "type": "Feature", "properties": { "name": "Popcorn", "primary_type": "Food and Drinks", "sector_name": "29", "secondary_type": "fast_food_restaurant" }, "geometry": { "type": "Point", "coordinates": [ 76.7914929, 30.7091944 ] } },
{ "type": "Feature", "properties": { "name": "Senior Club, Ordnance Factory", "primary_type": "Sports", "sector_name": "29", "secondary_type": "gym" }, "geometry": { "type": "Point", "coordinates": [ 76.793016, 30.7127906 ] } },
{ "type": "Feature", "properties": { "name": "The Yellow Turban", "primary_type": "Food and Drinks", "sector_name": "29", "secondary_type": "restaurant" }, "geometry": { "type": "Point", "coordinates": [ 76.7910471, 30.7133472 ] } },
{ "type": "Feature", "properties": { "name": "MONTY CONFECTIONERY", "primary_type": "Essential Services", "sector_name": "30", "secondary_type": "grocery_store" }, "geometry": { "type": "Point", "coordinates": [ 76.7914506, 30.714601 ] } },
{ "type": "Feature", "properties": { "name": "Dushera Ground (ocf-sector29)", "primary_type": "Tourism", "sector_name": "29", "secondary_type": "park" }, "geometry": { "type": "Point", "coordinates": [ 76.7942854, 30.7135703 ] } },
{ "type": "Feature", "properties": { "name": "Tourist Guide chandigarh india", "primary_type": "Tourism", "sector_name": "30", "secondary_type": "tourist_attraction" }, "geometry": { "type": "Point", "coordinates": [ 76.7914091, 30.7148832 ] } },
{ "type": "Feature", "properties": { "name": "Colour Secret Art Gallery Now Work From Home.", "primary_type": "Entertainment", "sector_name": "30", "secondary_type": "art_gallery" }, "geometry": { "type": "Point", "coordinates": [ 76.7915085, 30.7149366 ] } },
{ "type": "Feature", "properties": { "name": "Wellness Pathcare Lab, Chandigarh", "primary_type": "Essential Services", "sector_name": "29", "secondary_type": "doctor" }, "geometry": { "type": "Point", "coordinates": [ 76.7905895, 30.7120811 ] } },
{ "type": "Feature", "properties": { "name": "Pushpraj Flower House", "primary_type": "Shopping", "sector_name": "29", "secondary_type": "market" }, "geometry": { "type": "Point", "coordinates": [ 76.7915059, 30.7114523 ] } },
{ "type": "Feature", "properties": { "name": "Abhi's ground park 25", "primary_type": "Tourism", "sector_name": "29", "secondary_type": "park" }, "geometry": { "type": "Point", "coordinates": [ 76.7964767, 30.7103404 ] } },
{ "type": "Feature", "properties": { "name": "Lata Karyana Store", "primary_type": "Essential Services", "sector_name": "29", "secondary_type": "grocery_store" }, "geometry": { "type": "Point", "coordinates": [ 76.7964452, 30.7097524 ] } },
{ "type": "Feature", "properties": { "name": "Our water works", "primary_type": "Sports", "sector_name": "29", "secondary_type": "swimming_pool" }, "geometry": { "type": "Point", "coordinates": [ 76.7966763, 30.7110061 ] } },
{ "type": "Feature", "properties": { "name": "R fitness Gym & Swimming Pool", "primary_type": "Sports", "sector_name": "29", "secondary_type": "gym" }, "geometry": { "type": "Point", "coordinates": [ 76.7970844, 30.7109974 ] } },
{ "type": "Feature", "properties": { "name": "Sugu food point", "primary_type": "Food and Drinks", "sector_name": "29", "secondary_type": "indian_restaurant" }, "geometry": { "type": "Point", "coordinates": [ 76.7954894, 30.7096913 ] } },
{ "type": "Feature", "properties": { "name": "Polo Ralph Lauren Store - The Collective, Chandigarh", "primary_type": "Shopping", "sector_name": "29", "secondary_type": "clothing_store" }, "geometry": { "type": "Point", "coordinates": [ 76.7960139, 30.7090614 ] } },
{ "type": "Feature", "properties": { "name": "Sangeeta Boutique", "primary_type": "Shopping", "sector_name": "29", "secondary_type": "clothing_store" }, "geometry": { "type": "Point", "coordinates": [ 76.79519, 30.7102353 ] } },
{ "type": "Feature", "properties": { "name": "Surinder Karyana Store", "primary_type": "Essential Services", "sector_name": "29", "secondary_type": "supermarket" }, "geometry": { "type": "Point", "coordinates": [ 76.7953395, 30.7093304 ] } },
{ "type": "Feature", "properties": { "name": "Tinsukia", "primary_type": "Tourism", "sector_name": "29", "secondary_type": "tourist_attraction" }, "geometry": { "type": "Point", "coordinates": [ 76.7965839, 30.7118081 ] } },
{ "type": "Feature", "properties": { "name": "RC Creations", "primary_type": "Entertainment", "sector_name": "29", "secondary_type": "art_gallery" }, "geometry": { "type": "Point", "coordinates": [ 76.794555, 30.710747 ] } },
{ "type": "Feature", "properties": { "name": "lovely karyana store", "primary_type": "Essential Services", "sector_name": "29", "secondary_type": "grocery_store" }, "geometry": { "type": "Point", "coordinates": [ 76.7948438, 30.7090408 ] } },
{ "type": "Feature", "properties": { "name": "Krunchy Kitchen", "primary_type": "Food and Drinks", "sector_name": "29", "secondary_type": "fast_food_restaurant" }, "geometry": { "type": "Point", "coordinates": [ 76.794287, 30.7095075 ] } },
{ "type": "Feature", "properties": { "name": "Rareism, Industrial Area", "primary_type": "Shopping", "sector_name": "29", "secondary_type": "clothing_store" }, "geometry": { "type": "Point", "coordinates": [ 76.7944277, 30.7091054 ] } },
{ "type": "Feature", "properties": { "name": "RAJA KARYANA STORE", "primary_type": "Essential Services", "sector_name": "29", "secondary_type": "grocery_store" }, "geometry": { "type": "Point", "coordinates": [ 76.794962, 30.7084909 ] } },
{ "type": "Feature", "properties": { "name": "Rare Rabbit, Industrial Area", "primary_type": "Shopping", "sector_name": "29", "secondary_type": "clothing_store" }, "geometry": { "type": "Point", "coordinates": [ 76.7944012, 30.709091 ] } },
{ "type": "Feature", "properties": { "name": "OCF Estate Health Care Centre", "primary_type": "Essential Services", "sector_name": "29", "secondary_type": "hospital" }, "geometry": { "type": "Point", "coordinates": [ 76.796578, 30.7137539 ] } },
{ "type": "Feature", "properties": { "name": "Park 13", "primary_type": "Tourism", "sector_name": "29", "secondary_type": "park" }, "geometry": { "type": "Point", "coordinates": [ 76.7963188, 30.7127652 ] } },
{ "type": "Feature", "properties": { "name": "Ram Leela ground", "primary_type": "Tourism", "sector_name": "29", "secondary_type": "tourist_attraction" }, "geometry": { "type": "Point", "coordinates": [ 76.7957546, 30.7143535 ] } },
{ "type": "Feature", "properties": { "name": "Park 24", "primary_type": "Tourism", "sector_name": "29", "secondary_type": "park" }, "geometry": { "type": "Point", "coordinates": [ 76.7981829, 30.71273 ] } },
{ "type": "Feature", "properties": { "name": "Park 12 and Ram Leela Stage Ocfc", "primary_type": "Tourism", "sector_name": "29", "secondary_type": "park" }, "geometry": { "type": "Point", "coordinates": [ 76.7955497, 30.7142087 ] } },
{ "type": "Feature", "properties": { "name": "Ram Leela Park", "primary_type": "Tourism", "sector_name": "29", "secondary_type": "park" }, "geometry": { "type": "Point", "coordinates": [ 76.796113, 30.714862 ] } },
{ "type": "Feature", "properties": { "name": "Park 21", "primary_type": "Tourism", "sector_name": "29", "secondary_type": "park" }, "geometry": { "type": "Point", "coordinates": [ 76.798195, 30.7122152 ] } },
{ "type": "Feature", "properties": { "name": "Park 22", "primary_type": "Tourism", "sector_name": "29", "secondary_type": "park" }, "geometry": { "type": "Point", "coordinates": [ 76.798419, 30.7123613 ] } },
{ "type": "Feature", "properties": { "name": "Silent Park", "primary_type": "Tourism", "sector_name": "28", "secondary_type": "park" }, "geometry": { "type": "Point", "coordinates": [ 76.7991978, 30.7144589 ] } },
{ "type": "Feature", "properties": { "name": "Khera Mandir Park", "primary_type": "Tourism", "sector_name": "28", "secondary_type": "park" }, "geometry": { "type": "Point", "coordinates": [ 76.7987482, 30.7143753 ] } },
{ "type": "Feature", "properties": { "name": "Park 11", "primary_type": "Tourism", "sector_name": "29", "secondary_type": "park" }, "geometry": { "type": "Point", "coordinates": [ 76.7946458, 30.7143215 ] } },
{ "type": "Feature", "properties": { "name": "KRISHNA FAST FOOD & SWEETS", "primary_type": "Food and Drinks", "sector_name": "52", "secondary_type": "fast_food_restaurant" }, "geometry": { "type": "Point", "coordinates": [ 76.7332814, 30.7099819 ] } },
{ "type": "Feature", "properties": { "name": "Amit Yadav", "primary_type": "Essential Services", "sector_name": "52", "secondary_type": "doctor" }, "geometry": { "type": "Point", "coordinates": [ 76.7331048, 30.7105121 ] } },
{ "type": "Feature", "properties": { "name": "Sonakshi Garments", "primary_type": "Shopping", "sector_name": "52", "secondary_type": "clothing_store" }, "geometry": { "type": "Point", "coordinates": [ 76.7326848, 30.7106898 ] } },
{ "type": "Feature", "properties": { "name": "Goyal Kiryana Store", "primary_type": "Essential Services", "sector_name": "52", "secondary_type": "grocery_store" }, "geometry": { "type": "Point", "coordinates": [ 76.734328, 30.7108858 ] } },
{ "type": "Feature", "properties": { "name": "navin Karyana Store", "primary_type": "Essential Services", "sector_name": "52", "secondary_type": "supermarket" }, "geometry": { "type": "Point", "coordinates": [ 76.7325373, 30.7108601 ] } },
{ "type": "Feature", "properties": { "name": "Pawan Collection", "primary_type": "Shopping", "sector_name": "52", "secondary_type": "clothing_store" }, "geometry": { "type": "Point", "coordinates": [ 76.7324866, 30.7109277 ] } },
{ "type": "Feature", "properties": { "name": "गली नंबर 4", "primary_type": "Shopping", "sector_name": "52", "secondary_type": "clothing_store" }, "geometry": { "type": "Point", "coordinates": [ 76.732828, 30.7110967 ] } },
{ "type": "Feature", "properties": { "name": "MALIK KARYANA STORE", "primary_type": "Essential Services", "sector_name": "52", "secondary_type": "grocery_store" }, "geometry": { "type": "Point", "coordinates": [ 76.7324218, 30.7109837 ] } },
{ "type": "Feature", "properties": { "name": "ਖੇਡ ਦਾ ਮੈਦਾਨ", "primary_type": "Sports", "sector_name": "52", "secondary_type": "playground" }, "geometry": { "type": "Point", "coordinates": [ 76.7348386, 30.7075397 ] } },
{ "type": "Feature", "properties": { "name": "Bablu karyana store", "primary_type": "Essential Services", "sector_name": "52", "secondary_type": "food_store" }, "geometry": { "type": "Point", "coordinates": [ 76.7338246, 30.7113579 ] } },
{ "type": "Feature", "properties": { "name": "Pancham Karyana Store 2", "primary_type": "Shopping", "sector_name": "52", "secondary_type": "shopping_mall" }, "geometry": { "type": "Point", "coordinates": [ 76.733214, 30.7113847 ] } },
{ "type": "Feature", "properties": { "name": "Raj traders", "primary_type": "Shopping", "sector_name": "52", "secondary_type": "store" }, "geometry": { "type": "Point", "coordinates": [ 76.7323472, 30.711228 ] } },
{ "type": "Feature", "properties": { "name": "Prajapati Kumhar Diwali & pottery shop", "primary_type": "Shopping", "sector_name": "52", "secondary_type": "shopping_mall" }, "geometry": { "type": "Point", "coordinates": [ 76.7331936, 30.7121966 ] } },
{ "type": "Feature", "properties": { "name": "Ludhiana Garments", "primary_type": "Shopping", "sector_name": "52", "secondary_type": "clothing_store" }, "geometry": { "type": "Point", "coordinates": [ 76.7328743, 30.7124939 ] } },
{ "type": "Feature", "properties": { "name": "Civil Dispensary (CHSP) Sector 52", "primary_type": "Essential Services", "sector_name": "52", "secondary_type": "hospital" }, "geometry": { "type": "Point", "coordinates": [ 76.7328691, 30.7131179 ] } },
{ "type": "Feature", "properties": { "name": "Rushang Medicose", "primary_type": "Essential Services", "sector_name": "52", "secondary_type": "pharmacy" }, "geometry": { "type": "Point", "coordinates": [ 76.7325724, 30.7127627 ] } },
{ "type": "Feature", "properties": { "name": "Anisha Medicose", "primary_type": "Essential Services", "sector_name": "52", "secondary_type": "drugstore" }, "geometry": { "type": "Point", "coordinates": [ 76.7324049, 30.7129418 ] } },
{ "type": "Feature", "properties": { "name": "Veggie Hut", "primary_type": "Essential Services", "sector_name": "52", "secondary_type": "grocery_store" }, "geometry": { "type": "Point", "coordinates": [ 76.7323809, 30.7115083 ] } },
{ "type": "Feature", "properties": { "name": "Pankaj Departmental Store", "primary_type": "Shopping", "sector_name": "52", "secondary_type": "department_store" }, "geometry": { "type": "Point", "coordinates": [ 76.731547, 30.712177 ] } },
{ "type": "Feature", "properties": { "name": "Ikneet Health Club", "primary_type": "Sports", "sector_name": "52", "secondary_type": "gym" }, "geometry": { "type": "Point", "coordinates": [ 76.7354076, 30.7159632 ] } },
{ "type": "Feature", "properties": { "name": "SHIV SHAKTI ENTERPRISES", "primary_type": "Essential Services", "sector_name": "52", "secondary_type": "grocery_store" }, "geometry": { "type": "Point", "coordinates": [ 76.7354023, 30.7162736 ] } },
{ "type": "Feature", "properties": { "name": "Man Hospital", "primary_type": "Essential Services", "sector_name": "52", "secondary_type": "hospital" }, "geometry": { "type": "Point", "coordinates": [ 76.7354095, 30.7147848 ] } },
{ "type": "Feature", "properties": { "name": "HK 12", "primary_type": "Tourism", "sector_name": "52", "secondary_type": "park" }, "geometry": { "type": "Point", "coordinates": [ 76.7356714, 30.7159042 ] } },
{ "type": "Feature", "properties": { "name": "KIRAN TEXTILE", "primary_type": "Shopping", "sector_name": "52", "secondary_type": "clothing_store" }, "geometry": { "type": "Point", "coordinates": [ 76.7355266, 30.7165694 ] } },
{ "type": "Feature", "properties": { "name": "Luthra Medical Agencies", "primary_type": "Essential Services", "sector_name": "52", "secondary_type": "pharmacy" }, "geometry": { "type": "Point", "coordinates": [ 76.7359953, 30.7172786 ] } },
{ "type": "Feature", "properties": { "name": "Khanna's Trendy boutique", "primary_type": "Shopping", "sector_name": "52", "secondary_type": "clothing_store" }, "geometry": { "type": "Point", "coordinates": [ 76.7359622, 30.7140199 ] } },
{ "type": "Feature", "properties": { "name": "U Gyn Clinic", "primary_type": "Essential Services", "sector_name": "53", "secondary_type": "doctor" }, "geometry": { "type": "Point", "coordinates": [ 76.7304977, 30.7148593 ] } },
{ "type": "Feature", "properties": { "name": "KHURANA AND SONS MEDICOS", "primary_type": "Essential Services", "sector_name": "52", "secondary_type": "pharmacy" }, "geometry": { "type": "Point", "coordinates": [ 76.7366752, 30.7163552 ] } },
{ "type": "Feature", "properties": { "name": "Balaji Karyana Store", "primary_type": "Essential Services", "sector_name": "52", "secondary_type": "grocery_store" }, "geometry": { "type": "Point", "coordinates": [ 76.736777, 30.715914 ] } },
{ "type": "Feature", "properties": { "name": "Giriraj Trading Company", "primary_type": "Essential Services", "sector_name": "52", "secondary_type": "food_store" }, "geometry": { "type": "Point", "coordinates": [ 76.7368484, 30.7157813 ] } },
{ "type": "Feature", "properties": { "name": "Sonu Karyana Store", "primary_type": "Essential Services", "sector_name": "52", "secondary_type": "grocery_store" }, "geometry": { "type": "Point", "coordinates": [ 76.7369065, 30.7152854 ] } },
{ "type": "Feature", "properties": { "name": "Shiv Shakti General Store", "primary_type": "Essential Services", "sector_name": "52", "secondary_type": "grocery_store" }, "geometry": { "type": "Point", "coordinates": [ 76.7368658, 30.7163554 ] } },
{ "type": "Feature", "properties": { "name": "Ashish Parmar", "primary_type": "Shopping", "sector_name": "52", "secondary_type": "store" }, "geometry": { "type": "Point", "coordinates": [ 76.735621, 30.7108626 ] } },
{ "type": "Feature", "properties": { "name": "Rishi medicos", "primary_type": "Essential Services", "sector_name": "52", "secondary_type": "drugstore" }, "geometry": { "type": "Point", "coordinates": [ 76.735621, 30.7108626 ] } },
{ "type": "Feature", "properties": { "name": "Yoga In Nerves", "primary_type": "Sports", "sector_name": "52", "secondary_type": "yoga_studio" }, "geometry": { "type": "Point", "coordinates": [ 76.735621, 30.7108626 ] } },
{ "type": "Feature", "properties": { "name": "SAI PHARMACY", "primary_type": "Essential Services", "sector_name": "52", "secondary_type": "pharmacy" }, "geometry": { "type": "Point", "coordinates": [ 76.7394236, 30.7118802 ] } },
{ "type": "Feature", "properties": { "name": "Sector52 Pharmisitical", "primary_type": "Essential Services", "sector_name": "52", "secondary_type": "pharmacy" }, "geometry": { "type": "Point", "coordinates": [ 76.736617, 30.7124224 ] } },
{ "type": "Feature", "properties": { "name": "Pari Karyana Store", "primary_type": "Essential Services", "sector_name": "52", "secondary_type": "grocery_store" }, "geometry": { "type": "Point", "coordinates": [ 76.7381005, 30.713299 ] } },
{ "type": "Feature", "properties": { "name": "Dry Fruit Shop", "primary_type": "Essential Services", "sector_name": "52", "secondary_type": "grocery_store" }, "geometry": { "type": "Point", "coordinates": [ 76.7380723, 30.7133734 ] } },
{ "type": "Feature", "properties": { "name": "Samar Karyana Store", "primary_type": "Essential Services", "sector_name": "52", "secondary_type": "grocery_store" }, "geometry": { "type": "Point", "coordinates": [ 76.7382868, 30.7132945 ] } },
{ "type": "Feature", "properties": { "name": "Mittal Namkeen Products", "primary_type": "Essential Services", "sector_name": "52", "secondary_type": "grocery_store" }, "geometry": { "type": "Point", "coordinates": [ 76.7381606, 30.7133662 ] } },
{ "type": "Feature", "properties": { "name": "Kajeri #26", "primary_type": "Food and Drinks", "sector_name": "52", "secondary_type": "bar" }, "geometry": { "type": "Point", "coordinates": [ 76.7370609, 30.713503 ] } },
{ "type": "Feature", "properties": { "name": "Durga Karyana Store", "primary_type": "Essential Services", "sector_name": "52", "secondary_type": "grocery_store" }, "geometry": { "type": "Point", "coordinates": [ 76.7377194, 30.7139887 ] } },
{ "type": "Feature", "properties": { "name": "Dhruv Garments", "primary_type": "Shopping", "sector_name": "52", "secondary_type": "clothing_store" }, "geometry": { "type": "Point", "coordinates": [ 76.7393739, 30.7128645 ] } },
{ "type": "Feature", "properties": { "name": "SHARMA MEDICAL & DENTAL CARE", "primary_type": "Essential Services", "sector_name": "52", "secondary_type": "dentist" }, "geometry": { "type": "Point", "coordinates": [ 76.7378107, 30.714006 ] } },
{ "type": "Feature", "properties": { "name": "Rabh Sukh Rakhe Medicos", "primary_type": "Essential Services", "sector_name": "52", "secondary_type": "pharmacy" }, "geometry": { "type": "Point", "coordinates": [ 76.7377846, 30.7141375 ] } },
{ "type": "Feature", "properties": { "name": "HOTEL KS RESIDENCY", "primary_type": "Food and Drinks", "sector_name": "52", "secondary_type": "restaurant" }, "geometry": { "type": "Point", "coordinates": [ 76.7377796, 30.7141494 ] } },
{ "type": "Feature", "properties": { "name": "Bargad chowk", "primary_type": "Tourism", "sector_name": "52", "secondary_type": "historical_landmark" }, "geometry": { "type": "Point", "coordinates": [ 76.7380502, 30.7141606 ] } },
{ "type": "Feature", "properties": { "name": "Saraswati Medicos", "primary_type": "Essential Services", "sector_name": "52", "secondary_type": "drugstore" }, "geometry": { "type": "Point", "coordinates": [ 76.7396431, 30.7129257 ] } },
{ "type": "Feature", "properties": { "name": "diwan chand and son's", "primary_type": "Essential Services", "sector_name": "52", "secondary_type": "grocery_store" }, "geometry": { "type": "Point", "coordinates": [ 76.7386527, 30.714047 ] } },
{ "type": "Feature", "properties": { "name": "Gurbilas Health Club", "primary_type": "Sports", "sector_name": "52", "secondary_type": "gym" }, "geometry": { "type": "Point", "coordinates": [ 76.739059, 30.7139466 ] } },
{ "type": "Feature", "properties": { "name": "Fashion Boutique", "primary_type": "Shopping", "sector_name": "52", "secondary_type": "clothing_store" }, "geometry": { "type": "Point", "coordinates": [ 76.7377726, 30.7143929 ] } },
{ "type": "Feature", "properties": { "name": "Ahmad Karyana Store", "primary_type": "Essential Services", "sector_name": "52", "secondary_type": "grocery_store" }, "geometry": { "type": "Point", "coordinates": [ 76.7394642, 30.7137462 ] } },
{ "type": "Feature", "properties": { "name": "Big Brother's Shoppe", "primary_type": "Shopping", "sector_name": "52", "secondary_type": "store" }, "geometry": { "type": "Point", "coordinates": [ 76.7380824, 30.7158808 ] } },
{ "type": "Feature", "properties": { "name": "Pizza Perfect", "primary_type": "Food and Drinks", "sector_name": "52", "secondary_type": "pizza_restaurant" }, "geometry": { "type": "Point", "coordinates": [ 76.7379963, 30.7152473 ] } },
{ "type": "Feature", "properties": { "name": "Unique Fashion Cloth House", "primary_type": "Shopping", "sector_name": "52", "secondary_type": "clothing_store" }, "geometry": { "type": "Point", "coordinates": [ 76.7380197, 30.7160938 ] } },
{ "type": "Feature", "properties": { "name": "Goyal Uniform", "primary_type": "Shopping", "sector_name": "52", "secondary_type": "clothing_store" }, "geometry": { "type": "Point", "coordinates": [ 76.7380197, 30.7160946 ] } },
{ "type": "Feature", "properties": { "name": "Lifecare medicos", "primary_type": "Essential Services", "sector_name": "52", "secondary_type": "pharmacy" }, "geometry": { "type": "Point", "coordinates": [ 76.7381616, 30.7160696 ] } },
{ "type": "Feature", "properties": { "name": "Nikhil Medicos", "primary_type": "Essential Services", "sector_name": "52", "secondary_type": "drugstore" }, "geometry": { "type": "Point", "coordinates": [ 76.7379995, 30.7151267 ] } },
{ "type": "Feature", "properties": { "name": "Panwar Dhaba", "primary_type": "Food and Drinks", "sector_name": "52", "secondary_type": "indian_restaurant" }, "geometry": { "type": "Point", "coordinates": [ 76.7380154, 30.7162152 ] } },
{ "type": "Feature", "properties": { "name": "DR KHANNA MEDICOS", "primary_type": "Essential Services", "sector_name": "52", "secondary_type": "pharmacy" }, "geometry": { "type": "Point", "coordinates": [ 76.7380615, 30.7161903 ] } },
{ "type": "Feature", "properties": { "name": "Pal Dhaba", "primary_type": "Food and Drinks", "sector_name": "52", "secondary_type": "indian_restaurant" }, "geometry": { "type": "Point", "coordinates": [ 76.7382069, 30.7160783 ] } },
{ "type": "Feature", "properties": { "name": "Sanjeev Cloth House", "primary_type": "Shopping", "sector_name": "52", "secondary_type": "clothing_store" }, "geometry": { "type": "Point", "coordinates": [ 76.7381516, 30.7152036 ] } },
{ "type": "Feature", "properties": { "name": "Gaurav Food Corner", "primary_type": "Food and Drinks", "sector_name": "52", "secondary_type": "breakfast_restaurant" }, "geometry": { "type": "Point", "coordinates": [ 76.7379871, 30.7162763 ] } },
{ "type": "Feature", "properties": { "name": "Kind Care Medicos", "primary_type": "Essential Services", "sector_name": "52", "secondary_type": "pharmacy" }, "geometry": { "type": "Point", "coordinates": [ 76.7375623, 30.7163561 ] } },
{ "type": "Feature", "properties": { "name": "AK Handloom", "primary_type": "Shopping", "sector_name": "52", "secondary_type": "clothing_store" }, "geometry": { "type": "Point", "coordinates": [ 76.7380709, 30.7150699 ] } },
{ "type": "Feature", "properties": { "name": "Tiwana dairy & sweets", "primary_type": "Food and Drinks", "sector_name": "52", "secondary_type": "restaurant" }, "geometry": { "type": "Point", "coordinates": [ 76.737669, 30.7163899 ] } },
{ "type": "Feature", "properties": { "name": "M. A. Fashion", "primary_type": "Shopping", "sector_name": "52", "secondary_type": "clothing_store" }, "geometry": { "type": "Point", "coordinates": [ 76.7377439, 30.7164388 ] } },
{ "type": "Feature", "properties": { "name": "Lucky Dhaba", "primary_type": "Food and Drinks", "sector_name": "52", "secondary_type": "indian_restaurant" }, "geometry": { "type": "Point", "coordinates": [ 76.7379394, 30.7164177 ] } },
{ "type": "Feature", "properties": { "name": "vita both 52", "primary_type": "Essential Services", "sector_name": "52", "secondary_type": "grocery_store" }, "geometry": { "type": "Point", "coordinates": [ 76.743078, 30.7114865 ] } },
{ "type": "Feature", "properties": { "name": "Park children", "primary_type": "Tourism", "sector_name": "52", "secondary_type": "park" }, "geometry": { "type": "Point", "coordinates": [ 76.7440312, 30.7130563 ] } },
{ "type": "Feature", "properties": { "name": "सतीष टेलर", "primary_type": "Shopping", "sector_name": "52", "secondary_type": "clothing_store" }, "geometry": { "type": "Point", "coordinates": [ 76.7398219, 30.713821 ] } },
{ "type": "Feature", "properties": { "name": "KANCHAN CLOTHING", "primary_type": "Shopping", "sector_name": "52", "secondary_type": "clothing_store" }, "geometry": { "type": "Point", "coordinates": [ 76.7394034, 30.7139257 ] } },
{ "type": "Feature", "properties": { "name": "Jeevan Jyoti College", "primary_type": "Essential Services", "sector_name": "52", "secondary_type": "hospital" }, "geometry": { "type": "Point", "coordinates": [ 76.7394178, 30.7139468 ] } },
{ "type": "Feature", "properties": { "name": "MedPlus Pharmacy", "primary_type": "Essential Services", "sector_name": "52", "secondary_type": "pharmacy" }, "geometry": { "type": "Point", "coordinates": [ 76.7394218, 30.7140453 ] } },
{ "type": "Feature", "properties": { "name": "Chacha Bhatija Snacks Bar", "primary_type": "Food and Drinks", "sector_name": "52", "secondary_type": "restaurant" }, "geometry": { "type": "Point", "coordinates": [ 76.7400342, 30.7145803 ] } },
{ "type": "Feature", "properties": { "name": "Aarti Lab", "primary_type": "Essential Services", "sector_name": "52", "secondary_type": "doctor" }, "geometry": { "type": "Point", "coordinates": [ 76.7394989, 30.714281 ] } },
{ "type": "Feature", "properties": { "name": "Arogya Bengali Clinic", "primary_type": "Essential Services", "sector_name": "52", "secondary_type": "doctor" }, "geometry": { "type": "Point", "coordinates": [ 76.7394925, 30.714299 ] } },
{ "type": "Feature", "properties": { "name": "Khana Khazana", "primary_type": "Food and Drinks", "sector_name": "52", "secondary_type": "vegetarian_restaurant" }, "geometry": { "type": "Point", "coordinates": [ 76.7394919, 30.7143473 ] } },
{ "type": "Feature", "properties": { "name": "FlixBus Chandigarh - Sector 43 (N)", "primary_type": "Public Transport", "sector_name": "52", "secondary_type": "bus_stop" }, "geometry": { "type": "Point", "coordinates": [ 76.743169, 30.714942 ] } },
{ "type": "Feature", "properties": { "name": "Mishra Karyana Store", "primary_type": "Essential Services", "sector_name": "52", "secondary_type": "grocery_store" }, "geometry": { "type": "Point", "coordinates": [ 76.7393509, 30.7144134 ] } },
{ "type": "Feature", "properties": { "name": "Chai maggie tapri", "primary_type": "Food and Drinks", "sector_name": "52", "secondary_type": "indian_restaurant" }, "geometry": { "type": "Point", "coordinates": [ 76.7419967, 30.7160622 ] } },
{ "type": "Feature", "properties": { "name": "Sec. 43", "primary_type": "Public Transport", "sector_name": "43", "secondary_type": "bus_station" }, "geometry": { "type": "Point", "coordinates": [ 76.743078, 30.715771 ] } },
{ "type": "Feature", "properties": { "name": "Shukrana \"Closet By Arsh\"", "primary_type": "Shopping", "sector_name": "52", "secondary_type": "clothing_store" }, "geometry": { "type": "Point", "coordinates": [ 76.7402771, 30.7167861 ] } },
{ "type": "Feature", "properties": { "name": "FlixBus Chandigarh - Sector 43 (S)", "primary_type": "Public Transport", "sector_name": "43", "secondary_type": "bus_stop" }, "geometry": { "type": "Point", "coordinates": [ 76.743638, 30.715171 ] } },
{ "type": "Feature", "properties": { "name": "Rahit Fast Food", "primary_type": "Food and Drinks", "sector_name": "52", "secondary_type": "fast_food_restaurant" }, "geometry": { "type": "Point", "coordinates": [ 76.7395321, 30.7152954 ] } },
{ "type": "Feature", "properties": { "name": "Shama Dhaba", "primary_type": "Food and Drinks", "sector_name": "52", "secondary_type": "indian_restaurant" }, "geometry": { "type": "Point", "coordinates": [ 76.7395332, 30.7163722 ] } },
{ "type": "Feature", "properties": { "name": "Kake da dhaba", "primary_type": "Food and Drinks", "sector_name": "43", "secondary_type": "restaurant" }, "geometry": { "type": "Point", "coordinates": [ 76.7436283, 30.7169348 ] } },
{ "type": "Feature", "properties": { "name": "Pahwa Medicos", "primary_type": "Essential Services", "sector_name": "52", "secondary_type": "pharmacy" }, "geometry": { "type": "Point", "coordinates": [ 76.7394207, 30.7152373 ] } },
{ "type": "Feature", "properties": { "name": "ISBT Sector-43", "primary_type": "Public Transport", "sector_name": "43", "secondary_type": "bus_station" }, "geometry": { "type": "Point", "coordinates": [ 76.743415, 30.717167 ] } },
{ "type": "Feature", "properties": { "name": "Aggarwal Cloth House", "primary_type": "Shopping", "sector_name": "52", "secondary_type": "clothing_store" }, "geometry": { "type": "Point", "coordinates": [ 76.739503, 30.7147596 ] } },
{ "type": "Feature", "properties": { "name": "AK fancy boutique", "primary_type": "Shopping", "sector_name": "52", "secondary_type": "clothing_store" }, "geometry": { "type": "Point", "coordinates": [ 76.7395894, 30.7167771 ] } },
{ "type": "Feature", "properties": { "name": "RATTAN MEDICAL AGENCY", "primary_type": "Essential Services", "sector_name": "52", "secondary_type": "pharmacy" }, "geometry": { "type": "Point", "coordinates": [ 76.7394365, 30.7147025 ] } },
{ "type": "Feature", "properties": { "name": "Fast Food Center", "primary_type": "Food and Drinks", "sector_name": "43", "secondary_type": "fast_food_restaurant" }, "geometry": { "type": "Point", "coordinates": [ 76.7441845, 30.716437 ] } },
{ "type": "Feature", "properties": { "name": "Aggarwal Bag House", "primary_type": "Shopping", "sector_name": "52", "secondary_type": "store" }, "geometry": { "type": "Point", "coordinates": [ 76.7394001, 30.7146779 ] } },
{ "type": "Feature", "properties": { "name": "Garg Clinic", "primary_type": "Essential Services", "sector_name": "52", "secondary_type": "doctor" }, "geometry": { "type": "Point", "coordinates": [ 76.7394056, 30.7145781 ] } },
{ "type": "Feature", "properties": { "name": "Veer Medicose", "primary_type": "Essential Services", "sector_name": "52", "secondary_type": "pharmacy" }, "geometry": { "type": "Point", "coordinates": [ 76.739418, 30.71455 ] } },
{ "type": "Feature", "properties": { "name": "Sachdeva Dental Clinic and Implant Centre", "primary_type": "Essential Services", "sector_name": "44", "secondary_type": "dentist" }, "geometry": { "type": "Point", "coordinates": [ 76.7504585, 30.7099568 ] } },
{ "type": "Feature", "properties": { "name": "M.S.Medicos", "primary_type": "Essential Services", "sector_name": "44", "secondary_type": "drugstore" }, "geometry": { "type": "Point", "coordinates": [ 76.750759, 30.709285 ] } },
{ "type": "Feature", "properties": { "name": "Amar Chand & Sons", "primary_type": "Shopping", "sector_name": "44", "secondary_type": "clothing_store" }, "geometry": { "type": "Point", "coordinates": [ 76.7497605, 30.7104405 ] } },
{ "type": "Feature", "properties": { "name": "PQ62+F28", "primary_type": "Tourism", "sector_name": "44", "secondary_type": "park" }, "geometry": { "type": "Point", "coordinates": [ 76.7497938, 30.7109482 ] } },
{ "type": "Feature", "properties": { "name": "Dr. Vrinda's ENT Care - ENT Specialist | ENT Surgeon | ENT Doctor in Chandigarh", "primary_type": "Essential Services", "sector_name": "44", "secondary_type": "doctor" }, "geometry": { "type": "Point", "coordinates": [ 76.7500792, 30.7106824 ] } },
{ "type": "Feature", "properties": { "name": "SOLACE", "primary_type": "Essential Services", "sector_name": "44", "secondary_type": "doctor" }, "geometry": { "type": "Point", "coordinates": [ 76.7500965, 30.7108155 ] } },
{ "type": "Feature", "properties": { "name": "Kaju Medical Hall", "primary_type": "Essential Services", "sector_name": "44", "secondary_type": "pharmacy" }, "geometry": { "type": "Point", "coordinates": [ 76.751363, 30.7099348 ] } },
{ "type": "Feature", "properties": { "name": "Mother Nature Park", "primary_type": "Tourism", "sector_name": "44", "secondary_type": "park" }, "geometry": { "type": "Point", "coordinates": [ 76.7500883, 30.7111516 ] } },
{ "type": "Feature", "properties": { "name": "chemist 4U", "primary_type": "Essential Services", "sector_name": "44", "secondary_type": "drugstore" }, "geometry": { "type": "Point", "coordinates": [ 76.7515153, 30.7089493 ] } },
{ "type": "Feature", "properties": { "name": "special pizza", "primary_type": "Food and Drinks", "sector_name": "44", "secondary_type": "pizza_restaurant" }, "geometry": { "type": "Point", "coordinates": [ 76.7515153, 30.7089488 ] } },
{ "type": "Feature", "properties": { "name": "Central Bank Of India Atm", "primary_type": "Essential Services", "sector_name": "44", "secondary_type": "atm" }, "geometry": { "type": "Point", "coordinates": [ 76.751647, 30.7090597 ] } },
{ "type": "Feature", "properties": { "name": "Tibetan herbal clinic", "primary_type": "Essential Services", "sector_name": "44", "secondary_type": "doctor" }, "geometry": { "type": "Point", "coordinates": [ 76.7516874, 30.7091155 ] } },
{ "type": "Feature", "properties": { "name": "SR", "primary_type": "Essential Services", "sector_name": "44", "secondary_type": "doctor" }, "geometry": { "type": "Point", "coordinates": [ 76.7516874, 30.7091155 ] } },
{ "type": "Feature", "properties": { "name": "Dr. Dhavneet Singh Dheer | Consult With Best Dentist Doctor Near me | Bruxism | Chandigarh | 25+ Yrs. of Exp.", "primary_type": "Essential Services", "sector_name": "44", "secondary_type": "dentist" }, "geometry": { "type": "Point", "coordinates": [ 76.7516874, 30.7091155 ] } },
{ "type": "Feature", "properties": { "name": "Raja Medical Store", "primary_type": "Essential Services", "sector_name": "44", "secondary_type": "pharmacy" }, "geometry": { "type": "Point", "coordinates": [ 76.7500563, 30.7134969 ] } },
{ "type": "Feature", "properties": { "name": "Dr. Walia clinic", "primary_type": "Essential Services", "sector_name": "44", "secondary_type": "doctor" }, "geometry": { "type": "Point", "coordinates": [ 76.7506501, 30.713186 ] } },
{ "type": "Feature", "properties": { "name": "Dr Balwinder Singh Walia & Sons Patti Wale", "primary_type": "Essential Services", "sector_name": "44", "secondary_type": "doctor" }, "geometry": { "type": "Point", "coordinates": [ 76.7506501, 30.713186 ] } },
{ "type": "Feature", "properties": { "name": "Balaji Smoke Shop", "primary_type": "Food and Drinks", "sector_name": "44", "secondary_type": "coffee_shop" }, "geometry": { "type": "Point", "coordinates": [ 76.7507959, 30.7131882 ] } },
{ "type": "Feature", "properties": { "name": "Unique Fashion Boutique", "primary_type": "Shopping", "sector_name": "44", "secondary_type": "clothing_store" }, "geometry": { "type": "Point", "coordinates": [ 76.7502566, 30.713642 ] } },
{ "type": "Feature", "properties": { "name": "Mohan dhaba", "primary_type": "Food and Drinks", "sector_name": "44", "secondary_type": "indian_restaurant" }, "geometry": { "type": "Point", "coordinates": [ 76.7502587, 30.7136474 ] } },
{ "type": "Feature", "properties": { "name": "Dr. Mukesh Gaba Homeopath", "primary_type": "Essential Services", "sector_name": "44", "secondary_type": "hospital" }, "geometry": { "type": "Point", "coordinates": [ 76.749938, 30.7137641 ] } },
{ "type": "Feature", "properties": { "name": "Team wind chasers skating academy (Sec 44)", "primary_type": "Sports", "sector_name": "44", "secondary_type": "sports_complex" }, "geometry": { "type": "Point", "coordinates": [ 76.7506512, 30.7122336 ] } },
{ "type": "Feature", "properties": { "name": "Thyroid Treatment Forever", "primary_type": "Essential Services", "sector_name": "44", "secondary_type": "doctor" }, "geometry": { "type": "Point", "coordinates": [ 76.7497129, 30.7139997 ] } },
{ "type": "Feature", "properties": { "name": "Handmade products Rasna creations", "primary_type": "Tourism", "sector_name": "44", "secondary_type": "park" }, "geometry": { "type": "Point", "coordinates": [ 76.7486657, 30.7121852 ] } },
{ "type": "Feature", "properties": { "name": "Sahu playground", "primary_type": "Sports", "sector_name": "44", "secondary_type": "playground" }, "geometry": { "type": "Point", "coordinates": [ 76.7484371, 30.7125444 ] } },
{ "type": "Feature", "properties": { "name": "Dheer Dental Clinic", "primary_type": "Essential Services", "sector_name": "44", "secondary_type": "dentist" }, "geometry": { "type": "Point", "coordinates": [ 76.7516089, 30.7134022 ] } },
{ "type": "Feature", "properties": { "name": "Tricity Dental Clinic", "primary_type": "Essential Services", "sector_name": "44", "secondary_type": "dentist" }, "geometry": { "type": "Point", "coordinates": [ 76.7516259, 30.7134077 ] } },
{ "type": "Feature", "properties": { "name": "O!Momo's Chandigarh", "primary_type": "Food and Drinks", "sector_name": "44", "secondary_type": "restaurant" }, "geometry": { "type": "Point", "coordinates": [ 76.7516752, 30.7133405 ] } },
{ "type": "Feature", "properties": { "name": "WOOL 'O' WOOL UNIFORMS", "primary_type": "Shopping", "sector_name": "44", "secondary_type": "clothing_store" }, "geometry": { "type": "Point", "coordinates": [ 76.7517198, 30.7132792 ] } },
{ "type": "Feature", "properties": { "name": "Panwar Food Palace", "primary_type": "Tourism", "sector_name": "44", "secondary_type": "hotel" }, "geometry": { "type": "Point", "coordinates": [ 76.7508608, 30.7142586 ] } },
{ "type": "Feature", "properties": { "name": "PRITAM KAUR", "primary_type": "Food and Drinks", "sector_name": "44", "secondary_type": "restaurant" }, "geometry": { "type": "Point", "coordinates": [ 76.753866, 30.7102296 ] } },
{ "type": "Feature", "properties": { "name": "Dhingra Tiffin Service", "primary_type": "Food and Drinks", "sector_name": "44", "secondary_type": "indian_restaurant" }, "geometry": { "type": "Point", "coordinates": [ 76.7532451, 30.7097805 ] } },
{ "type": "Feature", "properties": { "name": "Dr. Poonam Kumar - Best Gynaecologist & Obstetrician in Chandigarh Sector 44 and Mohali", "primary_type": "Essential Services", "sector_name": "44", "secondary_type": "doctor" }, "geometry": { "type": "Point", "coordinates": [ 76.7540522, 30.7104726 ] } },
{ "type": "Feature", "properties": { "name": "Dr. Arushi Yadav MD - Best Radiologist and Fetal Medicine Specialist in Chandigarh, Mohali, Panchkula,Tricity", "primary_type": "Essential Services", "sector_name": "44", "secondary_type": "doctor" }, "geometry": { "type": "Point", "coordinates": [ 76.754443, 30.7104655 ] } },
{ "type": "Feature", "properties": { "name": "Ayu Health Hospitals", "primary_type": "Essential Services", "sector_name": "44", "secondary_type": "hospital" }, "geometry": { "type": "Point", "coordinates": [ 76.7542814, 30.7105798 ] } },
{ "type": "Feature", "properties": { "name": "Motherhood Chaitanya Hospital - Sector 44, Chandigarh", "primary_type": "Essential Services", "sector_name": "44", "secondary_type": "hospital" }, "geometry": { "type": "Point", "coordinates": [ 76.7542394, 30.7106641 ] } },
{ "type": "Feature", "properties": { "name": "Public Park, Sector 44-c", "primary_type": "Tourism", "sector_name": "44", "secondary_type": "park" }, "geometry": { "type": "Point", "coordinates": [ 76.7529623, 30.7090819 ] } },
{ "type": "Feature", "properties": { "name": "DOABA'S JUICE BAR & EATING JUNCTION", "primary_type": "Food and Drinks", "sector_name": "44", "secondary_type": "fast_food_restaurant" }, "geometry": { "type": "Point", "coordinates": [ 76.7537133, 30.7107314 ] } },
{ "type": "Feature", "properties": { "name": "Sarovar Path", "primary_type": "Tourism", "sector_name": "44", "secondary_type": "park" }, "geometry": { "type": "Point", "coordinates": [ 76.7559253, 30.7099945 ] } },
{ "type": "Feature", "properties": { "name": "Garg Departmental Store", "primary_type": "Shopping", "sector_name": "44", "secondary_type": "department_store" }, "geometry": { "type": "Point", "coordinates": [ 76.7538684, 30.7109338 ] } },
{ "type": "Feature", "properties": { "name": "JEEVAN MEDICOS", "primary_type": "Essential Services", "sector_name": "44", "secondary_type": "pharmacy" }, "geometry": { "type": "Point", "coordinates": [ 76.7535326, 30.7108766 ] } },
{ "type": "Feature", "properties": { "name": "Pizza Galleria", "primary_type": "Food and Drinks", "sector_name": "44", "secondary_type": "pizza_restaurant" }, "geometry": { "type": "Point", "coordinates": [ 76.7538487, 30.7109613 ] } },
{ "type": "Feature", "properties": { "name": "Idbi Bank Atm", "primary_type": "Essential Services", "sector_name": "44", "secondary_type": "bank" }, "geometry": { "type": "Point", "coordinates": [ 76.7536309, 30.710942 ] } },
{ "type": "Feature", "properties": { "name": "Sai Medicos", "primary_type": "Essential Services", "sector_name": "44", "secondary_type": "pharmacy" }, "geometry": { "type": "Point", "coordinates": [ 76.7537006, 30.7109971 ] } },
{ "type": "Feature", "properties": { "name": "GAURANG SUPER MART STORE", "primary_type": "Essential Services", "sector_name": "44", "secondary_type": "grocery_store" }, "geometry": { "type": "Point", "coordinates": [ 76.7536865, 30.7110136 ] } },
{ "type": "Feature", "properties": { "name": "ICICI Bank", "primary_type": "Essential Services", "sector_name": "44", "secondary_type": "bank" }, "geometry": { "type": "Point", "coordinates": [ 76.753996, 30.7110679 ] } },
{ "type": "Feature", "properties": { "name": "Lucknow Biryani", "primary_type": "Food and Drinks", "sector_name": "44", "secondary_type": "indian_restaurant" }, "geometry": { "type": "Point", "coordinates": [ 76.7538251, 30.7110818 ] } },
{ "type": "Feature", "properties": { "name": "Public Park 2", "primary_type": "Tourism", "sector_name": "44", "secondary_type": "park" }, "geometry": { "type": "Point", "coordinates": [ 76.753489, 30.7123238 ] } },
{ "type": "Feature", "properties": { "name": "Rbi Dr kaushal", "primary_type": "Essential Services", "sector_name": "44", "secondary_type": "hospital" }, "geometry": { "type": "Point", "coordinates": [ 76.7544033, 30.7122418 ] } },
{ "type": "Feature", "properties": { "name": "Sonaz Style suits", "primary_type": "Shopping", "sector_name": "44", "secondary_type": "clothing_store" }, "geometry": { "type": "Point", "coordinates": [ 76.7529619, 30.7128489 ] } },
{ "type": "Feature", "properties": { "name": "Dharinder Comunication", "primary_type": "Shopping", "sector_name": "44", "secondary_type": "clothing_store" }, "geometry": { "type": "Point", "coordinates": [ 76.7537046, 30.7119956 ] } },
{ "type": "Feature", "properties": { "name": "Aarogya Yoga | Meditation, Yoga, and Wellness Studio", "primary_type": "Sports", "sector_name": "44", "secondary_type": "yoga_studio" }, "geometry": { "type": "Point", "coordinates": [ 76.7533893, 30.7138445 ] } },
{ "type": "Feature", "properties": { "name": "Garden Of Annuals", "primary_type": "Tourism", "sector_name": "44", "secondary_type": "park" }, "geometry": { "type": "Point", "coordinates": [ 76.7550236, 30.7136055 ] } },
{ "type": "Feature", "properties": { "name": "PQ64+R6F", "primary_type": "Tourism", "sector_name": "44", "secondary_type": "park" }, "geometry": { "type": "Point", "coordinates": [ 76.7549785, 30.7117928 ] } },
{ "type": "Feature", "properties": { "name": "Garden of Annuals Part 2", "primary_type": "Tourism", "sector_name": "44", "secondary_type": "park" }, "geometry": { "type": "Point", "coordinates": [ 76.7526397, 30.7122732 ] } },
{ "type": "Feature", "properties": { "name": "Bina's Grill and Kadhai", "primary_type": "Food and Drinks", "sector_name": "44", "secondary_type": "indian_restaurant" }, "geometry": { "type": "Point", "coordinates": [ 76.7537341, 30.7115111 ] } },
{ "type": "Feature", "properties": { "name": "ICICI Bank Sector 44B, Chandigarh-Branch & ATM", "primary_type": "Essential Services", "sector_name": "44", "secondary_type": "bank" }, "geometry": { "type": "Point", "coordinates": [ 76.7524102, 30.7127684 ] } },
{ "type": "Feature", "properties": { "name": "Giansagar Educational", "primary_type": "Essential Services", "sector_name": "44", "secondary_type": "hospital" }, "geometry": { "type": "Point", "coordinates": [ 76.7524087, 30.7127179 ] } },
{ "type": "Feature", "properties": { "name": "Raju Medical Hall", "primary_type": "Essential Services", "sector_name": "44", "secondary_type": "pharmacy" }, "geometry": { "type": "Point", "coordinates": [ 76.7524087, 30.7127179 ] } },
{ "type": "Feature", "properties": { "name": "Singh Dr Chanchal Bir", "primary_type": "Essential Services", "sector_name": "44", "secondary_type": "doctor" }, "geometry": { "type": "Point", "coordinates": [ 76.7524087, 30.7127179 ] } },
{ "type": "Feature", "properties": { "name": "Gmc Hospital Sarai Building", "primary_type": "Essential Services", "sector_name": "44", "secondary_type": "hospital" }, "geometry": { "type": "Point", "coordinates": [ 76.7524087, 30.7127179 ] } },
{ "type": "Feature", "properties": { "name": "vipul", "primary_type": "Shopping", "sector_name": "44", "secondary_type": "gift_shop" }, "geometry": { "type": "Point", "coordinates": [ 76.7543928, 30.7142335 ] } },
{ "type": "Feature", "properties": { "name": "Joy Junction 44", "primary_type": "Food and Drinks", "sector_name": "44", "secondary_type": "fast_food_restaurant" }, "geometry": { "type": "Point", "coordinates": [ 76.753027, 30.7117036 ] } },
{ "type": "Feature", "properties": { "name": "Dr vikas chd", "primary_type": "Essential Services", "sector_name": "44", "secondary_type": "doctor" }, "geometry": { "type": "Point", "coordinates": [ 76.7556696, 30.7130791 ] } },
{ "type": "Feature", "properties": { "name": "World Cancer Care Camp", "primary_type": "Essential Services", "sector_name": "44", "secondary_type": "hospital" }, "geometry": { "type": "Point", "coordinates": [ 76.7539634, 30.7158628 ] } },
{ "type": "Feature", "properties": { "name": "Public Park 3", "primary_type": "Tourism", "sector_name": "44", "secondary_type": "park" }, "geometry": { "type": "Point", "coordinates": [ 76.7550872, 30.7163867 ] } },
{ "type": "Feature", "properties": { "name": "411, Himalaya Marg", "primary_type": "Tourism", "sector_name": "44", "secondary_type": "park" }, "geometry": { "type": "Point", "coordinates": [ 76.7559253, 30.7163445 ] } },
{ "type": "Feature", "properties": { "name": "Dr. Harinder Batth", "primary_type": "Essential Services", "sector_name": "44", "secondary_type": "doctor" }, "geometry": { "type": "Point", "coordinates": [ 76.7535919, 30.7148907 ] } },
{ "type": "Feature", "properties": { "name": "Anytime Fitness", "primary_type": "Sports", "sector_name": "43", "secondary_type": "gym" }, "geometry": { "type": "Point", "coordinates": [ 76.7530648, 30.7171817 ] } },
{ "type": "Feature", "properties": { "name": "Hotel Western Court Chandigarh", "primary_type": "Tourism", "sector_name": "43", "secondary_type": "hotel" }, "geometry": { "type": "Point", "coordinates": [ 76.7529896, 30.7171427 ] } },
{ "type": "Feature", "properties": { "name": "7 West Lounge Bar", "primary_type": "Food and Drinks", "sector_name": "43", "secondary_type": "bar" }, "geometry": { "type": "Point", "coordinates": [ 76.7529893, 30.7171431 ] } },
{ "type": "Feature", "properties": { "name": "City Buzz Reloaded | Late Night Restaurant | Late Night Bar | Best Restaurant", "primary_type": "Food and Drinks", "sector_name": "43", "secondary_type": "indian_restaurant" }, "geometry": { "type": "Point", "coordinates": [ 76.7527692, 30.7170095 ] } },
{ "type": "Feature", "properties": { "name": "Guljar", "primary_type": "Essential Services", "sector_name": "43", "secondary_type": "doctor" }, "geometry": { "type": "Point", "coordinates": [ 76.7532431, 30.717369 ] } },
{ "type": "Feature", "properties": { "name": "Hotel Metro 43", "primary_type": "Tourism", "sector_name": "43", "secondary_type": "hotel" }, "geometry": { "type": "Point", "coordinates": [ 76.753235, 30.717368 ] } },
{ "type": "Feature", "properties": { "name": "The First Hotel (Best Hotels in Chandigarh)", "primary_type": "Tourism", "sector_name": "43", "secondary_type": "hotel" }, "geometry": { "type": "Point", "coordinates": [ 76.7527791, 30.7170804 ] } },
{ "type": "Feature", "properties": { "name": "The Masala Art - Hotel Metro 43", "primary_type": "Food and Drinks", "sector_name": "43", "secondary_type": "indian_restaurant" }, "geometry": { "type": "Point", "coordinates": [ 76.7527356, 30.717045 ] } },
{ "type": "Feature", "properties": { "name": "Moti Mahal Delux", "primary_type": "Food and Drinks", "sector_name": "43", "secondary_type": "chinese_restaurant" }, "geometry": { "type": "Point", "coordinates": [ 76.7536747, 30.7176178 ] } },
{ "type": "Feature", "properties": { "name": "Khullar Healthcare Center", "primary_type": "Essential Services", "sector_name": "44", "secondary_type": "doctor" }, "geometry": { "type": "Point", "coordinates": [ 76.752334, 30.715121 ] } },
{ "type": "Feature", "properties": { "name": "Glaze Restaurant", "primary_type": "Food and Drinks", "sector_name": "43", "secondary_type": "fast_food_restaurant" }, "geometry": { "type": "Point", "coordinates": [ 76.7541414, 30.7178968 ] } },
{ "type": "Feature", "properties": { "name": "Amara Hotel", "primary_type": "Tourism", "sector_name": "43", "secondary_type": "hotel" }, "geometry": { "type": "Point", "coordinates": [ 76.7541954, 30.7179138 ] } },
{ "type": "Feature", "properties": { "name": "1092", "primary_type": "Tourism", "sector_name": "44", "secondary_type": "park" }, "geometry": { "type": "Point", "coordinates": [ 76.7582696, 30.7134118 ] } },
{ "type": "Feature", "properties": { "name": "Inner Park Sector 44B", "primary_type": "Tourism", "sector_name": "44", "secondary_type": "park" }, "geometry": { "type": "Point", "coordinates": [ 76.7588588, 30.7123213 ] } },
{ "type": "Feature", "properties": { "name": "Dispensary", "primary_type": "Essential Services", "sector_name": "44", "secondary_type": "hospital" }, "geometry": { "type": "Point", "coordinates": [ 76.7568525, 30.712202 ] } },
{ "type": "Feature", "properties": { "name": "PQ75+FR3", "primary_type": "Tourism", "sector_name": "44", "secondary_type": "park" }, "geometry": { "type": "Point", "coordinates": [ 76.759577, 30.7136792 ] } },
{ "type": "Feature", "properties": { "name": "Urban Health Training Centre", "primary_type": "Essential Services", "sector_name": "44", "secondary_type": "hospital" }, "geometry": { "type": "Point", "coordinates": [ 76.7568411, 30.7120905 ] } },
{ "type": "Feature", "properties": { "name": "Bhardwaj Medical Centre", "primary_type": "Essential Services", "sector_name": "44", "secondary_type": "doctor" }, "geometry": { "type": "Point", "coordinates": [ 76.7582037, 30.7142091 ] } },
{ "type": "Feature", "properties": { "name": "Community Centre Badminton Court", "primary_type": "Sports", "sector_name": "44", "secondary_type": "gym" }, "geometry": { "type": "Point", "coordinates": [ 76.7571078, 30.7117851 ] } },
{ "type": "Feature", "properties": { "name": "Dr. Purnendu Bhardwaj - Pediatric Surgeon in Tricity", "primary_type": "Essential Services", "sector_name": "44", "secondary_type": "hospital" }, "geometry": { "type": "Point", "coordinates": [ 76.7581489, 30.7143264 ] } },
{ "type": "Feature", "properties": { "name": "Reflex Gym", "primary_type": "Sports", "sector_name": "44", "secondary_type": "gym" }, "geometry": { "type": "Point", "coordinates": [ 76.7573998, 30.7113835 ] } },
{ "type": "Feature", "properties": { "name": "Shiv.N Success Boxing Academy", "primary_type": "Sports", "sector_name": "44", "secondary_type": "fitness_center" }, "geometry": { "type": "Point", "coordinates": [ 76.7580098, 30.7112645 ] } },
{ "type": "Feature", "properties": { "name": "CHANDIGARH BOXING ACADEMY (Coach :Vikash Dahiya)", "primary_type": "Sports", "sector_name": "44", "secondary_type": "sports_coaching" }, "geometry": { "type": "Point", "coordinates": [ 76.7576716, 30.7111302 ] } },
{ "type": "Feature", "properties": { "name": "Lahori Dhaba", "primary_type": "Food and Drinks", "sector_name": "44", "secondary_type": "indian_restaurant" }, "geometry": { "type": "Point", "coordinates": [ 76.7599725, 30.7137403 ] } },
{ "type": "Feature", "properties": { "name": "Images by Teji", "primary_type": "Shopping", "sector_name": "44", "secondary_type": "clothing_store" }, "geometry": { "type": "Point", "coordinates": [ 76.7558215, 30.7128335 ] } },
{ "type": "Feature", "properties": { "name": "PQ85+353", "primary_type": "Tourism", "sector_name": "44", "secondary_type": "park" }, "geometry": { "type": "Point", "coordinates": [ 76.7578639, 30.7150897 ] } },
{ "type": "Feature", "properties": { "name": "Dr Aneesh Maini", "primary_type": "Essential Services", "sector_name": "44", "secondary_type": "doctor" }, "geometry": { "type": "Point", "coordinates": [ 76.7557908, 30.7129252 ] } },
{ "type": "Feature", "properties": { "name": "SMILEDESIGNERZ Jain Dental & Surgical Centre", "primary_type": "Essential Services", "sector_name": "44", "secondary_type": "dentist" }, "geometry": { "type": "Point", "coordinates": [ 76.7585156, 30.7159267 ] } },
{ "type": "Feature", "properties": { "name": "Reina Design Studio", "primary_type": "Shopping", "sector_name": "44", "secondary_type": "clothing_store" }, "geometry": { "type": "Point", "coordinates": [ 76.7587389, 30.7160876 ] } },
{ "type": "Feature", "properties": { "name": "Dr parmjit singh kapoor", "primary_type": "Essential Services", "sector_name": "44", "secondary_type": "doctor" }, "geometry": { "type": "Point", "coordinates": [ 76.7586406, 30.7167472 ] } },
{ "type": "Feature", "properties": { "name": "Dr Ajay Gupta | Paediatrician | Dr Ajay’s Kidz Clinic & Vaccination Centre", "primary_type": "Essential Services", "sector_name": "44", "secondary_type": "doctor" }, "geometry": { "type": "Point", "coordinates": [ 76.7574241, 30.7167863 ] } },
{ "type": "Feature", "properties": { "name": "Water Tube Well", "primary_type": "Tourism", "sector_name": "44", "secondary_type": "park" }, "geometry": { "type": "Point", "coordinates": [ 76.7587773, 30.716755 ] } },
{ "type": "Feature", "properties": { "name": "Venus Women Clinic - Dr. Priyanka Arora", "primary_type": "Essential Services", "sector_name": "44", "secondary_type": "doctor" }, "geometry": { "type": "Point", "coordinates": [ 76.7587773, 30.716755 ] } },
{ "type": "Feature", "properties": { "name": "Daughter's Dreamland Park", "primary_type": "Tourism", "sector_name": "44", "secondary_type": "park" }, "geometry": { "type": "Point", "coordinates": [ 76.7579205, 30.7151367 ] } },
{ "type": "Feature", "properties": { "name": "Dr Ajay Gupta - Dr Nidhi Gupta", "primary_type": "Essential Services", "sector_name": "44", "secondary_type": "doctor" }, "geometry": { "type": "Point", "coordinates": [ 76.7570821, 30.7169814 ] } },
{ "type": "Feature", "properties": { "name": "Dr Nidhi Gupta | Best Radiologist | Craniosacral Therapist | Meditation Coach | Author - (Un)Parenting", "primary_type": "Essential Services", "sector_name": "44", "secondary_type": "doctor" }, "geometry": { "type": "Point", "coordinates": [ 76.7572016, 30.7170709 ] } },
{ "type": "Feature", "properties": { "name": "Corner Park", "primary_type": "Tourism", "sector_name": "44", "secondary_type": "park" }, "geometry": { "type": "Point", "coordinates": [ 76.7564441, 30.7159779 ] } },
{ "type": "Feature", "properties": { "name": "Pg", "primary_type": "Food and Drinks", "sector_name": "44", "secondary_type": "restaurant" }, "geometry": { "type": "Point", "coordinates": [ 76.7589309, 30.7147772 ] } },
{ "type": "Feature", "properties": { "name": "Airine Skin Care Clinic", "primary_type": "Shopping", "sector_name": "44", "secondary_type": "skin_care_clinic" }, "geometry": { "type": "Point", "coordinates": [ 76.7562198, 30.7162766 ] } },
{ "type": "Feature", "properties": { "name": "Homoeopathic Clinic (Sood Bhavan)", "primary_type": "Essential Services", "sector_name": "44", "secondary_type": "hospital" }, "geometry": { "type": "Point", "coordinates": [ 76.7562315, 30.715642 ] } },
{ "type": "Feature", "properties": { "name": "Dr. Sandeep Arora Dental Clinic", "primary_type": "Essential Services", "sector_name": "44", "secondary_type": "doctor" }, "geometry": { "type": "Point", "coordinates": [ 76.7560909, 30.7158659 ] } },
{ "type": "Feature", "properties": { "name": "Dr. N.P's Medical Center- Dr NP Singh", "primary_type": "Essential Services", "sector_name": "33", "secondary_type": "doctor" }, "geometry": { "type": "Point", "coordinates": [ 76.7666096, 30.7111422 ] } },
{ "type": "Feature", "properties": { "name": "1396, Shanti Path", "primary_type": "Tourism", "sector_name": "33", "secondary_type": "park" }, "geometry": { "type": "Point", "coordinates": [ 76.7653474, 30.7103945 ] } },
{ "type": "Feature", "properties": { "name": "Sector 33C - Community Park", "primary_type": "Tourism", "sector_name": "33", "secondary_type": "park" }, "geometry": { "type": "Point", "coordinates": [ 76.7663638, 30.7117279 ] } },
{ "type": "Feature", "properties": { "name": "Tulsi Park ਤੁਲਸੀ ਪਾਰਕ", "primary_type": "Tourism", "sector_name": "33", "secondary_type": "park" }, "geometry": { "type": "Point", "coordinates": [ 76.7651653, 30.711036 ] } },
{ "type": "Feature", "properties": { "name": "Sem GM Park", "primary_type": "Tourism", "sector_name": "33", "secondary_type": "park" }, "geometry": { "type": "Point", "coordinates": [ 76.765332, 30.7103744 ] } },
{ "type": "Feature", "properties": { "name": "Dr Prerna", "primary_type": "Essential Services", "sector_name": "33", "secondary_type": "dentist" }, "geometry": { "type": "Point", "coordinates": [ 76.7675149, 30.7106445 ] } },
{ "type": "Feature", "properties": { "name": "Bansal Provision Store", "primary_type": "Essential Services", "sector_name": "33", "secondary_type": "grocery_store" }, "geometry": { "type": "Point", "coordinates": [ 76.7678848, 30.7108192 ] } },
{ "type": "Feature", "properties": { "name": "Mini market Sector 33", "primary_type": "Shopping", "sector_name": "33", "secondary_type": "market" }, "geometry": { "type": "Point", "coordinates": [ 76.7679894, 30.7108567 ] } },
{ "type": "Feature", "properties": { "name": "Chitra Medicos", "primary_type": "Essential Services", "sector_name": "45", "secondary_type": "hospital" }, "geometry": { "type": "Point", "coordinates": [ 76.765114, 30.7093498 ] } },
{ "type": "Feature", "properties": { "name": "Suraksha Medicos", "primary_type": "Essential Services", "sector_name": "45", "secondary_type": "pharmacy" }, "geometry": { "type": "Point", "coordinates": [ 76.7649475, 30.7093085 ] } },
{ "type": "Feature", "properties": { "name": "Dr Sunil Kumar", "primary_type": "Essential Services", "sector_name": "45", "secondary_type": "doctor" }, "geometry": { "type": "Point", "coordinates": [ 76.7649475, 30.7093085 ] } },
{ "type": "Feature", "properties": { "name": "Ajay Mrs Dr Bharti", "primary_type": "Essential Services", "sector_name": "45", "secondary_type": "doctor" }, "geometry": { "type": "Point", "coordinates": [ 76.7649475, 30.7093085 ] } },
{ "type": "Feature", "properties": { "name": "Singla Medical Store 33 Chd", "primary_type": "Essential Services", "sector_name": "33", "secondary_type": "drugstore" }, "geometry": { "type": "Point", "coordinates": [ 76.7667978, 30.7142503 ] } },
{ "type": "Feature", "properties": { "name": "Taruna Soapery", "primary_type": "Shopping", "sector_name": "33", "secondary_type": "shopping_mall" }, "geometry": { "type": "Point", "coordinates": [ 76.7668286, 30.7141302 ] } },
{ "type": "Feature", "properties": { "name": "Sector 33-D Park", "primary_type": "Tourism", "sector_name": "33", "secondary_type": "park" }, "geometry": { "type": "Point", "coordinates": [ 76.7658218, 30.7146316 ] } },
{ "type": "Feature", "properties": { "name": "Satnam Medicos", "primary_type": "Essential Services", "sector_name": "33", "secondary_type": "drugstore" }, "geometry": { "type": "Point", "coordinates": [ 76.7680289, 30.7148985 ] } },
{ "type": "Feature", "properties": { "name": "Akhada Health and Fitness Club", "primary_type": "Sports", "sector_name": "33", "secondary_type": "gym" }, "geometry": { "type": "Point", "coordinates": [ 76.768394, 30.7138453 ] } },
{ "type": "Feature", "properties": { "name": "Union Bank of India", "primary_type": "Essential Services", "sector_name": "33", "secondary_type": "bank" }, "geometry": { "type": "Point", "coordinates": [ 76.7684641, 30.7149716 ] } },
{ "type": "Feature", "properties": { "name": "Dr. Sandeep Pal - Gastroenterologist in Chandigarh", "primary_type": "Essential Services", "sector_name": "33", "secondary_type": "doctor" }, "geometry": { "type": "Point", "coordinates": [ 76.7686941, 30.7135576 ] } },
{ "type": "Feature", "properties": { "name": "State Bank Of India", "primary_type": "Essential Services", "sector_name": "33", "secondary_type": "bank" }, "geometry": { "type": "Point", "coordinates": [ 76.7686987, 30.7135604 ] } },
{ "type": "Feature", "properties": { "name": "Chirag Departmental Store", "primary_type": "Essential Services", "sector_name": "33", "secondary_type": "grocery_store" }, "geometry": { "type": "Point", "coordinates": [ 76.7687984, 30.713826 ] } },
{ "type": "Feature", "properties": { "name": "Dr Rajinder Sharma Senior Orthopaedic Surgeon", "primary_type": "Essential Services", "sector_name": "33", "secondary_type": "hospital" }, "geometry": { "type": "Point", "coordinates": [ 76.7687606, 30.7134235 ] } },
{ "type": "Feature", "properties": { "name": "Dr priyanka kaur", "primary_type": "Essential Services", "sector_name": "33", "secondary_type": "dentist" }, "geometry": { "type": "Point", "coordinates": [ 76.769981, 30.711078 ] } },
{ "type": "Feature", "properties": { "name": "Sector 33-C Community Park", "primary_type": "Tourism", "sector_name": "33", "secondary_type": "park" }, "geometry": { "type": "Point", "coordinates": [ 76.7711689, 30.7111887 ] } },
{ "type": "Feature", "properties": { "name": "Sector 33-C Park", "primary_type": "Tourism", "sector_name": "33", "secondary_type": "park" }, "geometry": { "type": "Point", "coordinates": [ 76.7704077, 30.710023 ] } },
{ "type": "Feature", "properties": { "name": "Manjit Dr Sekhon", "primary_type": "Essential Services", "sector_name": "33", "secondary_type": "doctor" }, "geometry": { "type": "Point", "coordinates": [ 76.7704077, 30.710023 ] } },
{ "type": "Feature", "properties": { "name": "Dr Ganesh Dutt Rattan", "primary_type": "Essential Services", "sector_name": "33", "secondary_type": "hospital" }, "geometry": { "type": "Point", "coordinates": [ 76.7705698, 30.7119098 ] } },
{ "type": "Feature", "properties": { "name": "Dr BK Waraich - Psychiatrist | Deaddiction | Depression | Marital Counselling | Child Behaviour Problems in Chandigarh", "primary_type": "Essential Services", "sector_name": "33", "secondary_type": "doctor" }, "geometry": { "type": "Point", "coordinates": [ 76.7707237, 30.7120246 ] } },
{ "type": "Feature", "properties": { "name": "Dr. V.D. Singh VM Plastic Surgery", "primary_type": "Essential Services", "sector_name": "33", "secondary_type": "doctor" }, "geometry": { "type": "Point", "coordinates": [ 76.7689818, 30.7108928 ] } },
{ "type": "Feature", "properties": { "name": "Yogis Club", "primary_type": "Sports", "sector_name": "33", "secondary_type": "fitness_center" }, "geometry": { "type": "Point", "coordinates": [ 76.7688434, 30.7111899 ] } },
{ "type": "Feature", "properties": { "name": "Dr Vivek Singla", "primary_type": "Essential Services", "sector_name": "33", "secondary_type": "hospital" }, "geometry": { "type": "Point", "coordinates": [ 76.7702989, 30.7122689 ] } },
{ "type": "Feature", "properties": { "name": "Dolphin IVF & laparoscopy centre", "primary_type": "Essential Services", "sector_name": "33", "secondary_type": "hospital" }, "geometry": { "type": "Point", "coordinates": [ 76.770298, 30.712274 ] } },
{ "type": "Feature", "properties": { "name": "Dr G D Rattan Ent Clinic", "primary_type": "Essential Services", "sector_name": "33", "secondary_type": "doctor" }, "geometry": { "type": "Point", "coordinates": [ 76.7709603, 30.7121922 ] } },
{ "type": "Feature", "properties": { "name": "PERFECTO PHYSIOS", "primary_type": "Essential Services", "sector_name": "33", "secondary_type": "physiotherapist" }, "geometry": { "type": "Point", "coordinates": [ 76.7702856, 30.7123048 ] } },
{ "type": "Feature", "properties": { "name": "Landmark Hospital", "primary_type": "Essential Services", "sector_name": "33", "secondary_type": "hospital" }, "geometry": { "type": "Point", "coordinates": [ 76.7704062, 30.712328 ] } },
{ "type": "Feature", "properties": { "name": "KD COSMETIC SURGERY CENTRE", "primary_type": "Shopping", "sector_name": "33", "secondary_type": "beauty_salon" }, "geometry": { "type": "Point", "coordinates": [ 76.7704903, 30.7124583 ] } },
{ "type": "Feature", "properties": { "name": "Dr Jayanti Singh (Dermatologist)", "primary_type": "Essential Services", "sector_name": "33", "secondary_type": "doctor" }, "geometry": { "type": "Point", "coordinates": [ 76.7701016, 30.7124686 ] } },
{ "type": "Feature", "properties": { "name": "Dr Bhatti's Aesthetic Clinic", "primary_type": "Essential Services", "sector_name": "33", "secondary_type": "doctor" }, "geometry": { "type": "Point", "coordinates": [ 76.76972, 30.714506 ] } },
{ "type": "Feature", "properties": { "name": "Waheguru ji", "primary_type": "Sports", "sector_name": "33", "secondary_type": "playground" }, "geometry": { "type": "Point", "coordinates": [ 76.7697201, 30.7145062 ] } },
{ "type": "Feature", "properties": { "name": "Dhir Clinic", "primary_type": "Essential Services", "sector_name": "33", "secondary_type": "doctor" }, "geometry": { "type": "Point", "coordinates": [ 76.769673, 30.7137743 ] } },
{ "type": "Feature", "properties": { "name": "Dr Shaleen Singh", "primary_type": "Essential Services", "sector_name": "33", "secondary_type": "doctor" }, "geometry": { "type": "Point", "coordinates": [ 76.769673, 30.7137743 ] } },
{ "type": "Feature", "properties": { "name": "Innovative Medicare Technologies Private Limited", "primary_type": "Essential Services", "sector_name": "33", "secondary_type": "hospital" }, "geometry": { "type": "Point", "coordinates": [ 76.769673, 30.7137743 ] } },
{ "type": "Feature", "properties": { "name": "Taxi in Chandigarh", "primary_type": "Public Transport", "sector_name": "33", "secondary_type": "taxi_stand" }, "geometry": { "type": "Point", "coordinates": [ 76.769673, 30.713774 ] } },
{ "type": "Feature", "properties": { "name": "Memorial for Martyr Army", "primary_type": "Tourism", "sector_name": "33", "secondary_type": "park" }, "geometry": { "type": "Point", "coordinates": [ 76.7712164, 30.7142557 ] } },
{ "type": "Feature", "properties": { "name": "Spicy Table", "primary_type": "Food and Drinks", "sector_name": "33", "secondary_type": "restaurant" }, "geometry": { "type": "Point", "coordinates": [ 76.769568, 30.713669 ] } },
{ "type": "Feature", "properties": { "name": "Nikhil Medical Hall", "primary_type": "Essential Services", "sector_name": "33", "secondary_type": "pharmacy" }, "geometry": { "type": "Point", "coordinates": [ 76.7694378, 30.7136396 ] } },
{ "type": "Feature", "properties": { "name": "Lamba Taxi Service", "primary_type": "Public Transport", "sector_name": "33", "secondary_type": "taxi_stand" }, "geometry": { "type": "Point", "coordinates": [ 76.7691578, 30.7142961 ] } },
{ "type": "Feature", "properties": { "name": "Singh Service", "primary_type": "Essential Services", "sector_name": "33", "secondary_type": "pharmacy" }, "geometry": { "type": "Point", "coordinates": [ 76.7692874, 30.7136195 ] } },
{ "type": "Feature", "properties": { "name": "Punjabi dhaba chd", "primary_type": "Food and Drinks", "sector_name": "33", "secondary_type": "indian_restaurant" }, "geometry": { "type": "Point", "coordinates": [ 76.769346, 30.7135309 ] } },
{ "type": "Feature", "properties": { "name": "The Kings Academy of Martial Arts", "primary_type": "Sports", "sector_name": "33", "secondary_type": "sports_club" }, "geometry": { "type": "Point", "coordinates": [ 76.7693901, 30.7134814 ] } },
{ "type": "Feature", "properties": { "name": "Bread pakoda junction", "primary_type": "Food and Drinks", "sector_name": "33", "secondary_type": "restaurant" }, "geometry": { "type": "Point", "coordinates": [ 76.7690777, 30.7142194 ] } },
{ "type": "Feature", "properties": { "name": "Public park sector 33 A", "primary_type": "Tourism", "sector_name": "33", "secondary_type": "park" }, "geometry": { "type": "Point", "coordinates": [ 76.7711141, 30.7152153 ] } },
{ "type": "Feature", "properties": { "name": "Dr Sodhi's MRI and CT Scan Centre", "primary_type": "Essential Services", "sector_name": "33", "secondary_type": "doctor" }, "geometry": { "type": "Point", "coordinates": [ 76.7691467, 30.7133995 ] } },
{ "type": "Feature", "properties": { "name": "Kumar Garments", "primary_type": "Shopping", "sector_name": "33", "secondary_type": "clothing_store" }, "geometry": { "type": "Point", "coordinates": [ 76.7690317, 30.7135282 ] } },
{ "type": "Feature", "properties": { "name": "Park No. 33A05", "primary_type": "Tourism", "sector_name": "33", "secondary_type": "park" }, "geometry": { "type": "Point", "coordinates": [ 76.7704113, 30.717458 ] } },
{ "type": "Feature", "properties": { "name": "Dr G.K. BEDI - Best Gynaecologist & Infertility Chandigarh, Mohali | Best Laparoscopic Surgeon | Abortion | Surrogacy", "primary_type": "Essential Services", "sector_name": "33", "secondary_type": "doctor" }, "geometry": { "type": "Point", "coordinates": [ 76.7694932, 30.7173646 ] } },
{ "type": "Feature", "properties": { "name": "QuraDent Family Dentistry", "primary_type": "Essential Services", "sector_name": "33", "secondary_type": "dentist" }, "geometry": { "type": "Point", "coordinates": [ 76.7694931, 30.7175368 ] } },
{ "type": "Feature", "properties": { "name": "Bedi Hospital (Best Mother and Child Care Hospital)", "primary_type": "Essential Services", "sector_name": "33", "secondary_type": "hospital" }, "geometry": { "type": "Point", "coordinates": [ 76.7695011, 30.7175876 ] } },
{ "type": "Feature", "properties": { "name": "Best Obstetrician", "primary_type": "Essential Services", "sector_name": "33", "secondary_type": "doctor" }, "geometry": { "type": "Point", "coordinates": [ 76.7694971, 30.7176094 ] } },
{ "type": "Feature", "properties": { "name": "Dr Arunima Chandra", "primary_type": "Essential Services", "sector_name": "33", "secondary_type": "dentist" }, "geometry": { "type": "Point", "coordinates": [ 76.7694509, 30.7175763 ] } },
{ "type": "Feature", "properties": { "name": "Best Children's Hospital in Sector 33 Chandigarh | Pediatrician near Sector 33 Chandigarh | Ayu Health Hospital", "primary_type": "Essential Services", "sector_name": "33", "secondary_type": "doctor" }, "geometry": { "type": "Point", "coordinates": [ 76.7694816, 30.7176543 ] } },
{ "type": "Feature", "properties": { "name": "Dr R.S. Bedi - Best Child Vaccination Doctor | Best Pediatric Surgeon In Chandigarh", "primary_type": "Essential Services", "sector_name": "33", "secondary_type": "doctor" }, "geometry": { "type": "Point", "coordinates": [ 76.7693977, 30.7174839 ] } },
{ "type": "Feature", "properties": { "name": "Dr Vikram Bedi | Best Pediatrician & Neonatologist | Child Vaccination Specialist | Yellow fever vaccine", "primary_type": "Essential Services", "sector_name": "33", "secondary_type": "doctor" }, "geometry": { "type": "Point", "coordinates": [ 76.7693944, 30.7174815 ] } },
{ "type": "Feature", "properties": { "name": "Dr Mukul - Neurologist in Chandigarh", "primary_type": "Essential Services", "sector_name": "33", "secondary_type": "doctor" }, "geometry": { "type": "Point", "coordinates": [ 76.7693634, 30.7175074 ] } },
{ "type": "Feature", "properties": { "name": "Dr Parul Monga", "primary_type": "Essential Services", "sector_name": "33", "secondary_type": "doctor" }, "geometry": { "type": "Point", "coordinates": [ 76.7693044, 30.7174615 ] } },
{ "type": "Feature", "properties": { "name": "Pediatric Cardiologist/ Dr. T. Singh", "primary_type": "Essential Services", "sector_name": "33", "secondary_type": "doctor" }, "geometry": { "type": "Point", "coordinates": [ 76.7691908, 30.7174188 ] } },
{ "type": "Feature", "properties": { "name": "Dr K.L.N. Rao (Pediatric Surgeon)", "primary_type": "Essential Services", "sector_name": "33", "secondary_type": "doctor" }, "geometry": { "type": "Point", "coordinates": [ 76.7691581, 30.7173974 ] } },
{ "type": "Feature", "properties": { "name": "Dr Akshdeep kaur", "primary_type": "Essential Services", "sector_name": "33", "secondary_type": "doctor" }, "geometry": { "type": "Point", "coordinates": [ 76.7715204, 30.7174127 ] } },
{ "type": "Feature", "properties": { "name": "ToothZone", "primary_type": "Essential Services", "sector_name": "33", "secondary_type": "dental_clinic" }, "geometry": { "type": "Point", "coordinates": [ 76.7708712, 30.7184462 ] } },
{ "type": "Feature", "properties": { "name": "Kapoor Dental Clinic", "primary_type": "Essential Services", "sector_name": "33", "secondary_type": "hospital" }, "geometry": { "type": "Point", "coordinates": [ 76.7697105, 30.7160818 ] } },
{ "type": "Feature", "properties": { "name": "Pammi prothe", "primary_type": "Food and Drinks", "sector_name": "33", "secondary_type": "restaurant" }, "geometry": { "type": "Point", "coordinates": [ 76.7719047, 30.7171987 ] } },
{ "type": "Feature", "properties": { "name": "monsoonmode", "primary_type": "Shopping", "sector_name": "33", "secondary_type": "clothing_store" }, "geometry": { "type": "Point", "coordinates": [ 76.7746047, 30.7139906 ] } },
{ "type": "Feature", "properties": { "name": "Public Park 8", "primary_type": "Tourism", "sector_name": "33", "secondary_type": "park" }, "geometry": { "type": "Point", "coordinates": [ 76.7746157, 30.714362 ] } },
{ "type": "Feature", "properties": { "name": "Dr Jasneet Kaur | Best Fertility, IUI, ICSI, IVF Centre in Chandigarh, Gynecologist", "primary_type": "Essential Services", "sector_name": "33", "secondary_type": "doctor" }, "geometry": { "type": "Point", "coordinates": [ 76.7736958, 30.7138697 ] } },
{ "type": "Feature", "properties": { "name": "Skating School India", "primary_type": "Sports", "sector_name": "33", "secondary_type": "sports_club" }, "geometry": { "type": "Point", "coordinates": [ 76.7732817, 30.7140982 ] } },
{ "type": "Feature", "properties": { "name": "Ziba", "primary_type": "Shopping", "sector_name": "33", "secondary_type": "skin_care_clinic" }, "geometry": { "type": "Point", "coordinates": [ 76.7742758, 30.7151927 ] } },
{ "type": "Feature", "properties": { "name": "Dr. Sonia Oberoi - Director AKSS Clinic", "primary_type": "Essential Services", "sector_name": "33", "secondary_type": "doctor" }, "geometry": { "type": "Point", "coordinates": [ 76.7742784, 30.7152094 ] } },
{ "type": "Feature", "properties": { "name": "Amu Beautiful Park", "primary_type": "Tourism", "sector_name": "33", "secondary_type": "park" }, "geometry": { "type": "Point", "coordinates": [ 76.7761654, 30.7142926 ] } },
{ "type": "Feature", "properties": { "name": "Semta green park", "primary_type": "Tourism", "sector_name": "33", "secondary_type": "park" }, "geometry": { "type": "Point", "coordinates": [ 76.7724432, 30.7146535 ] } },
{ "type": "Feature", "properties": { "name": "Fountain", "primary_type": "Tourism", "sector_name": "33", "secondary_type": "park" }, "geometry": { "type": "Point", "coordinates": [ 76.7720184, 30.7145025 ] } },
{ "type": "Feature", "properties": { "name": "Ayu Health Hospitals - Ayushman Bharat Empanelled", "primary_type": "Essential Services", "sector_name": "33", "secondary_type": "hospital" }, "geometry": { "type": "Point", "coordinates": [ 76.7720329, 30.715111 ] } },
{ "type": "Feature", "properties": { "name": "Burger Point", "primary_type": "Food and Drinks", "sector_name": "33", "secondary_type": "fast_food_restaurant" }, "geometry": { "type": "Point", "coordinates": [ 76.7728859, 30.7162375 ] } },
{ "type": "Feature", "properties": { "name": "Dr. Tyagi's Neuro Clinic - Best Neurosurgeon in Chandigarh", "primary_type": "Essential Services", "sector_name": "33", "secondary_type": "doctor" }, "geometry": { "type": "Point", "coordinates": [ 76.7721764, 30.7158274 ] } },
{ "type": "Feature", "properties": { "name": "Isha Hatha Yoga ( Jungle Scent )", "primary_type": "Sports", "sector_name": "33", "secondary_type": "yoga_studio" }, "geometry": { "type": "Point", "coordinates": [ 76.7739819, 30.7169917 ] } },
{ "type": "Feature", "properties": { "name": "PQ9F+677", "primary_type": "Tourism", "sector_name": "33", "secondary_type": "park" }, "geometry": { "type": "Point", "coordinates": [ 76.7730558, 30.7181138 ] } },
{ "type": "Feature", "properties": { "name": "Sector 33A Park", "primary_type": "Tourism", "sector_name": "33", "secondary_type": "park" }, "geometry": { "type": "Point", "coordinates": [ 76.7731663, 30.718048 ] } },
{ "type": "Feature", "properties": { "name": "Laptop Repair Hub", "primary_type": "Shopping", "sector_name": "20", "secondary_type": "market" }, "geometry": { "type": "Point", "coordinates": [ 76.7759478, 30.7178216 ] } },
{ "type": "Feature", "properties": { "name": "Gulmohar tailor (Mukesh)", "primary_type": "Shopping", "sector_name": "33", "secondary_type": "clothing_store" }, "geometry": { "type": "Point", "coordinates": [ 76.772605, 30.7176263 ] } },
{ "type": "Feature", "properties": { "name": "Sri Guru Ravidass Bhawan", "primary_type": "Entertainment", "sector_name": "20", "secondary_type": "monument" }, "geometry": { "type": "Point", "coordinates": [ 76.7757153, 30.718697 ] } },
{ "type": "Feature", "properties": { "name": "Dr Singla Dental Clinic", "primary_type": "Essential Services", "sector_name": "20", "secondary_type": "dental_clinic" }, "geometry": { "type": "Point", "coordinates": [ 76.7753173, 30.7188819 ] } },
{ "type": "Feature", "properties": { "name": "Aashriwad Garments", "primary_type": "Shopping", "sector_name": "20", "secondary_type": "clothing_store" }, "geometry": { "type": "Point", "coordinates": [ 76.776448, 30.717381 ] } },
{ "type": "Feature", "properties": { "name": "RAHUL COLLECTION", "primary_type": "Shopping", "sector_name": "20", "secondary_type": "clothing_store" }, "geometry": { "type": "Point", "coordinates": [ 76.7753993, 30.7188962 ] } },
{ "type": "Feature", "properties": { "name": "Anita Enterprises", "primary_type": "Shopping", "sector_name": "20", "secondary_type": "clothing_store" }, "geometry": { "type": "Point", "coordinates": [ 76.7764976, 30.7175703 ] } },
{ "type": "Feature", "properties": { "name": "Nirmla Garments", "primary_type": "Shopping", "sector_name": "20", "secondary_type": "clothing_store" }, "geometry": { "type": "Point", "coordinates": [ 76.7765661, 30.717519 ] } },
{ "type": "Feature", "properties": { "name": "Dr Nidhi Sharma", "primary_type": "Essential Services", "sector_name": "20", "secondary_type": "doctor" }, "geometry": { "type": "Point", "coordinates": [ 76.7750338, 30.7191474 ] } },
{ "type": "Feature", "properties": { "name": "Cantabil", "primary_type": "Shopping", "sector_name": "20", "secondary_type": "clothing_store" }, "geometry": { "type": "Point", "coordinates": [ 76.775088, 30.719142 ] } },
{ "type": "Feature", "properties": { "name": "ARROW", "primary_type": "Shopping", "sector_name": "20", "secondary_type": "clothing_store" }, "geometry": { "type": "Point", "coordinates": [ 76.7751558, 30.7191539 ] } },
{ "type": "Feature", "properties": { "name": "Sai Export Surplus", "primary_type": "Shopping", "sector_name": "20", "secondary_type": "clothing_store" }, "geometry": { "type": "Point", "coordinates": [ 76.7766226, 30.717455 ] } },
{ "type": "Feature", "properties": { "name": "CSIO Canteen", "primary_type": "Food and Drinks", "sector_name": "30", "secondary_type": "cafeteria" }, "geometry": { "type": "Point", "coordinates": [ 76.7822332, 30.7132469 ] } },
{ "type": "Feature", "properties": { "name": "Playground Sector 30", "primary_type": "Sports", "sector_name": "30", "secondary_type": "playground" }, "geometry": { "type": "Point", "coordinates": [ 76.7835872, 30.7133777 ] } },
{ "type": "Feature", "properties": { "name": "Buffey sector 30", "primary_type": "Food and Drinks", "sector_name": "30", "secondary_type": "indian_restaurant" }, "geometry": { "type": "Point", "coordinates": [ 76.7825538, 30.7136833 ] } },
{ "type": "Feature", "properties": { "name": "CSIO Voleyball Complex", "primary_type": "Sports", "sector_name": "30", "secondary_type": "playground" }, "geometry": { "type": "Point", "coordinates": [ 76.7855732, 30.7116437 ] } },
{ "type": "Feature", "properties": { "name": "Playground - CSIO", "primary_type": "Sports", "sector_name": "30", "secondary_type": "playground" }, "geometry": { "type": "Point", "coordinates": [ 76.7858434, 30.7122877 ] } },
{ "type": "Feature", "properties": { "name": "Bua Chandigarh", "primary_type": "Tourism", "sector_name": "32", "secondary_type": "tourist_attraction" }, "geometry": { "type": "Point", "coordinates": [ 76.7831214, 30.7096172 ] } },
{ "type": "Feature", "properties": { "name": "Oven Story", "primary_type": "Food and Drinks", "sector_name": "30", "secondary_type": "pizza_restaurant" }, "geometry": { "type": "Point", "coordinates": [ 76.7836034, 30.7154095 ] } },
{ "type": "Feature", "properties": { "name": "PQ8J+PGX", "primary_type": "Tourism", "sector_name": "20", "secondary_type": "park" }, "geometry": { "type": "Point", "coordinates": [ 76.7813948, 30.7168135 ] } },
{ "type": "Feature", "properties": { "name": "Park No.20C57", "primary_type": "Tourism", "sector_name": "20", "secondary_type": "park" }, "geometry": { "type": "Point", "coordinates": [ 76.7813605, 30.7168553 ] } },
{ "type": "Feature", "properties": { "name": "Children's Park Block D", "primary_type": "Tourism", "sector_name": "30", "secondary_type": "park" }, "geometry": { "type": "Point", "coordinates": [ 76.7839545, 30.7174352 ] } },
{ "type": "Feature", "properties": { "name": "PQ8H+9WP", "primary_type": "Tourism", "sector_name": "20", "secondary_type": "park" }, "geometry": { "type": "Point", "coordinates": [ 76.7798623, 30.7158616 ] } },
{ "type": "Feature", "properties": { "name": "OCTAVE EXCEED", "primary_type": "Shopping", "sector_name": "30", "secondary_type": "clothing_store" }, "geometry": { "type": "Point", "coordinates": [ 76.784909, 30.7170772 ] } },
{ "type": "Feature", "properties": { "name": "Park No.20C65", "primary_type": "Tourism", "sector_name": "20", "secondary_type": "park" }, "geometry": { "type": "Point", "coordinates": [ 76.7798282, 30.7159566 ] } },
{ "type": "Feature", "properties": { "name": "Westpac Fin Corp - ICICI Bank", "primary_type": "Essential Services", "sector_name": "30", "secondary_type": "bank" }, "geometry": { "type": "Point", "coordinates": [ 76.7847333, 30.7174023 ] } },
{ "type": "Feature", "properties": { "name": "PRAIYO DENTAL CLINIC", "primary_type": "Essential Services", "sector_name": "30", "secondary_type": "dentist" }, "geometry": { "type": "Point", "coordinates": [ 76.7846895, 30.7174572 ] } },
{ "type": "Feature", "properties": { "name": "Jain & Company", "primary_type": "Shopping", "sector_name": "30", "secondary_type": "clothing_store" }, "geometry": { "type": "Point", "coordinates": [ 76.7846361, 30.7175019 ] } },
{ "type": "Feature", "properties": { "name": "Delight Emporiums - Sherwani | Indo Western | Coat Pant | Best Tailor | Mens Suit Fabric in Chandigarh", "primary_type": "Shopping", "sector_name": "30", "secondary_type": "clothing_store" }, "geometry": { "type": "Point", "coordinates": [ 76.7848865, 30.7173198 ] } },
{ "type": "Feature", "properties": { "name": "K C Agencies", "primary_type": "Shopping", "sector_name": "30", "secondary_type": "clothing_store" }, "geometry": { "type": "Point", "coordinates": [ 76.7845665, 30.7176239 ] } },
{ "type": "Feature", "properties": { "name": "Punjab State Co-Operative Bank", "primary_type": "Essential Services", "sector_name": "30", "secondary_type": "bank" }, "geometry": { "type": "Point", "coordinates": [ 76.7847961, 30.7175152 ] } },
{ "type": "Feature", "properties": { "name": "CSIO Dispensary", "primary_type": "Essential Services", "sector_name": "30", "secondary_type": "hospital" }, "geometry": { "type": "Point", "coordinates": [ 76.7877898, 30.7131564 ] } },
{ "type": "Feature", "properties": { "name": "Shaaz", "primary_type": "Shopping", "sector_name": "30", "secondary_type": "clothing_store" }, "geometry": { "type": "Point", "coordinates": [ 76.7882175, 30.7131925 ] } },
{ "type": "Feature", "properties": { "name": "Prem Book Depot", "primary_type": "Shopping", "sector_name": "30", "secondary_type": "book_store" }, "geometry": { "type": "Point", "coordinates": [ 76.7888003, 30.7136397 ] } },
{ "type": "Feature", "properties": { "name": "Adarsh Voile House AVH Turban Centre", "primary_type": "Shopping", "sector_name": "30", "secondary_type": "clothing_store" }, "geometry": { "type": "Point", "coordinates": [ 76.7889333, 30.7135883 ] } },
{ "type": "Feature", "properties": { "name": "Bhagwati Provision Store", "primary_type": "Essential Services", "sector_name": "30", "secondary_type": "food_store" }, "geometry": { "type": "Point", "coordinates": [ 76.7888258, 30.7137139 ] } },
{ "type": "Feature", "properties": { "name": "Bansuri Vyanjan", "primary_type": "Food and Drinks", "sector_name": "30", "secondary_type": "buffet_restaurant" }, "geometry": { "type": "Point", "coordinates": [ 76.7890104, 30.7135323 ] } },
{ "type": "Feature", "properties": { "name": "Jagdish Provision Store", "primary_type": "Essential Services", "sector_name": "30", "secondary_type": "food_store" }, "geometry": { "type": "Point", "coordinates": [ 76.7890486, 30.7134864 ] } },
{ "type": "Feature", "properties": { "name": "Sai Kidz Zone", "primary_type": "Shopping", "sector_name": "30", "secondary_type": "clothing_store" }, "geometry": { "type": "Point", "coordinates": [ 76.7893237, 30.7130241 ] } },
{ "type": "Feature", "properties": { "name": "Wadhwa Cloth House", "primary_type": "Shopping", "sector_name": "30", "secondary_type": "clothing_store" }, "geometry": { "type": "Point", "coordinates": [ 76.7889513, 30.7136142 ] } },
{ "type": "Feature", "properties": { "name": "Bharat Emporium", "primary_type": "Shopping", "sector_name": "30", "secondary_type": "clothing_store" }, "geometry": { "type": "Point", "coordinates": [ 76.7891434, 30.7133699 ] } },
{ "type": "Feature", "properties": { "name": "BABE DI HATTI | GROOM STUDIO", "primary_type": "Shopping", "sector_name": "30", "secondary_type": "clothing_store" }, "geometry": { "type": "Point", "coordinates": [ 76.7891944, 30.7133001 ] } },
{ "type": "Feature", "properties": { "name": "INDIA POST", "primary_type": "Essential Services", "sector_name": "30", "secondary_type": "post_office" }, "geometry": { "type": "Point", "coordinates": [ 76.7888365, 30.7137567 ] } },
{ "type": "Feature", "properties": { "name": "New Kasauli Karyana Store", "primary_type": "Essential Services", "sector_name": "30", "secondary_type": "grocery_store" }, "geometry": { "type": "Point", "coordinates": [ 76.786598, 30.715202 ] } },
{ "type": "Feature", "properties": { "name": "Ram Dr Chanan", "primary_type": "Essential Services", "sector_name": "30", "secondary_type": "doctor" }, "geometry": { "type": "Point", "coordinates": [ 76.7870377, 30.7162823 ] } },
{ "type": "Feature", "properties": { "name": "English Wine Shop", "primary_type": "Shopping", "sector_name": "30", "secondary_type": "liquor_store" }, "geometry": { "type": "Point", "coordinates": [ 76.787032, 30.7162888 ] } },
{ "type": "Feature", "properties": { "name": "F3 Fight For Fitness", "primary_type": "Sports", "sector_name": "30", "secondary_type": "fitness_center" }, "geometry": { "type": "Point", "coordinates": [ 76.7877667, 30.7149953 ] } },
{ "type": "Feature", "properties": { "name": "Tandon Shop", "primary_type": "Essential Services", "sector_name": "30", "secondary_type": "grocery_store" }, "geometry": { "type": "Point", "coordinates": [ 76.7878703, 30.7148341 ] } },
{ "type": "Feature", "properties": { "name": "Modicare Lifestyle Center", "primary_type": "Sports", "sector_name": "30", "secondary_type": "gym" }, "geometry": { "type": "Point", "coordinates": [ 76.7879678, 30.7148611 ] } },
{ "type": "Feature", "properties": { "name": "Biryani By Kilo - Chandigarh", "primary_type": "Food and Drinks", "sector_name": "30", "secondary_type": "indian_restaurant" }, "geometry": { "type": "Point", "coordinates": [ 76.7880157, 30.7148674 ] } },
{ "type": "Feature", "properties": { "name": "Omkar dhaba inside bhawan", "primary_type": "Food and Drinks", "sector_name": "30", "secondary_type": "restaurant" }, "geometry": { "type": "Point", "coordinates": [ 76.7869767, 30.7166666 ] } },
{ "type": "Feature", "properties": { "name": "Power House Gym", "primary_type": "Sports", "sector_name": "30", "secondary_type": "gym" }, "geometry": { "type": "Point", "coordinates": [ 76.7880513, 30.7146518 ] } },
{ "type": "Feature", "properties": { "name": "SBI CDM & Passbook Printing", "primary_type": "Essential Services", "sector_name": "30", "secondary_type": "bank" }, "geometry": { "type": "Point", "coordinates": [ 76.7882124, 30.7144045 ] } },
{ "type": "Feature", "properties": { "name": "Sector 30 Park", "primary_type": "Tourism", "sector_name": "30", "secondary_type": "park" }, "geometry": { "type": "Point", "coordinates": [ 76.7887802, 30.7164228 ] } },
{ "type": "Feature", "properties": { "name": "GEETA PRESS BOOK STORE CHANDIGARH", "primary_type": "Shopping", "sector_name": "30", "secondary_type": "book_store" }, "geometry": { "type": "Point", "coordinates": [ 76.7858286, 30.7171185 ] } },
{ "type": "Feature", "properties": { "name": "Uday Raj geend sarowar", "primary_type": "Tourism", "sector_name": "30", "secondary_type": "historical_landmark" }, "geometry": { "type": "Point", "coordinates": [ 76.7889233, 30.7164095 ] } },
{ "type": "Feature", "properties": { "name": "Sector 30 Sub Post Office", "primary_type": "Essential Services", "sector_name": "30", "secondary_type": "post_office" }, "geometry": { "type": "Point", "coordinates": [ 76.7885708, 30.7140723 ] } },
{ "type": "Feature", "properties": { "name": "CANARA BANK - CHANDIGARH SECTOR 30C", "primary_type": "Essential Services", "sector_name": "30", "secondary_type": "bank" }, "geometry": { "type": "Point", "coordinates": [ 76.7887289, 30.7139435 ] } },
{ "type": "Feature", "properties": { "name": "Football ground", "primary_type": "Sports", "sector_name": "30", "secondary_type": "playground" }, "geometry": { "type": "Point", "coordinates": [ 76.787715, 30.7186197 ] } },
{ "type": "Feature", "properties": { "name": "Children Park", "primary_type": "Tourism", "sector_name": "30", "secondary_type": "park" }, "geometry": { "type": "Point", "coordinates": [ 76.7872543, 30.7198873 ] } },
{ "type": "Feature", "properties": { "name": "Park No.20B36", "primary_type": "Tourism", "sector_name": "20", "secondary_type": "park" }, "geometry": { "type": "Point", "coordinates": [ 76.7856677, 30.719397 ] } },
{ "type": "Feature", "properties": { "name": "Dr. Sidharth Garg - Cardiac Surgeon in Chandigarh", "primary_type": "Essential Services", "sector_name": "30", "secondary_type": "doctor" }, "geometry": { "type": "Point", "coordinates": [ 76.7884979, 30.7189096 ] } },
{ "type": "Feature", "properties": { "name": "LOCAL PARK", "primary_type": "Tourism", "sector_name": "20", "secondary_type": "park" }, "geometry": { "type": "Point", "coordinates": [ 76.7850908, 30.719576 ] } },
{ "type": "Feature", "properties": { "name": "Yog Divya Mandir Eva Chikitsalay", "primary_type": "Sports", "sector_name": "30", "secondary_type": "fitness_center" }, "geometry": { "type": "Point", "coordinates": [ 76.78512, 30.7179239 ] } },
{ "type": "Feature", "properties": { "name": "Park No. 20B32", "primary_type": "Tourism", "sector_name": "20", "secondary_type": "park" }, "geometry": { "type": "Point", "coordinates": [ 76.786508, 30.7204732 ] } },
{ "type": "Feature", "properties": { "name": "Community Ground/Park", "primary_type": "Tourism", "sector_name": "30", "secondary_type": "park" }, "geometry": { "type": "Point", "coordinates": [ 76.7890346, 30.719557 ] } },
{ "type": "Feature", "properties": { "name": "Children fitness family coach", "primary_type": "Sports", "sector_name": "30", "secondary_type": "fitness_center" }, "geometry": { "type": "Point", "coordinates": [ 76.7847492, 30.7180385 ] } },
{ "type": "Feature", "properties": { "name": "PARK", "primary_type": "Tourism", "sector_name": "20", "secondary_type": "park" }, "geometry": { "type": "Point", "coordinates": [ 76.7848204, 30.7199891 ] } },
{ "type": "Feature", "properties": { "name": "BABLU FRUIT VEGETABLES AND JUICE SHOP", "primary_type": "Essential Services", "sector_name": "20", "secondary_type": "grocery_store" }, "geometry": { "type": "Point", "coordinates": [ 76.7868245, 30.7209964 ] } },
{ "type": "Feature", "properties": { "name": "Tamil Manaram Members Canteen", "primary_type": "Food and Drinks", "sector_name": "30", "secondary_type": "fast_food_restaurant" }, "geometry": { "type": "Point", "coordinates": [ 76.7906492, 30.7159304 ] } },
{ "type": "Feature", "properties": { "name": "Shubham park", "primary_type": "Tourism", "sector_name": "30", "secondary_type": "park" }, "geometry": { "type": "Point", "coordinates": [ 76.7926238, 30.7153692 ] } },
{ "type": "Feature", "properties": { "name": "The.Gentleman collection", "primary_type": "Shopping", "sector_name": "30", "secondary_type": "clothing_store" }, "geometry": { "type": "Point", "coordinates": [ 76.7913625, 30.7167387 ] } },
{ "type": "Feature", "properties": { "name": "advik collection", "primary_type": "Shopping", "sector_name": "30", "secondary_type": "market" }, "geometry": { "type": "Point", "coordinates": [ 76.7926392, 30.7158792 ] } },
{ "type": "Feature", "properties": { "name": "Butique", "primary_type": "Shopping", "sector_name": "30", "secondary_type": "clothing_store" }, "geometry": { "type": "Point", "coordinates": [ 76.7924693, 30.7165011 ] } },
{ "type": "Feature", "properties": { "name": "Mehak Boutique", "primary_type": "Shopping", "sector_name": "30", "secondary_type": "clothing_store" }, "geometry": { "type": "Point", "coordinates": [ 76.7919571, 30.7169251 ] } },
{ "type": "Feature", "properties": { "name": "Dua Fashion Boutique", "primary_type": "Shopping", "sector_name": "30", "secondary_type": "clothing_store" }, "geometry": { "type": "Point", "coordinates": [ 76.7901631, 30.7142644 ] } },
{ "type": "Feature", "properties": { "name": "CANARA BANK ATM", "primary_type": "Essential Services", "sector_name": "30", "secondary_type": "atm" }, "geometry": { "type": "Point", "coordinates": [ 76.789655, 30.7139045 ] } },
{ "type": "Feature", "properties": { "name": "Avin South Indian Canteen", "primary_type": "Food and Drinks", "sector_name": "30", "secondary_type": "indian_restaurant" }, "geometry": { "type": "Point", "coordinates": [ 76.7895909, 30.7138534 ] } },
{ "type": "Feature", "properties": { "name": "Playground Sector 30A", "primary_type": "Sports", "sector_name": "30", "secondary_type": "playground" }, "geometry": { "type": "Point", "coordinates": [ 76.7900288, 30.7175445 ] } },
{ "type": "Feature", "properties": { "name": "Community Garden", "primary_type": "Tourism", "sector_name": "30", "secondary_type": "park" }, "geometry": { "type": "Point", "coordinates": [ 76.7921671, 30.7184974 ] } },
{ "type": "Feature", "properties": { "name": "Dispensary Rbi Colony", "primary_type": "Essential Services", "sector_name": "30", "secondary_type": "hospital" }, "geometry": { "type": "Point", "coordinates": [ 76.7903131, 30.7194976 ] } },
{ "type": "Feature", "properties": { "name": "Sharma Automobiles", "primary_type": "Shopping", "sector_name": "27", "secondary_type": "shopping_mall" }, "geometry": { "type": "Point", "coordinates": [ 76.7919788, 30.7204474 ] } },
{ "type": "Feature", "properties": { "name": "Public Park Sector 27D", "primary_type": "Tourism", "sector_name": "27", "secondary_type": "park" }, "geometry": { "type": "Point", "coordinates": [ 76.7934606, 30.7197051 ] } },
{ "type": "Feature", "properties": { "name": "THE DENTAL ARTISTRIY", "primary_type": "Essential Services", "sector_name": "27", "secondary_type": "dentist" }, "geometry": { "type": "Point", "coordinates": [ 76.7915088, 30.7211319 ] } },
{ "type": "Feature", "properties": { "name": "CENTRAL BANK OF INDIA - DARIA Branch", "primary_type": "Essential Services", "sector_name": "27", "secondary_type": "bank" }, "geometry": { "type": "Point", "coordinates": [ 76.7915629, 30.7217122 ] } },
{ "type": "Feature", "properties": { "name": "Bank of Baroda ATM", "primary_type": "Essential Services", "sector_name": "28", "secondary_type": "atm" }, "geometry": { "type": "Point", "coordinates": [ 76.81, 30.72 ] } },
{ "type": "Feature", "properties": { "name": "student food court", "primary_type": "Food and Drinks", "sector_name": "28", "secondary_type": "fast_food_restaurant" }, "geometry": { "type": "Point", "coordinates": [ 76.8101702, 30.7196032 ] } },
{ "type": "Feature", "properties": { "name": "Bajrang Lal Krishan Kumar", "primary_type": "Essential Services", "sector_name": "26E", "secondary_type": "food_store" }, "geometry": { "type": "Point", "coordinates": [ 76.8096553, 30.7212361 ] } },
{ "type": "Feature", "properties": { "name": "Durga Provision Store - Your Raw Material Partner", "primary_type": "Essential Services", "sector_name": "26E", "secondary_type": "food_store" }, "geometry": { "type": "Point", "coordinates": [ 76.809521, 30.7212806 ] } },
{ "type": "Feature", "properties": { "name": "BAJRANG TRADING CO", "primary_type": "Essential Services", "sector_name": "26E", "secondary_type": "grocery_store" }, "geometry": { "type": "Point", "coordinates": [ 76.8100233, 30.721457 ] } },
{ "type": "Feature", "properties": { "name": "Civil Dispensary AAM", "primary_type": "Essential Services", "sector_name": "26E", "secondary_type": "pharmacy" }, "geometry": { "type": "Point", "coordinates": [ 76.8105419, 30.7214971 ] } },
{ "type": "Feature", "properties": { "name": "Ram Kishan & Company", "primary_type": "Shopping", "sector_name": "26E", "secondary_type": "wholesaler" }, "geometry": { "type": "Point", "coordinates": [ 76.8093979, 30.721469 ] } },
{ "type": "Feature", "properties": { "name": "Singh Confectionery", "primary_type": "Essential Services", "sector_name": "26E", "secondary_type": "grocery_store" }, "geometry": { "type": "Point", "coordinates": [ 76.8091983, 30.721511 ] } },
{ "type": "Feature", "properties": { "name": "Haryana Trading Co", "primary_type": "Shopping", "sector_name": "26E", "secondary_type": "wholesaler" }, "geometry": { "type": "Point", "coordinates": [ 76.8099009, 30.7217908 ] } },
{ "type": "Feature", "properties": { "name": "Child Neurology Clinic", "primary_type": "Essential Services", "sector_name": "28", "secondary_type": "doctor" }, "geometry": { "type": "Point", "coordinates": [ 76.808716, 30.719432 ] } },
{ "type": "Feature", "properties": { "name": "MAHAVIR TRADING CO", "primary_type": "Essential Services", "sector_name": "26E", "secondary_type": "supermarket" }, "geometry": { "type": "Point", "coordinates": [ 76.8102873, 30.7219301 ] } },
{ "type": "Feature", "properties": { "name": "Shri hari traders", "primary_type": "Shopping", "sector_name": "26E", "secondary_type": "market" }, "geometry": { "type": "Point", "coordinates": [ 76.8093034, 30.7219767 ] } },
{ "type": "Feature", "properties": { "name": "New Sagar Enterprises", "primary_type": "Essential Services", "sector_name": "26E", "secondary_type": "food_store" }, "geometry": { "type": "Point", "coordinates": [ 76.8089852, 30.7218688 ] } },
{ "type": "Feature", "properties": { "name": "Modi Nuts cashews", "primary_type": "Essential Services", "sector_name": "26E", "secondary_type": "grocery_store" }, "geometry": { "type": "Point", "coordinates": [ 76.8088611, 30.7218169 ] } },
{ "type": "Feature", "properties": { "name": "SINGLA TRADERS", "primary_type": "Essential Services", "sector_name": "26E", "secondary_type": "grocery_store" }, "geometry": { "type": "Point", "coordinates": [ 76.809228, 30.722104 ] } },
{ "type": "Feature", "properties": { "name": "J.s medical store", "primary_type": "Essential Services", "sector_name": "26E", "secondary_type": "hospital" }, "geometry": { "type": "Point", "coordinates": [ 76.8089191, 30.7219789 ] } },
{ "type": "Feature", "properties": { "name": "Raj Bhature Wala", "primary_type": "Food and Drinks", "sector_name": "26E", "secondary_type": "indian_restaurant" }, "geometry": { "type": "Point", "coordinates": [ 76.8101383, 30.7239342 ] } },
{ "type": "Feature", "properties": { "name": "Bhiwani Tea Company", "primary_type": "Shopping", "sector_name": "26E", "secondary_type": "wholesaler" }, "geometry": { "type": "Point", "coordinates": [ 76.8100664, 30.7237409 ] } },
{ "type": "Feature", "properties": { "name": "Madan Confectionery", "primary_type": "Essential Services", "sector_name": "26E", "secondary_type": "grocery_store" }, "geometry": { "type": "Point", "coordinates": [ 76.809847, 30.723761 ] } },
{ "type": "Feature", "properties": { "name": "Rs Traders", "primary_type": "Food and Drinks", "sector_name": "26E", "secondary_type": "fast_food_restaurant" }, "geometry": { "type": "Point", "coordinates": [ 76.8097073, 30.7237104 ] } },
{ "type": "Feature", "properties": { "name": "SPEICAL KITCHEN 2", "primary_type": "Food and Drinks", "sector_name": "26E", "secondary_type": "restaurant" }, "geometry": { "type": "Point", "coordinates": [ 76.8104981, 30.7239906 ] } },
{ "type": "Feature", "properties": { "name": "POLICE LINES CHANDIGARH", "primary_type": "Tourism", "sector_name": "26E", "secondary_type": "park" }, "geometry": { "type": "Point", "coordinates": [ 76.8113452, 30.7240344 ] } },
{ "type": "Feature", "properties": { "name": "Deepak Trading Co", "primary_type": "Shopping", "sector_name": "26E", "secondary_type": "wholesaler" }, "geometry": { "type": "Point", "coordinates": [ 76.8097779, 30.7233945 ] } },
{ "type": "Feature", "properties": { "name": "CHAND KARYANA STORE", "primary_type": "Essential Services", "sector_name": "26E", "secondary_type": "grocery_store" }, "geometry": { "type": "Point", "coordinates": [ 76.8101376, 30.7233141 ] } },
{ "type": "Feature", "properties": { "name": "Disha Enterprises", "primary_type": "Essential Services", "sector_name": "26E", "secondary_type": "pharmacy" }, "geometry": { "type": "Point", "coordinates": [ 76.8107264, 30.723712 ] } },
{ "type": "Feature", "properties": { "name": "lalit trading company", "primary_type": "Essential Services", "sector_name": "26E", "secondary_type": "supermarket" }, "geometry": { "type": "Point", "coordinates": [ 76.8097631, 30.723373 ] } },
{ "type": "Feature", "properties": { "name": "Green Gush - Fruits & vegetables", "primary_type": "Essential Services", "sector_name": "26E", "secondary_type": "grocery_store" }, "geometry": { "type": "Point", "coordinates": [ 76.8107823, 30.7237387 ] } },
{ "type": "Feature", "properties": { "name": "R K Traders", "primary_type": "Shopping", "sector_name": "26E", "secondary_type": "shopping_mall" }, "geometry": { "type": "Point", "coordinates": [ 76.8107867, 30.7237412 ] } },
{ "type": "Feature", "properties": { "name": "Sham Dass Surjit Kumar", "primary_type": "Shopping", "sector_name": "26E", "secondary_type": "wholesaler" }, "geometry": { "type": "Point", "coordinates": [ 76.8100749, 30.7232309 ] } },
{ "type": "Feature", "properties": { "name": "IDBI Bank ATM", "primary_type": "Essential Services", "sector_name": "26E", "secondary_type": "atm" }, "geometry": { "type": "Point", "coordinates": [ 76.809383, 30.723534 ] } },
{ "type": "Feature", "properties": { "name": "Dussehra ground", "primary_type": "Sports", "sector_name": "26E", "secondary_type": "playground" }, "geometry": { "type": "Point", "coordinates": [ 76.8093827, 30.7235341 ] } },
{ "type": "Feature", "properties": { "name": "Surya Flour Mills", "primary_type": "Essential Services", "sector_name": "26E", "secondary_type": "supermarket" }, "geometry": { "type": "Point", "coordinates": [ 76.8095231, 30.7232246 ] } },
{ "type": "Feature", "properties": { "name": "New Chandigarh Trading company", "primary_type": "Essential Services", "sector_name": "26E", "secondary_type": "grocery_store" }, "geometry": { "type": "Point", "coordinates": [ 76.8100812, 30.7230208 ] } },
{ "type": "Feature", "properties": { "name": "Mahalakshmi Flour Mills", "primary_type": "Essential Services", "sector_name": "26E", "secondary_type": "grocery_store" }, "geometry": { "type": "Point", "coordinates": [ 76.8094392, 30.7231852 ] } },
{ "type": "Feature", "properties": { "name": "ADI DRY FRUITS", "primary_type": "Shopping", "sector_name": "26E", "secondary_type": "market" }, "geometry": { "type": "Point", "coordinates": [ 76.810827, 30.723243 ] } },
{ "type": "Feature", "properties": { "name": "Punjab general Store", "primary_type": "Essential Services", "sector_name": "26E", "secondary_type": "grocery_store" }, "geometry": { "type": "Point", "coordinates": [ 76.8103117, 30.7229926 ] } },
{ "type": "Feature", "properties": { "name": "Proactive Fitness Club Gym", "primary_type": "Sports", "sector_name": "26E", "secondary_type": "gym" }, "geometry": { "type": "Point", "coordinates": [ 76.8141206, 30.7199856 ] } },
{ "type": "Feature", "properties": { "name": "Jubair", "primary_type": "Food and Drinks", "sector_name": "26E", "secondary_type": "bar" }, "geometry": { "type": "Point", "coordinates": [ 76.8149736, 30.7198034 ] } },
{ "type": "Feature", "properties": { "name": "Timber Market", "primary_type": "Shopping", "sector_name": "26E", "secondary_type": "market" }, "geometry": { "type": "Point", "coordinates": [ 76.8121577, 30.7189595 ] } },
{ "type": "Feature", "properties": { "name": "Park Sector 26", "primary_type": "Tourism", "sector_name": "26E", "secondary_type": "park" }, "geometry": { "type": "Point", "coordinates": [ 76.8155707, 30.7206176 ] } },
{ "type": "Feature", "properties": { "name": "Luxmi Saree Center", "primary_type": "Shopping", "sector_name": "26E", "secondary_type": "clothing_store" }, "geometry": { "type": "Point", "coordinates": [ 76.815254, 30.719187 ] } },
{ "type": "Feature", "properties": { "name": "N S Food", "primary_type": "Food and Drinks", "sector_name": "26E", "secondary_type": "fast_food_restaurant" }, "geometry": { "type": "Point", "coordinates": [ 76.8154966, 30.719359 ] } },
{ "type": "Feature", "properties": { "name": "School Open Playground", "primary_type": "Sports", "sector_name": "26E", "secondary_type": "playground" }, "geometry": { "type": "Point", "coordinates": [ 76.8153629, 30.721558 ] } },
{ "type": "Feature", "properties": { "name": "Halal chicken Katti roll corner", "primary_type": "Food and Drinks", "sector_name": "26E", "secondary_type": "fast_food_restaurant" }, "geometry": { "type": "Point", "coordinates": [ 76.8153966, 30.7191723 ] } },
{ "type": "Feature", "properties": { "name": "Shajith shop", "primary_type": "Food and Drinks", "sector_name": "26E", "secondary_type": "indian_restaurant" }, "geometry": { "type": "Point", "coordinates": [ 76.814278, 30.71834 ] } },
{ "type": "Feature", "properties": { "name": "Dewan Chand Joginder Pal Bhatia", "primary_type": "Essential Services", "sector_name": "26E", "secondary_type": "supermarket" }, "geometry": { "type": "Point", "coordinates": [ 76.8121053, 30.7183542 ] } },
{ "type": "Feature", "properties": { "name": "Shiv fast food", "primary_type": "Food and Drinks", "sector_name": "26E", "secondary_type": "fast_food_restaurant" }, "geometry": { "type": "Point", "coordinates": [ 76.8157715, 30.7191863 ] } },
{ "type": "Feature", "properties": { "name": "GULSHAN DRY FRUIT CORNER", "primary_type": "Essential Services", "sector_name": "26E", "secondary_type": "grocery_store" }, "geometry": { "type": "Point", "coordinates": [ 76.8115746, 30.7222672 ] } },
{ "type": "Feature", "properties": { "name": "RAJESH KARYANA STORE", "primary_type": "Essential Services", "sector_name": "26E", "secondary_type": "grocery_store" }, "geometry": { "type": "Point", "coordinates": [ 76.8161155, 30.7192363 ] } },
{ "type": "Feature", "properties": { "name": "chd police phy", "primary_type": "Essential Services", "sector_name": "26E", "secondary_type": "doctor" }, "geometry": { "type": "Point", "coordinates": [ 76.8119055, 30.7229393 ] } },
{ "type": "Feature", "properties": { "name": "FAST FOOD CORNER", "primary_type": "Food and Drinks", "sector_name": "26E", "secondary_type": "fast_food_restaurant" }, "geometry": { "type": "Point", "coordinates": [ 76.816201, 30.718787 ] } },
{ "type": "Feature", "properties": { "name": "SWAYAM ( Self Defence) Academy", "primary_type": "Sports", "sector_name": "26E", "secondary_type": "gym" }, "geometry": { "type": "Point", "coordinates": [ 76.8137499, 30.7239853 ] } },
{ "type": "Feature", "properties": { "name": "SUBSIDIARY BHANDAR POLICE LINE SEC 26", "primary_type": "Shopping", "sector_name": "26E", "secondary_type": "shopping_mall" }, "geometry": { "type": "Point", "coordinates": [ 76.8126255, 30.723205 ] } },
{ "type": "Feature", "properties": { "name": "Police hospital", "primary_type": "Essential Services", "sector_name": "26E", "secondary_type": "hospital" }, "geometry": { "type": "Point", "coordinates": [ 76.8124134, 30.7233448 ] } },
{ "type": "Feature", "properties": { "name": "Cricket Ground", "primary_type": "Sports", "sector_name": "26E", "secondary_type": "playground" }, "geometry": { "type": "Point", "coordinates": [ 76.8124259, 30.7258944 ] } },
{ "type": "Feature", "properties": { "name": "Bank of Baroda Service Branch Chandigarh", "primary_type": "Essential Services", "sector_name": "26E", "secondary_type": "bank" }, "geometry": { "type": "Point", "coordinates": [ 76.810686, 30.722658 ] } },
{ "type": "Feature", "properties": { "name": "Assam Tea House ATCO Tea Babey Di Hatti", "primary_type": "Shopping", "sector_name": "26E", "secondary_type": "wholesaler" }, "geometry": { "type": "Point", "coordinates": [ 76.8106348, 30.7226577 ] } },
{ "type": "Feature", "properties": { "name": "CHILDREN'S PARK", "primary_type": "Tourism", "sector_name": "26E", "secondary_type": "park" }, "geometry": { "type": "Point", "coordinates": [ 76.816374, 30.7232048 ] } },
{ "type": "Feature", "properties": { "name": "Delhi walon ki mashoor dukan", "primary_type": "Essential Services", "sector_name": "26E", "secondary_type": "grocery_store" }, "geometry": { "type": "Point", "coordinates": [ 76.8104976, 30.7228548 ] } },
{ "type": "Feature", "properties": { "name": "ASHIRWAD PROVISION STORE", "primary_type": "Essential Services", "sector_name": "26E", "secondary_type": "grocery_store" }, "geometry": { "type": "Point", "coordinates": [ 76.8108405, 30.7222983 ] } },
{ "type": "Feature", "properties": { "name": "Tara Chand Sunil Kumar", "primary_type": "Shopping", "sector_name": "26E", "secondary_type": "clothing_store" }, "geometry": { "type": "Point", "coordinates": [ 76.810379, 30.7229389 ] } },
{ "type": "Feature", "properties": { "name": "Health Care Centre", "primary_type": "Essential Services", "sector_name": "26E", "secondary_type": "doctor" }, "geometry": { "type": "Point", "coordinates": [ 76.8167249, 30.7168155 ] } },
{ "type": "Feature", "properties": { "name": "Noorani Dhaba", "primary_type": "Food and Drinks", "sector_name": "26E", "secondary_type": "indian_restaurant" }, "geometry": { "type": "Point", "coordinates": [ 76.8168572, 30.7169125 ] } },
{ "type": "Feature", "properties": { "name": "Ace sports", "primary_type": "Shopping", "sector_name": "26E", "secondary_type": "clothing_store" }, "geometry": { "type": "Point", "coordinates": [ 76.8165981, 30.7165225 ] } },
{ "type": "Feature", "properties": { "name": "Rozy Dress Line Fancy Tailors", "primary_type": "Shopping", "sector_name": "26E", "secondary_type": "clothing_store" }, "geometry": { "type": "Point", "coordinates": [ 76.8164454, 30.7171325 ] } },
{ "type": "Feature", "properties": { "name": "Bhasin medicos", "primary_type": "Essential Services", "sector_name": "26E", "secondary_type": "pharmacy" }, "geometry": { "type": "Point", "coordinates": [ 76.8171895, 30.7171297 ] } },
{ "type": "Feature", "properties": { "name": "Janta Di Hatti", "primary_type": "Essential Services", "sector_name": "26E", "secondary_type": "food_store" }, "geometry": { "type": "Point", "coordinates": [ 76.816268, 30.7172857 ] } },
{ "type": "Feature", "properties": { "name": "Nishu Medicare", "primary_type": "Essential Services", "sector_name": "26E", "secondary_type": "pharmacy" }, "geometry": { "type": "Point", "coordinates": [ 76.8170907, 30.7173249 ] } },
{ "type": "Feature", "properties": { "name": "Taj Dhaba", "primary_type": "Food and Drinks", "sector_name": "26E", "secondary_type": "indian_restaurant" }, "geometry": { "type": "Point", "coordinates": [ 76.8167982, 30.7174541 ] } },
{ "type": "Feature", "properties": { "name": "FUNKY POINT COLLECTION", "primary_type": "Shopping", "sector_name": "26E", "secondary_type": "clothing_store" }, "geometry": { "type": "Point", "coordinates": [ 76.8172089, 30.7174664 ] } },
{ "type": "Feature", "properties": { "name": "SIMLA MANDI", "primary_type": "Food and Drinks", "sector_name": "26E", "secondary_type": "restaurant" }, "geometry": { "type": "Point", "coordinates": [ 76.8165928, 30.7158083 ] } },
{ "type": "Feature", "properties": { "name": "Writer", "primary_type": "Essential Services", "sector_name": "26E", "secondary_type": "doctor" }, "geometry": { "type": "Point", "coordinates": [ 76.817534, 30.716041 ] } },
{ "type": "Feature", "properties": { "name": "Pakizah dhaba", "primary_type": "Food and Drinks", "sector_name": "26E", "secondary_type": "indian_restaurant" }, "geometry": { "type": "Point", "coordinates": [ 76.8163469, 30.7179012 ] } },
{ "type": "Feature", "properties": { "name": "Adil Ali", "primary_type": "Food and Drinks", "sector_name": "26E", "secondary_type": "fast_food_restaurant" }, "geometry": { "type": "Point", "coordinates": [ 76.8168944, 30.7179807 ] } },
{ "type": "Feature", "properties": { "name": "Sabji", "primary_type": "Food and Drinks", "sector_name": "26E", "secondary_type": "indonesian_restaurant" }, "geometry": { "type": "Point", "coordinates": [ 76.8178883, 30.7178711 ] } },
{ "type": "Feature", "properties": { "name": "PRINT OUT AND PHOTO STATE", "primary_type": "Shopping", "sector_name": "26E", "secondary_type": "department_store" }, "geometry": { "type": "Point", "coordinates": [ 76.8165936, 30.7183966 ] } },
{ "type": "Feature", "properties": { "name": "Ashu Designer Boutique", "primary_type": "Shopping", "sector_name": "26E", "secondary_type": "clothing_store" }, "geometry": { "type": "Point", "coordinates": [ 76.8172121, 30.7183373 ] } },
{ "type": "Feature", "properties": { "name": "Goods Carrier Market", "primary_type": "Shopping", "sector_name": "26E", "secondary_type": "market" }, "geometry": { "type": "Point", "coordinates": [ 76.8147903, 30.7166814 ] } },
{ "type": "Feature", "properties": { "name": "Rakesh Medicos", "primary_type": "Essential Services", "sector_name": "26E", "secondary_type": "pharmacy" }, "geometry": { "type": "Point", "coordinates": [ 76.817646, 30.7183192 ] } },
{ "type": "Feature", "properties": { "name": "GAZAL medical Store", "primary_type": "Essential Services", "sector_name": "26E", "secondary_type": "pharmacy" }, "geometry": { "type": "Point", "coordinates": [ 76.8177951, 30.7185211 ] } },
{ "type": "Feature", "properties": { "name": "Gehlot Grocery", "primary_type": "Essential Services", "sector_name": "26E", "secondary_type": "grocery_store" }, "geometry": { "type": "Point", "coordinates": [ 76.8178903, 30.7205154 ] } },
{ "type": "Feature", "properties": { "name": "Clothes Business", "primary_type": "Shopping", "sector_name": "26E", "secondary_type": "clothing_store" }, "geometry": { "type": "Point", "coordinates": [ 76.816608, 30.719213 ] } },
{ "type": "Feature", "properties": { "name": "Trafic police van", "primary_type": "Food and Drinks", "sector_name": "26E", "secondary_type": "bar" }, "geometry": { "type": "Point", "coordinates": [ 76.8178669, 30.7194625 ] } },
{ "type": "Feature", "properties": { "name": "Radha collection", "primary_type": "Shopping", "sector_name": "26E", "secondary_type": "clothing_store" }, "geometry": { "type": "Point", "coordinates": [ 76.8168068, 30.7188404 ] } },
{ "type": "Feature", "properties": { "name": "Chhabra Clinic", "primary_type": "Essential Services", "sector_name": "26E", "secondary_type": "doctor" }, "geometry": { "type": "Point", "coordinates": [ 76.8175904, 30.7189266 ] } },
{ "type": "Feature", "properties": { "name": "Nikku Bakery and Confectionery", "primary_type": "Essential Services", "sector_name": "26E", "secondary_type": "grocery_store" }, "geometry": { "type": "Point", "coordinates": [ 76.8174329, 30.7188455 ] } },
{ "type": "Feature", "properties": { "name": "SHARMA DENTAL CLINIC", "primary_type": "Essential Services", "sector_name": "26E", "secondary_type": "dentist" }, "geometry": { "type": "Point", "coordinates": [ 76.8176664, 30.7189408 ] } },
{ "type": "Feature", "properties": { "name": "Vishal medicos bapu dham", "primary_type": "Essential Services", "sector_name": "26E", "secondary_type": "pharmacy" }, "geometry": { "type": "Point", "coordinates": [ 76.817878, 30.7189026 ] } },
{ "type": "Feature", "properties": { "name": "VAID MEDICOS", "primary_type": "Essential Services", "sector_name": "26E", "secondary_type": "pharmacy" }, "geometry": { "type": "Point", "coordinates": [ 76.8178101, 30.7187796 ] } },
{ "type": "Feature", "properties": { "name": "Police Line Park", "primary_type": "Tourism", "sector_name": "26E", "secondary_type": "park" }, "geometry": { "type": "Point", "coordinates": [ 76.8164404, 30.7225341 ] } },
{ "type": "Feature", "properties": { "name": "Mosam Boutique", "primary_type": "Shopping", "sector_name": "26E", "secondary_type": "clothing_store" }, "geometry": { "type": "Point", "coordinates": [ 76.8169627, 30.7221859 ] } },
{ "type": "Feature", "properties": { "name": "Melbourne Park", "primary_type": "Tourism", "sector_name": "28", "secondary_type": "park" }, "geometry": { "type": "Point", "coordinates": [ 76.7979258, 30.7152072 ] } },
{ "type": "Feature", "properties": { "name": "United Sportswear Shop", "primary_type": "Shopping", "sector_name": "28", "secondary_type": "clothing_store" }, "geometry": { "type": "Point", "coordinates": [ 76.8017143, 30.7150522 ] } },
{ "type": "Feature", "properties": { "name": "Football Park", "primary_type": "Tourism", "sector_name": "28", "secondary_type": "park" }, "geometry": { "type": "Point", "coordinates": [ 76.7991851, 30.7159673 ] } },
{ "type": "Feature", "properties": { "name": "Park 23", "primary_type": "Tourism", "sector_name": "29", "secondary_type": "park" }, "geometry": { "type": "Point", "coordinates": [ 76.7987583, 30.7120471 ] } },
{ "type": "Feature", "properties": { "name": "Power Station Ground And Green Belt", "primary_type": "Tourism", "sector_name": "28", "secondary_type": "park" }, "geometry": { "type": "Point", "coordinates": [ 76.7988058, 30.7162889 ] } },
{ "type": "Feature", "properties": { "name": "Walker's Park", "primary_type": "Tourism", "sector_name": "28", "secondary_type": "park" }, "geometry": { "type": "Point", "coordinates": [ 76.8004597, 30.7167058 ] } },
{ "type": "Feature", "properties": { "name": "Post Box 160002", "primary_type": "Essential Services", "sector_name": "28", "secondary_type": "post_office" }, "geometry": { "type": "Point", "coordinates": [ 76.7985042, 30.7164954 ] } },
{ "type": "Feature", "properties": { "name": "DR. SHRADHA THAKKAR", "primary_type": "Essential Services", "sector_name": "28", "secondary_type": "doctor" }, "geometry": { "type": "Point", "coordinates": [ 76.7993263, 30.7168063 ] } },
{ "type": "Feature", "properties": { "name": "Sharma Dr Lt Col Raj Kumar", "primary_type": "Essential Services", "sector_name": "28", "secondary_type": "doctor" }, "geometry": { "type": "Point", "coordinates": [ 76.8001538, 30.718278 ] } },
{ "type": "Feature", "properties": { "name": "Walker's Park 2", "primary_type": "Tourism", "sector_name": "28", "secondary_type": "park" }, "geometry": { "type": "Point", "coordinates": [ 76.8015413, 30.7173464 ] } },
{ "type": "Feature", "properties": { "name": "Relaxing Park", "primary_type": "Tourism", "sector_name": "28", "secondary_type": "park" }, "geometry": { "type": "Point", "coordinates": [ 76.8010005, 30.7183491 ] } },
{ "type": "Feature", "properties": { "name": "Neptune Arts 18", "primary_type": "Shopping", "sector_name": "28", "secondary_type": "store" }, "geometry": { "type": "Point", "coordinates": [ 76.7979482, 30.7168935 ] } },
{ "type": "Feature", "properties": { "name": "Dr Abha Sharma", "primary_type": "Essential Services", "sector_name": "28", "secondary_type": "doctor" }, "geometry": { "type": "Point", "coordinates": [ 76.798006, 30.716647 ] } },
{ "type": "Feature", "properties": { "name": "SKC Studio", "primary_type": "Shopping", "sector_name": "28", "secondary_type": "clothing_store" }, "geometry": { "type": "Point", "coordinates": [ 76.801383, 30.7183786 ] } },
{ "type": "Feature", "properties": { "name": "Happy Traditional food eating place", "primary_type": "Food and Drinks", "sector_name": "28", "secondary_type": "vegetarian_restaurant" }, "geometry": { "type": "Point", "coordinates": [ 76.8044378, 30.7150313 ] } },
{ "type": "Feature", "properties": { "name": "Punjab National Bank Atm", "primary_type": "Essential Services", "sector_name": "28", "secondary_type": "bank" }, "geometry": { "type": "Point", "coordinates": [ 76.8059083, 30.7153292 ] } },
{ "type": "Feature", "properties": { "name": "Deluxe Dhaba", "primary_type": "Food and Drinks", "sector_name": "28", "secondary_type": "indian_restaurant" }, "geometry": { "type": "Point", "coordinates": [ 76.8049339, 30.7160475 ] } },
{ "type": "Feature", "properties": { "name": "SAHNI MEDICOS MEDICAL STORE", "primary_type": "Essential Services", "sector_name": "28", "secondary_type": "pharmacy" }, "geometry": { "type": "Point", "coordinates": [ 76.8041578, 30.7164026 ] } },
{ "type": "Feature", "properties": { "name": "Domino's Pizza | Sector 28, Chandigarh", "primary_type": "Food and Drinks", "sector_name": "28", "secondary_type": "pizza_restaurant" }, "geometry": { "type": "Point", "coordinates": [ 76.8041686, 30.7164026 ] } },
{ "type": "Feature", "properties": { "name": "Defence General Store", "primary_type": "Essential Services", "sector_name": "28", "secondary_type": "food_store" }, "geometry": { "type": "Point", "coordinates": [ 76.8041403, 30.7164052 ] } },
{ "type": "Feature", "properties": { "name": "Suddam enterprises", "primary_type": "Shopping", "sector_name": "28", "secondary_type": "department_store" }, "geometry": { "type": "Point", "coordinates": [ 76.8041407, 30.7164054 ] } },
{ "type": "Feature", "properties": { "name": "JnJ's", "primary_type": "Food and Drinks", "sector_name": "28", "secondary_type": "restaurant" }, "geometry": { "type": "Point", "coordinates": [ 76.804024, 30.7171783 ] } },
{ "type": "Feature", "properties": { "name": "NOISY ROCK", "primary_type": "Shopping", "sector_name": "28", "secondary_type": "clothing_store" }, "geometry": { "type": "Point", "coordinates": [ 76.8037298, 30.7169488 ] } },
{ "type": "Feature", "properties": { "name": "Jasbir Singh Khalsa", "primary_type": "Shopping", "sector_name": "28", "secondary_type": "clothing_store" }, "geometry": { "type": "Point", "coordinates": [ 76.8040855, 30.7169021 ] } },
{ "type": "Feature", "properties": { "name": "Sunny side up", "primary_type": "Food and Drinks", "sector_name": "28", "secondary_type": "bar" }, "geometry": { "type": "Point", "coordinates": [ 76.8035087, 30.7172888 ] } },
{ "type": "Feature", "properties": { "name": "Religious", "primary_type": "Shopping", "sector_name": "28", "secondary_type": "book_store" }, "geometry": { "type": "Point", "coordinates": [ 76.8035087, 30.7172888 ] } },
{ "type": "Feature", "properties": { "name": "Wastram", "primary_type": "Shopping", "sector_name": "28", "secondary_type": "clothing_store" }, "geometry": { "type": "Point", "coordinates": [ 76.8035087, 30.7172888 ] } },
{ "type": "Feature", "properties": { "name": "Bhatia Store", "primary_type": "Essential Services", "sector_name": "28", "secondary_type": "grocery_store" }, "geometry": { "type": "Point", "coordinates": [ 76.8040611, 30.7165475 ] } },
{ "type": "Feature", "properties": { "name": "Puri Store", "primary_type": "Essential Services", "sector_name": "28", "secondary_type": "grocery_store" }, "geometry": { "type": "Point", "coordinates": [ 76.8040829, 30.716507 ] } },
{ "type": "Feature", "properties": { "name": "Classic Taxi Service", "primary_type": "Public Transport", "sector_name": "28", "secondary_type": "taxi_stand" }, "geometry": { "type": "Point", "coordinates": [ 76.804477, 30.7167 ] } },
{ "type": "Feature", "properties": { "name": "Hakeem Shaheed Men Power Medicose", "primary_type": "Essential Services", "sector_name": "28", "secondary_type": "pharmacy" }, "geometry": { "type": "Point", "coordinates": [ 76.803037, 30.71747 ] } },
{ "type": "Feature", "properties": { "name": "The Foodies Hub by Nandu", "primary_type": "Food and Drinks", "sector_name": "28", "secondary_type": "fast_food_restaurant" }, "geometry": { "type": "Point", "coordinates": [ 76.8045937, 30.7164674 ] } },
{ "type": "Feature", "properties": { "name": "Saini's Food Corner", "primary_type": "Food and Drinks", "sector_name": "28", "secondary_type": "fast_food_restaurant" }, "geometry": { "type": "Point", "coordinates": [ 76.8029369, 30.7174481 ] } },
{ "type": "Feature", "properties": { "name": "Kotak Mahindra ATM", "primary_type": "Essential Services", "sector_name": "28", "secondary_type": "atm" }, "geometry": { "type": "Point", "coordinates": [ 76.802855, 30.7175742 ] } },
{ "type": "Feature", "properties": { "name": "Grover Cloth House", "primary_type": "Shopping", "sector_name": "28", "secondary_type": "clothing_store" }, "geometry": { "type": "Point", "coordinates": [ 76.8049, 30.716552 ] } },
{ "type": "Feature", "properties": { "name": "Rajeev Dr Singla", "primary_type": "Essential Services", "sector_name": "28", "secondary_type": "doctor" }, "geometry": { "type": "Point", "coordinates": [ 76.8043697, 30.7181344 ] } },
{ "type": "Feature", "properties": { "name": "Walking park", "primary_type": "Tourism", "sector_name": "28", "secondary_type": "park" }, "geometry": { "type": "Point", "coordinates": [ 76.8047959, 30.7206376 ] } },
{ "type": "Feature", "properties": { "name": "Chandigarh organic mandi sec 28A", "primary_type": "Essential Services", "sector_name": "28", "secondary_type": "grocery_store" }, "geometry": { "type": "Point", "coordinates": [ 76.8051084, 30.7198126 ] } },
{ "type": "Feature", "properties": { "name": "Tricity Smiles Dentistry", "primary_type": "Essential Services", "sector_name": "28", "secondary_type": "dentist" }, "geometry": { "type": "Point", "coordinates": [ 76.8048309, 30.7215599 ] } },
{ "type": "Feature", "properties": { "name": "Ayurvedic Care Centre", "primary_type": "Essential Services", "sector_name": "28", "secondary_type": "doctor" }, "geometry": { "type": "Point", "coordinates": [ 76.8021452, 30.7195038 ] } },
{ "type": "Feature", "properties": { "name": "Mohd zahid", "primary_type": "Shopping", "sector_name": "28", "secondary_type": "market" }, "geometry": { "type": "Point", "coordinates": [ 76.801982, 30.7198282 ] } },
{ "type": "Feature", "properties": { "name": "Singla Dental Clinic", "primary_type": "Essential Services", "sector_name": "28", "secondary_type": "doctor" }, "geometry": { "type": "Point", "coordinates": [ 76.8026021, 30.718977 ] } },
{ "type": "Feature", "properties": { "name": "S.K MEDICOS chemist & druggist", "primary_type": "Essential Services", "sector_name": "28", "secondary_type": "pharmacy" }, "geometry": { "type": "Point", "coordinates": [ 76.8017771, 30.719338 ] } },
{ "type": "Feature", "properties": { "name": "AG Nursing Home", "primary_type": "Essential Services", "sector_name": "28", "secondary_type": "doctor" }, "geometry": { "type": "Point", "coordinates": [ 76.8029261, 30.7183841 ] } },
{ "type": "Feature", "properties": { "name": "Royal Cue Club Pool & Snooker", "primary_type": "Sports", "sector_name": "28", "secondary_type": "sports_complex" }, "geometry": { "type": "Point", "coordinates": [ 76.8015909, 30.7195711 ] } },
{ "type": "Feature", "properties": { "name": "Roll Xpress", "primary_type": "Food and Drinks", "sector_name": "28", "secondary_type": "restaurant" }, "geometry": { "type": "Point", "coordinates": [ 76.8015736, 30.7195899 ] } },
{ "type": "Feature", "properties": { "name": "Old Pal Dhaba", "primary_type": "Food and Drinks", "sector_name": "28", "secondary_type": "indian_restaurant" }, "geometry": { "type": "Point", "coordinates": [ 76.80158, 30.7194815 ] } },
{ "type": "Feature", "properties": { "name": "Park - 26", "primary_type": "Tourism", "sector_name": "28", "secondary_type": "park" }, "geometry": { "type": "Point", "coordinates": [ 76.8054038, 30.7184101 ] } },
{ "type": "Feature", "properties": { "name": "Park - 16", "primary_type": "Tourism", "sector_name": "28", "secondary_type": "park" }, "geometry": { "type": "Point", "coordinates": [ 76.8027685, 30.7181988 ] } },
{ "type": "Feature", "properties": { "name": "Ramleela Ground Sector 28", "primary_type": "Sports", "sector_name": "28", "secondary_type": "playground" }, "geometry": { "type": "Point", "coordinates": [ 76.8081377, 30.7173365 ] } },
{ "type": "Feature", "properties": { "name": "Chandigarh sachin house", "primary_type": "Tourism", "sector_name": "28", "secondary_type": "park" }, "geometry": { "type": "Point", "coordinates": [ 76.8083764, 30.7167554 ] } },
{ "type": "Feature", "properties": { "name": "Park 27", "primary_type": "Tourism", "sector_name": "28", "secondary_type": "park" }, "geometry": { "type": "Point", "coordinates": [ 76.8077524, 30.7176463 ] } },
{ "type": "Feature", "properties": { "name": "Park - 25", "primary_type": "Tourism", "sector_name": "28", "secondary_type": "park" }, "geometry": { "type": "Point", "coordinates": [ 76.808832, 30.7173543 ] } },
{ "type": "Feature", "properties": { "name": "Park 28", "primary_type": "Tourism", "sector_name": "28", "secondary_type": "park" }, "geometry": { "type": "Point", "coordinates": [ 76.8068163, 30.7165778 ] } },
{ "type": "Feature", "properties": { "name": "Park - 22", "primary_type": "Tourism", "sector_name": "28", "secondary_type": "park" }, "geometry": { "type": "Point", "coordinates": [ 76.809475, 30.7177768 ] } },
{ "type": "Feature", "properties": { "name": "Park - 19", "primary_type": "Tourism", "sector_name": "28", "secondary_type": "park" }, "geometry": { "type": "Point", "coordinates": [ 76.8078308, 30.7199997 ] } },
{ "type": "Feature", "properties": { "name": "Agarwal Agencies", "primary_type": "Essential Services", "sector_name": "26E", "secondary_type": "grocery_store" }, "geometry": { "type": "Point", "coordinates": [ 76.8091167, 30.7221407 ] } },
{ "type": "Feature", "properties": { "name": "Indian Overseas Bank", "primary_type": "Essential Services", "sector_name": "28", "secondary_type": "bank" }, "geometry": { "type": "Point", "coordinates": [ 76.8070701, 30.722108 ] } },
{ "type": "Feature", "properties": { "name": "Park No. 28", "primary_type": "Tourism", "sector_name": "Manimajra", "secondary_type": "park" }, "geometry": { "type": "Point", "coordinates": [ 76.8307054, 30.7141646 ] } },
{ "type": "Feature", "properties": { "name": "MH park", "primary_type": "Tourism", "sector_name": "Manimajra", "secondary_type": "park" }, "geometry": { "type": "Point", "coordinates": [ 76.829878, 30.71338 ] } },
{ "type": "Feature", "properties": { "name": "Tee-Cart", "primary_type": "Shopping", "sector_name": "Manimajra", "secondary_type": "clothing_store" }, "geometry": { "type": "Point", "coordinates": [ 76.8320494, 30.7134867 ] } },
{ "type": "Feature", "properties": { "name": "AVON Csmetics Dealer Chandigarh,Panchkula,Mohali,Punjab", "primary_type": "Shopping", "sector_name": "Manimajra", "secondary_type": "shopping_mall" }, "geometry": { "type": "Point", "coordinates": [ 76.8320492, 30.7134786 ] } },
{ "type": "Feature", "properties": { "name": "Sundrop Park", "primary_type": "Tourism", "sector_name": "Manimajra", "secondary_type": "park" }, "geometry": { "type": "Point", "coordinates": [ 76.8323738, 30.714171 ] } },
{ "type": "Feature", "properties": { "name": "Pattlun", "primary_type": "Shopping", "sector_name": "Manimajra", "secondary_type": "clothing_store" }, "geometry": { "type": "Point", "coordinates": [ 76.8306407, 30.7119716 ] } },
{ "type": "Feature", "properties": { "name": "DR.(MRS.) SUMAN JAGOTA", "primary_type": "Essential Services", "sector_name": "Manimajra", "secondary_type": "doctor" }, "geometry": { "type": "Point", "coordinates": [ 76.8289919, 30.7130661 ] } },
{ "type": "Feature", "properties": { "name": "DR PK JAGOTA, M.S. CONSULTANT SURGEON CSIO~CSIR; CGHS MES, CHANDIGARH", "primary_type": "Essential Services", "sector_name": "Manimajra", "secondary_type": "doctor" }, "geometry": { "type": "Point", "coordinates": [ 76.8289134, 30.7130293 ] } },
{ "type": "Feature", "properties": { "name": "Park no 29", "primary_type": "Tourism", "sector_name": "Manimajra", "secondary_type": "park" }, "geometry": { "type": "Point", "coordinates": [ 76.8298552, 30.7150669 ] } },
{ "type": "Feature", "properties": { "name": "Hangouts", "primary_type": "Food and Drinks", "sector_name": "Manimajra", "secondary_type": "bar" }, "geometry": { "type": "Point", "coordinates": [ 76.8307611, 30.7153555 ] } },
{ "type": "Feature", "properties": { "name": "MHC Central Park", "primary_type": "Tourism", "sector_name": "Manimajra", "secondary_type": "park" }, "geometry": { "type": "Point", "coordinates": [ 76.8280379, 30.7137212 ] } },
{ "type": "Feature", "properties": { "name": "Immunization Centre, Modern Housing Complex", "primary_type": "Essential Services", "sector_name": "Manimajra", "secondary_type": "hospital" }, "geometry": { "type": "Point", "coordinates": [ 76.8329785, 30.7131752 ] } },
{ "type": "Feature", "properties": { "name": "Dr. Monica Agarwal(Dr. Monica Agarwal Clinic)", "primary_type": "Essential Services", "sector_name": "Manimajra", "secondary_type": "doctor" }, "geometry": { "type": "Point", "coordinates": [ 76.82937, 30.715024 ] } },
{ "type": "Feature", "properties": { "name": "Dr. Monica Gynae, Utsav gynae clinic", "primary_type": "Essential Services", "sector_name": "Manimajra", "secondary_type": "doctor" }, "geometry": { "type": "Point", "coordinates": [ 76.82937, 30.715024 ] } },
{ "type": "Feature", "properties": { "name": "Jindal Fashion Shopee", "primary_type": "Shopping", "sector_name": "Manimajra", "secondary_type": "clothing_store" }, "geometry": { "type": "Point", "coordinates": [ 76.8306913, 30.7196651 ] } },
{ "type": "Feature", "properties": { "name": "Priya Departmental Store", "primary_type": "Essential Services", "sector_name": "Manimajra", "secondary_type": "grocery_store" }, "geometry": { "type": "Point", "coordinates": [ 76.8308174, 30.7198588 ] } },
{ "type": "Feature", "properties": { "name": "Brand Yuva", "primary_type": "Shopping", "sector_name": "Manimajra", "secondary_type": "clothing_store" }, "geometry": { "type": "Point", "coordinates": [ 76.8307849, 30.7198764 ] } },
{ "type": "Feature", "properties": { "name": "Dr. Arya's Clinic", "primary_type": "Essential Services", "sector_name": "Manimajra", "secondary_type": "doctor" }, "geometry": { "type": "Point", "coordinates": [ 76.830998, 30.719707 ] } },
{ "type": "Feature", "properties": { "name": "Indiano Pizza", "primary_type": "Food and Drinks", "sector_name": "Manimajra", "secondary_type": "pizza_restaurant" }, "geometry": { "type": "Point", "coordinates": [ 76.8308696, 30.7198774 ] } },
{ "type": "Feature", "properties": { "name": "Walia Medicos", "primary_type": "Essential Services", "sector_name": "Manimajra", "secondary_type": "drugstore" }, "geometry": { "type": "Point", "coordinates": [ 76.830626, 30.719778 ] } },
{ "type": "Feature", "properties": { "name": "TEA TIME", "primary_type": "Food and Drinks", "sector_name": "Manimajra", "secondary_type": "cafe" }, "geometry": { "type": "Point", "coordinates": [ 76.830555, 30.7196193 ] } },
{ "type": "Feature", "properties": { "name": "SACHIN FAST FOOD", "primary_type": "Food and Drinks", "sector_name": "Manimajra", "secondary_type": "restaurant" }, "geometry": { "type": "Point", "coordinates": [ 76.8304602, 30.7195124 ] } },
{ "type": "Feature", "properties": { "name": "Gopal Medicos", "primary_type": "Essential Services", "sector_name": "Manimajra", "secondary_type": "pharmacy" }, "geometry": { "type": "Point", "coordinates": [ 76.8304642, 30.7194955 ] } },
{ "type": "Feature", "properties": { "name": "Somya Dental Clinic & Implant Center", "primary_type": "Essential Services", "sector_name": "Manimajra", "secondary_type": "dentist" }, "geometry": { "type": "Point", "coordinates": [ 76.8302937, 30.7195916 ] } },
{ "type": "Feature", "properties": { "name": "The Big-B Restaurant", "primary_type": "Food and Drinks", "sector_name": "Manimajra", "secondary_type": "indian_restaurant" }, "geometry": { "type": "Point", "coordinates": [ 76.8302937, 30.7195916 ] } },
{ "type": "Feature", "properties": { "name": "M.S.NARGIS TAILORS", "primary_type": "Shopping", "sector_name": "Manimajra", "secondary_type": "clothing_store" }, "geometry": { "type": "Point", "coordinates": [ 76.831366, 30.7197524 ] } },
{ "type": "Feature", "properties": { "name": "AP Book Centre", "primary_type": "Shopping", "sector_name": "Manimajra", "secondary_type": "book_store" }, "geometry": { "type": "Point", "coordinates": [ 76.8313673, 30.7199293 ] } },
{ "type": "Feature", "properties": { "name": "Splash's", "primary_type": "Shopping", "sector_name": "Manimajra", "secondary_type": "clothing_store" }, "geometry": { "type": "Point", "coordinates": [ 76.8314556, 30.7197621 ] } },
{ "type": "Feature", "properties": { "name": "RADHIKA BOUTIQUE", "primary_type": "Shopping", "sector_name": "Manimajra", "secondary_type": "clothing_store" }, "geometry": { "type": "Point", "coordinates": [ 76.8302076, 30.7194973 ] } },
{ "type": "Feature", "properties": { "name": "Goyal Departmental Store", "primary_type": "Essential Services", "sector_name": "Manimajra", "secondary_type": "supermarket" }, "geometry": { "type": "Point", "coordinates": [ 76.8301837, 30.719527 ] } },
{ "type": "Feature", "properties": { "name": "M.S provision store", "primary_type": "Essential Services", "sector_name": "Manimajra", "secondary_type": "grocery_store" }, "geometry": { "type": "Point", "coordinates": [ 76.8314579, 30.7199501 ] } },
{ "type": "Feature", "properties": { "name": "CANARA BANK - MSME SULABH", "primary_type": "Essential Services", "sector_name": "Manimajra", "secondary_type": "bank" }, "geometry": { "type": "Point", "coordinates": [ 76.8370308, 30.7073528 ] } },
{ "type": "Feature", "properties": { "name": "Downtown Restaurant", "primary_type": "Food and Drinks", "sector_name": "Manimajra", "secondary_type": "restaurant" }, "geometry": { "type": "Point", "coordinates": [ 76.8370807, 30.7074906 ] } },
{ "type": "Feature", "properties": { "name": "CANARA BANK - NAC MANIMAJRA", "primary_type": "Essential Services", "sector_name": "Manimajra", "secondary_type": "bank" }, "geometry": { "type": "Point", "coordinates": [ 76.8367659, 30.7076422 ] } },
{ "type": "Feature", "properties": { "name": "Healthy Chest And Sleep Clinic", "primary_type": "Essential Services", "sector_name": "Manimajra", "secondary_type": "doctor" }, "geometry": { "type": "Point", "coordinates": [ 76.8363903, 30.7072665 ] } },
{ "type": "Feature", "properties": { "name": "Dr Rohit Bansal- Skin specialist in Chandigarh, Laser Hair Removal, Tattoo Remmoval, Anti Aging Treatment,", "primary_type": "Shopping", "sector_name": "Manimajra", "secondary_type": "beauty_salon" }, "geometry": { "type": "Point", "coordinates": [ 76.8362884, 30.7072677 ] } },
{ "type": "Feature", "properties": { "name": "Asha Child Care & Development Centre", "primary_type": "Essential Services", "sector_name": "Manimajra", "secondary_type": "hospital" }, "geometry": { "type": "Point", "coordinates": [ 76.8362679, 30.7072762 ] } },
{ "type": "Feature", "properties": { "name": "RAVI CHOLE KULCHA", "primary_type": "Food and Drinks", "sector_name": "Manimajra", "secondary_type": "restaurant" }, "geometry": { "type": "Point", "coordinates": [ 76.8361869, 30.7073834 ] } },
{ "type": "Feature", "properties": { "name": "Mirchia's Diagnostic", "primary_type": "Essential Services", "sector_name": "Manimajra", "secondary_type": "doctor" }, "geometry": { "type": "Point", "coordinates": [ 76.8359509, 30.7072066 ] } },
{ "type": "Feature", "properties": { "name": "Drinkyard", "primary_type": "Food and Drinks", "sector_name": "Manimajra", "secondary_type": "bar" }, "geometry": { "type": "Point", "coordinates": [ 76.8358879, 30.7071515 ] } },
{ "type": "Feature", "properties": { "name": "Federal Bank - Regional Office", "primary_type": "Essential Services", "sector_name": "Manimajra", "secondary_type": "bank" }, "geometry": { "type": "Point", "coordinates": [ 76.8378485, 30.7077469 ] } },
{ "type": "Feature", "properties": { "name": "Sweet Truth NAC Chandigarh", "primary_type": "Food and Drinks", "sector_name": "Manimajra", "secondary_type": "dessert_restaurant" }, "geometry": { "type": "Point", "coordinates": [ 76.837887, 30.707737 ] } },
{ "type": "Feature", "properties": { "name": "Faasos NAC Chandigarh", "primary_type": "Food and Drinks", "sector_name": "Manimajra", "secondary_type": "restaurant" }, "geometry": { "type": "Point", "coordinates": [ 76.837887, 30.707737 ] } },
{ "type": "Feature", "properties": { "name": "Bhanoo Eye Hospital Chowk", "primary_type": "Essential Services", "sector_name": "Manimajra", "secondary_type": "hospital" }, "geometry": { "type": "Point", "coordinates": [ 76.8374385, 30.7081903 ] } },
{ "type": "Feature", "properties": { "name": "chandigarh peg station", "primary_type": "Food and Drinks", "sector_name": "Manimajra", "secondary_type": "bar" }, "geometry": { "type": "Point", "coordinates": [ 76.8357991, 30.7075769 ] } },
{ "type": "Feature", "properties": { "name": "Behrouz Biryani NAC Chandigarh", "primary_type": "Food and Drinks", "sector_name": "Manimajra", "secondary_type": "indian_restaurant" }, "geometry": { "type": "Point", "coordinates": [ 76.8379388, 30.7077302 ] } },
{ "type": "Feature", "properties": { "name": "Laparoscopy Lancers | Best Laparoscopic Surgeon in Tricity", "primary_type": "Essential Services", "sector_name": "Manimajra", "secondary_type": "doctor" }, "geometry": { "type": "Point", "coordinates": [ 76.8357717, 30.7071576 ] } },
{ "type": "Feature", "properties": { "name": "Dr. Ajay Frml chairman - Juneja Clinic Pvt Ltd", "primary_type": "Essential Services", "sector_name": "Manimajra", "secondary_type": "doctor" }, "geometry": { "type": "Point", "coordinates": [ 76.8379797, 30.7077192 ] } },
{ "type": "Feature", "properties": { "name": "Bhanoo Eye Hospital | Eye Specialist in Chandigarh", "primary_type": "Essential Services", "sector_name": "Manimajra", "secondary_type": "hospital" }, "geometry": { "type": "Point", "coordinates": [ 76.8357585, 30.7071606 ] } },
{ "type": "Feature", "properties": { "name": "Helmet Shopee - Manimajra", "primary_type": "Shopping", "sector_name": "Manimajra", "secondary_type": "clothing_store" }, "geometry": { "type": "Point", "coordinates": [ 76.8380288, 30.7078814 ] } },
{ "type": "Feature", "properties": { "name": "Narayan Rahul Fast Food", "primary_type": "Food and Drinks", "sector_name": "Manimajra", "secondary_type": "fast_food_restaurant" }, "geometry": { "type": "Point", "coordinates": [ 76.8372067, 30.7137851 ] } },
{ "type": "Feature", "properties": { "name": "Sanjay Tiwari", "primary_type": "Food and Drinks", "sector_name": "Manimajra", "secondary_type": "fast_food_restaurant" }, "geometry": { "type": "Point", "coordinates": [ 76.8376341, 30.7132092 ] } },
{ "type": "Feature", "properties": { "name": "KUMAR MEDICOS", "primary_type": "Essential Services", "sector_name": "Manimajra", "secondary_type": "pharmacy" }, "geometry": { "type": "Point", "coordinates": [ 76.8362027, 30.7140368 ] } },
{ "type": "Feature", "properties": { "name": "ITTAR HUB", "primary_type": "Shopping", "sector_name": "Manimajra", "secondary_type": "clothing_store" }, "geometry": { "type": "Point", "coordinates": [ 76.8361827, 30.7140211 ] } },
{ "type": "Feature", "properties": { "name": "Gupta Karyana Store", "primary_type": "Essential Services", "sector_name": "Manimajra", "secondary_type": "grocery_store" }, "geometry": { "type": "Point", "coordinates": [ 76.8363136, 30.7142099 ] } },
{ "type": "Feature", "properties": { "name": "Rj online store", "primary_type": "Essential Services", "sector_name": "Manimajra", "secondary_type": "grocery_store" }, "geometry": { "type": "Point", "coordinates": [ 76.838032, 30.7132478 ] } },
{ "type": "Feature", "properties": { "name": "Perfect Bodies Gym & Fitness Centre", "primary_type": "Sports", "sector_name": "Manimajra", "secondary_type": "gym" }, "geometry": { "type": "Point", "coordinates": [ 76.8357418, 30.71386 ] } },
{ "type": "Feature", "properties": { "name": "Anisha embroidery", "primary_type": "Shopping", "sector_name": "Manimajra", "secondary_type": "clothing_store" }, "geometry": { "type": "Point", "coordinates": [ 76.8379273, 30.7126077 ] } },
{ "type": "Feature", "properties": { "name": "BHARAT FASHION POINT", "primary_type": "Shopping", "sector_name": "Manimajra", "secondary_type": "clothing_store" }, "geometry": { "type": "Point", "coordinates": [ 76.8382169, 30.7143145 ] } },
{ "type": "Feature", "properties": { "name": "Giri Book Store", "primary_type": "Shopping", "sector_name": "Manimajra", "secondary_type": "book_store" }, "geometry": { "type": "Point", "coordinates": [ 76.8382321, 30.7143057 ] } },
{ "type": "Feature", "properties": { "name": "SHINE COLLECTION", "primary_type": "Shopping", "sector_name": "Manimajra", "secondary_type": "clothing_store" }, "geometry": { "type": "Point", "coordinates": [ 76.8374643, 30.7122305 ] } },
{ "type": "Feature", "properties": { "name": "Shanu Collection", "primary_type": "Shopping", "sector_name": "Manimajra", "secondary_type": "clothing_store" }, "geometry": { "type": "Point", "coordinates": [ 76.837135, 30.7121491 ] } },
{ "type": "Feature", "properties": { "name": "Pharmaceutical Wholesalers", "primary_type": "Essential Services", "sector_name": "Manimajra", "secondary_type": "pharmacy" }, "geometry": { "type": "Point", "coordinates": [ 76.835353, 30.713041 ] } },
{ "type": "Feature", "properties": { "name": "Shanti Medicos", "primary_type": "Essential Services", "sector_name": "Manimajra", "secondary_type": "drugstore" }, "geometry": { "type": "Point", "coordinates": [ 76.835353, 30.713041 ] } },
{ "type": "Feature", "properties": { "name": "Dulhan Boutique", "primary_type": "Shopping", "sector_name": "Manimajra", "secondary_type": "clothing_store" }, "geometry": { "type": "Point", "coordinates": [ 76.838351, 30.7128855 ] } },
{ "type": "Feature", "properties": { "name": "OFFashion Zone", "primary_type": "Shopping", "sector_name": "Manimajra", "secondary_type": "clothing_store" }, "geometry": { "type": "Point", "coordinates": [ 76.8379011, 30.7123906 ] } },
{ "type": "Feature", "properties": { "name": "Snack House", "primary_type": "Food and Drinks", "sector_name": "Manimajra", "secondary_type": "hamburger_restaurant" }, "geometry": { "type": "Point", "coordinates": [ 76.8365872, 30.7195725 ] } },
{ "type": "Feature", "properties": { "name": "Gupta tea stall", "primary_type": "Food and Drinks", "sector_name": "Manimajra", "secondary_type": "breakfast_restaurant" }, "geometry": { "type": "Point", "coordinates": [ 76.8374945, 30.720226 ] } },
{ "type": "Feature", "properties": { "name": "fj. Khadim tailor and draper", "primary_type": "Shopping", "sector_name": "Manimajra", "secondary_type": "clothing_store" }, "geometry": { "type": "Point", "coordinates": [ 76.8374945, 30.720226 ] } },
{ "type": "Feature", "properties": { "name": "Sidheswari Tiffin", "primary_type": "Food and Drinks", "sector_name": "Manimajra", "secondary_type": "breakfast_restaurant" }, "geometry": { "type": "Point", "coordinates": [ 76.8374945, 30.720226 ] } },
{ "type": "Feature", "properties": { "name": "Dev raj", "primary_type": "Food and Drinks", "sector_name": "Manimajra", "secondary_type": "restaurant" }, "geometry": { "type": "Point", "coordinates": [ 76.8374945, 30.720226 ] } },
{ "type": "Feature", "properties": { "name": "Saffron Fields", "primary_type": "Tourism", "sector_name": "Manimajra", "secondary_type": "park" }, "geometry": { "type": "Point", "coordinates": [ 76.8374945, 30.720226 ] } },
{ "type": "Feature", "properties": { "name": "Ansari Boutique", "primary_type": "Shopping", "sector_name": "Manimajra", "secondary_type": "clothing_store" }, "geometry": { "type": "Point", "coordinates": [ 76.8374945, 30.720226 ] } },
{ "type": "Feature", "properties": { "name": "Poshak Mahal", "primary_type": "Shopping", "sector_name": "Manimajra", "secondary_type": "clothing_store" }, "geometry": { "type": "Point", "coordinates": [ 76.8374945, 30.720226 ] } },
{ "type": "Feature", "properties": { "name": "Shivalik Playground For Kids", "primary_type": "Sports", "sector_name": "Manimajra", "secondary_type": "playground" }, "geometry": { "type": "Point", "coordinates": [ 76.8369486, 30.7189016 ] } },
{ "type": "Feature", "properties": { "name": "Shivalik Garden", "primary_type": "Tourism", "sector_name": "Manimajra", "secondary_type": "park" }, "geometry": { "type": "Point", "coordinates": [ 76.8362691, 30.719011 ] } },
{ "type": "Feature", "properties": { "name": "Keshri Snacks Bar", "primary_type": "Food and Drinks", "sector_name": "Manimajra", "secondary_type": "restaurant" }, "geometry": { "type": "Point", "coordinates": [ 76.8379417, 30.7191554 ] } },
{ "type": "Feature", "properties": { "name": "AC TAVERN", "primary_type": "Food and Drinks", "sector_name": "Manimajra", "secondary_type": "bar" }, "geometry": { "type": "Point", "coordinates": [ 76.8382036, 30.7192615 ] } },
{ "type": "Feature", "properties": { "name": "The Quads Fitness Gym ( Best Gyms, Fitness Centers Near Manimajra )", "primary_type": "Sports", "sector_name": "Manimajra", "secondary_type": "gym" }, "geometry": { "type": "Point", "coordinates": [ 76.8381967, 30.7203645 ] } },
{ "type": "Feature", "properties": { "name": "Chemist", "primary_type": "Essential Services", "sector_name": "Manimajra", "secondary_type": "pharmacy" }, "geometry": { "type": "Point", "coordinates": [ 76.8384405, 30.7203383 ] } },
{ "type": "Feature", "properties": { "name": "Fruits & Vegetables", "primary_type": "Essential Services", "sector_name": "Manimajra", "secondary_type": "grocery_store" }, "geometry": { "type": "Point", "coordinates": [ 76.8384705, 30.7202874 ] } },
{ "type": "Feature", "properties": { "name": "Anjum Food", "primary_type": "Food and Drinks", "sector_name": "Manimajra", "secondary_type": "cafe" }, "geometry": { "type": "Point", "coordinates": [ 76.8380819, 30.7208119 ] } },
{ "type": "Feature", "properties": { "name": "LALIT DHABA", "primary_type": "Food and Drinks", "sector_name": "Manimajra", "secondary_type": "indian_restaurant" }, "geometry": { "type": "Point", "coordinates": [ 76.838343, 30.718781 ] } },
{ "type": "Feature", "properties": { "name": "Dr Atulesh Vaidya.", "primary_type": "Essential Services", "sector_name": "Manimajra", "secondary_type": "doctor" }, "geometry": { "type": "Point", "coordinates": [ 76.8428599, 30.7136532 ] } },
{ "type": "Feature", "properties": { "name": "SBI ATM", "primary_type": "Essential Services", "sector_name": "Manimajra", "secondary_type": "atm" }, "geometry": { "type": "Point", "coordinates": [ 76.8430812, 30.7135631 ] } },
{ "type": "Feature", "properties": { "name": "NATIONAL PHARMACY", "primary_type": "Essential Services", "sector_name": "Manimajra", "secondary_type": "pharmacy" }, "geometry": { "type": "Point", "coordinates": [ 76.8428006, 30.7136465 ] } },
{ "type": "Feature", "properties": { "name": "Preet Medicos", "primary_type": "Essential Services", "sector_name": "Manimajra", "secondary_type": "pharmacy" }, "geometry": { "type": "Point", "coordinates": [ 76.8427385, 30.7134989 ] } },
{ "type": "Feature", "properties": { "name": "Shri Ganpati Medicos", "primary_type": "Essential Services", "sector_name": "Manimajra", "secondary_type": "pharmacy" }, "geometry": { "type": "Point", "coordinates": [ 76.8430682, 30.7136936 ] } },
{ "type": "Feature", "properties": { "name": "Shree Rohini Medicos", "primary_type": "Essential Services", "sector_name": "Manimajra", "secondary_type": "pharmacy" }, "geometry": { "type": "Point", "coordinates": [ 76.84312, 30.7136974 ] } },
{ "type": "Feature", "properties": { "name": "CHEMIST Grovers & Sons", "primary_type": "Essential Services", "sector_name": "Manimajra", "secondary_type": "drugstore" }, "geometry": { "type": "Point", "coordinates": [ 76.8428119, 30.7137522 ] } },
{ "type": "Feature", "properties": { "name": "VANDANA MEDICAL HALL", "primary_type": "Essential Services", "sector_name": "Manimajra", "secondary_type": "pharmacy" }, "geometry": { "type": "Point", "coordinates": [ 76.8427716, 30.7137775 ] } },
{ "type": "Feature", "properties": { "name": "Negi Little Hut", "primary_type": "Food and Drinks", "sector_name": "Manimajra", "secondary_type": "restaurant" }, "geometry": { "type": "Point", "coordinates": [ 76.8431453, 30.7137753 ] } },
{ "type": "Feature", "properties": { "name": "Ikram Dhaba", "primary_type": "Food and Drinks", "sector_name": "Manimajra", "secondary_type": "indian_restaurant" }, "geometry": { "type": "Point", "coordinates": [ 76.8431643, 30.7137704 ] } },
{ "type": "Feature", "properties": { "name": "Rohit Handloom", "primary_type": "Shopping", "sector_name": "Manimajra", "secondary_type": "clothing_store" }, "geometry": { "type": "Point", "coordinates": [ 76.8425749, 30.7136775 ] } },
{ "type": "Feature", "properties": { "name": "22med Chemists", "primary_type": "Essential Services", "sector_name": "Manimajra", "secondary_type": "pharmacy" }, "geometry": { "type": "Point", "coordinates": [ 76.8426352, 30.7137974 ] } },
{ "type": "Feature", "properties": { "name": "RUDRA MEDICOS", "primary_type": "Essential Services", "sector_name": "Manimajra", "secondary_type": "pharmacy" }, "geometry": { "type": "Point", "coordinates": [ 76.8426402, 30.7138026 ] } },
{ "type": "Feature", "properties": { "name": "Arvind Cloth", "primary_type": "Shopping", "sector_name": "Manimajra", "secondary_type": "clothing_store" }, "geometry": { "type": "Point", "coordinates": [ 76.8432776, 30.7137757 ] } },
{ "type": "Feature", "properties": { "name": "Kala Dhaba", "primary_type": "Food and Drinks", "sector_name": "Manimajra", "secondary_type": "indian_restaurant" }, "geometry": { "type": "Point", "coordinates": [ 76.8432866, 30.7137793 ] } },
{ "type": "Feature", "properties": { "name": "Pooja Garments", "primary_type": "Shopping", "sector_name": "Manimajra", "secondary_type": "clothing_store" }, "geometry": { "type": "Point", "coordinates": [ 76.8425253, 30.7137164 ] } },
{ "type": "Feature", "properties": { "name": "Al Quresh Grill House", "primary_type": "Food and Drinks", "sector_name": "Manimajra", "secondary_type": "restaurant" }, "geometry": { "type": "Point", "coordinates": [ 76.8429718, 30.7139601 ] } },
{ "type": "Feature", "properties": { "name": "Raho Tailors", "primary_type": "Shopping", "sector_name": "Manimajra", "secondary_type": "tailor" }, "geometry": { "type": "Point", "coordinates": [ 76.8425838, 30.7138777 ] } },
{ "type": "Feature", "properties": { "name": "Manav Vaishno Dhaba", "primary_type": "Food and Drinks", "sector_name": "Manimajra", "secondary_type": "indian_restaurant" }, "geometry": { "type": "Point", "coordinates": [ 76.8426107, 30.7139274 ] } },
{ "type": "Feature", "properties": { "name": "Rajput fast food", "primary_type": "Food and Drinks", "sector_name": "Manimajra", "secondary_type": "fast_food_restaurant" }, "geometry": { "type": "Point", "coordinates": [ 76.8422709, 30.7207027 ] } },
{ "type": "Feature", "properties": { "name": "Asik", "primary_type": "Food and Drinks", "sector_name": "Manimajra", "secondary_type": "coffee_shop" }, "geometry": { "type": "Point", "coordinates": [ 76.8422724, 30.7213028 ] } },
{ "type": "Feature", "properties": { "name": "SEVA LAL", "primary_type": "Food and Drinks", "sector_name": "Manimajra", "secondary_type": "restaurant" }, "geometry": { "type": "Point", "coordinates": [ 76.842048, 30.7213014 ] } },
{ "type": "Feature", "properties": { "name": "Model School Playground", "primary_type": "Sports", "sector_name": "Manimajra", "secondary_type": "playground" }, "geometry": { "type": "Point", "coordinates": [ 76.8409809, 30.7189352 ] } },
{ "type": "Feature", "properties": { "name": "Pinki Karyana Store", "primary_type": "Essential Services", "sector_name": "Manimajra", "secondary_type": "grocery_store" }, "geometry": { "type": "Point", "coordinates": [ 76.840757, 30.7203778 ] } },
{ "type": "Feature", "properties": { "name": "Jain Medicos", "primary_type": "Essential Services", "sector_name": "Manimajra", "secondary_type": "pharmacy" }, "geometry": { "type": "Point", "coordinates": [ 76.8438878, 30.7217201 ] } },
{ "type": "Feature", "properties": { "name": "Suresh Karyana Store", "primary_type": "Shopping", "sector_name": "Manimajra", "secondary_type": "department_store" }, "geometry": { "type": "Point", "coordinates": [ 76.843839, 30.721818 ] } },
{ "type": "Feature", "properties": { "name": "Manimajra Sports Complex", "primary_type": "Sports", "sector_name": "Manimajra", "secondary_type": "sports_complex" }, "geometry": { "type": "Point", "coordinates": [ 76.8427157, 30.7174907 ] } },
{ "type": "Feature", "properties": { "name": "Khan Dhaba", "primary_type": "Food and Drinks", "sector_name": "Manimajra", "secondary_type": "indian_restaurant" }, "geometry": { "type": "Point", "coordinates": [ 76.840978, 30.7214113 ] } },
{ "type": "Feature", "properties": { "name": "Bansal Communication", "primary_type": "Shopping", "sector_name": "Manimajra", "secondary_type": "shopping_mall" }, "geometry": { "type": "Point", "coordinates": [ 76.8426617, 30.7220989 ] } },
{ "type": "Feature", "properties": { "name": "Maan Medicos", "primary_type": "Essential Services", "sector_name": "Manimajra", "secondary_type": "pharmacy" }, "geometry": { "type": "Point", "coordinates": [ 76.8418333, 30.7219427 ] } },
{ "type": "Feature", "properties": { "name": "SHRI RAM CLINIC", "primary_type": "Essential Services", "sector_name": "Manimajra", "secondary_type": "doctor" }, "geometry": { "type": "Point", "coordinates": [ 76.8437192, 30.7220376 ] } },
{ "type": "Feature", "properties": { "name": "Hussain Medicos", "primary_type": "Essential Services", "sector_name": "Manimajra", "secondary_type": "pharmacy" }, "geometry": { "type": "Point", "coordinates": [ 76.8418381, 30.7219497 ] } },
{ "type": "Feature", "properties": { "name": "Chauhan Kiryana Store", "primary_type": "Essential Services", "sector_name": "Manimajra", "secondary_type": "grocery_store" }, "geometry": { "type": "Point", "coordinates": [ 76.8428793, 30.7221698 ] } },
{ "type": "Feature", "properties": { "name": "Levi's Exclusive Store", "primary_type": "Shopping", "sector_name": "Manimajra", "secondary_type": "clothing_store" }, "geometry": { "type": "Point", "coordinates": [ 76.840001, 30.720001 ] } },
{ "type": "Feature", "properties": { "name": "Kiran Dhaba", "primary_type": "Food and Drinks", "sector_name": "Manimajra", "secondary_type": "fast_food_restaurant" }, "geometry": { "type": "Point", "coordinates": [ 76.8429638, 30.7222895 ] } },
{ "type": "Feature", "properties": { "name": "Punjabi Tadka Dhaba", "primary_type": "Food and Drinks", "sector_name": "Manimajra", "secondary_type": "indian_restaurant" }, "geometry": { "type": "Point", "coordinates": [ 76.8412227, 30.7219008 ] } },
{ "type": "Feature", "properties": { "name": "Balt Parss", "primary_type": "Shopping", "sector_name": "Manimajra", "secondary_type": "clothing_store" }, "geometry": { "type": "Point", "coordinates": [ 76.8420161, 30.7222691 ] } },
{ "type": "Feature", "properties": { "name": "Vaishnu bhojanalay", "primary_type": "Food and Drinks", "sector_name": "43", "secondary_type": "restaurant" }, "geometry": { "type": "Point", "coordinates": [ 76.7449471, 30.7159223 ] } },
{ "type": "Feature", "properties": { "name": "State Bank of India SPL PBB SEC-17 CHANDIGARH", "primary_type": "Essential Services", "sector_name": "43", "secondary_type": "bank" }, "geometry": { "type": "Point", "coordinates": [ 76.744649, 30.716324 ] } },
{ "type": "Feature", "properties": { "name": "State Bank of India HARYANA CIVIL SECTT CHANDIGARH", "primary_type": "Essential Services", "sector_name": "43", "secondary_type": "bank" }, "geometry": { "type": "Point", "coordinates": [ 76.744649, 30.716324 ] } },
{ "type": "Feature", "properties": { "name": "Singh Shop", "primary_type": "Food and Drinks", "sector_name": "43", "secondary_type": "restaurant" }, "geometry": { "type": "Point", "coordinates": [ 76.7446266, 30.7149487 ] } },
{ "type": "Feature", "properties": { "name": "Nisha Mam", "primary_type": "Shopping", "sector_name": "43", "secondary_type": "clothing_store" }, "geometry": { "type": "Point", "coordinates": [ 76.7453042, 30.7163198 ] } },
{ "type": "Feature", "properties": { "name": "Komaljeet Kirana Store", "primary_type": "Essential Services", "sector_name": "43", "secondary_type": "grocery_store" }, "geometry": { "type": "Point", "coordinates": [ 76.7445723, 30.7165758 ] } },
{ "type": "Feature", "properties": { "name": "24*7 Chaat Bhandar", "primary_type": "Food and Drinks", "sector_name": "43", "secondary_type": "coffee_shop" }, "geometry": { "type": "Point", "coordinates": [ 76.7443866, 30.7166003 ] } },
{ "type": "Feature", "properties": { "name": "STATE BANK ATM", "primary_type": "Essential Services", "sector_name": "43", "secondary_type": "atm" }, "geometry": { "type": "Point", "coordinates": [ 76.744193, 30.716667 ] } },
{ "type": "Feature", "properties": { "name": "neeraj tour and travel", "primary_type": "Tourism", "sector_name": "43", "secondary_type": "tourist_attraction" }, "geometry": { "type": "Point", "coordinates": [ 76.7455979, 30.7162642 ] } },
{ "type": "Feature", "properties": { "name": "Thakur Fast Food", "primary_type": "Food and Drinks", "sector_name": "43", "secondary_type": "fast_food_restaurant" }, "geometry": { "type": "Point", "coordinates": [ 76.7458266, 30.716308 ] } },
{ "type": "Feature", "properties": { "name": "Varinder Singh", "primary_type": "Food and Drinks", "sector_name": "43", "secondary_type": "fast_food_restaurant" }, "geometry": { "type": "Point", "coordinates": [ 76.74578, 30.7164207 ] } },
{ "type": "Feature", "properties": { "name": "Ravi Comunication", "primary_type": "Food and Drinks", "sector_name": "43", "secondary_type": "bar" }, "geometry": { "type": "Point", "coordinates": [ 76.7457874, 30.7164121 ] } },
{ "type": "Feature", "properties": { "name": "Karan Sharma", "primary_type": "Food and Drinks", "sector_name": "43", "secondary_type": "fast_food_restaurant" }, "geometry": { "type": "Point", "coordinates": [ 76.7458668, 30.7163478 ] } },
{ "type": "Feature", "properties": { "name": "Mumma,S Kitchen", "primary_type": "Food and Drinks", "sector_name": "43", "secondary_type": "fast_food_restaurant" }, "geometry": { "type": "Point", "coordinates": [ 76.7455718, 30.7167067 ] } },
{ "type": "Feature", "properties": { "name": "Rohit Kamboj", "primary_type": "Shopping", "sector_name": "43", "secondary_type": "clothing_store" }, "geometry": { "type": "Point", "coordinates": [ 76.7454233, 30.7168534 ] } },
{ "type": "Feature", "properties": { "name": "State Bank of India DISTT COURT SEC-43 CHANDIGARH", "primary_type": "Essential Services", "sector_name": "43", "secondary_type": "bank" }, "geometry": { "type": "Point", "coordinates": [ 76.74373, 30.719965 ] } },
{ "type": "Feature", "properties": { "name": "MAHAVIR FOOD CORNER (SÀÇHÏÑ)", "primary_type": "Food and Drinks", "sector_name": "43", "secondary_type": "indian_restaurant" }, "geometry": { "type": "Point", "coordinates": [ 76.743073, 30.7194446 ] } },
{ "type": "Feature", "properties": { "name": "Neeraj Kumar", "primary_type": "Food and Drinks", "sector_name": "43", "secondary_type": "vegetarian_restaurant" }, "geometry": { "type": "Point", "coordinates": [ 76.7451088, 30.7174942 ] } },
{ "type": "Feature", "properties": { "name": "SHUBHAM SINGH", "primary_type": "Tourism", "sector_name": "43", "secondary_type": "tourist_attraction" }, "geometry": { "type": "Point", "coordinates": [ 76.7451088, 30.7174942 ] } },
{ "type": "Feature", "properties": { "name": "Surendra Kumar Travels", "primary_type": "Food and Drinks", "sector_name": "43", "secondary_type": "restaurant" }, "geometry": { "type": "Point", "coordinates": [ 76.7450929, 30.7174811 ] } },
{ "type": "Feature", "properties": { "name": "Harish Cafe", "primary_type": "Food and Drinks", "sector_name": "43", "secondary_type": "cafe" }, "geometry": { "type": "Point", "coordinates": [ 76.7453753, 30.717463 ] } },
{ "type": "Feature", "properties": { "name": "Sandeep Kumar G", "primary_type": "Essential Services", "sector_name": "43", "secondary_type": "grocery_store" }, "geometry": { "type": "Point", "coordinates": [ 76.7450283, 30.7173638 ] } },
{ "type": "Feature", "properties": { "name": "TheChef43", "primary_type": "Food and Drinks", "sector_name": "43", "secondary_type": "restaurant" }, "geometry": { "type": "Point", "coordinates": [ 76.7440366, 30.7172027 ] } },
{ "type": "Feature", "properties": { "name": "Subhash Maurya", "primary_type": "Food and Drinks", "sector_name": "43", "secondary_type": "restaurant" }, "geometry": { "type": "Point", "coordinates": [ 76.7453112, 30.7171421 ] } },
{ "type": "Feature", "properties": { "name": "Gurpreet Singh", "primary_type": "Food and Drinks", "sector_name": "43", "secondary_type": "fast_food_restaurant" }, "geometry": { "type": "Point", "coordinates": [ 76.7453199, 30.7171392 ] } },
{ "type": "Feature", "properties": { "name": "Civil Dispensary District Court", "primary_type": "Essential Services", "sector_name": "42", "secondary_type": "hospital" }, "geometry": { "type": "Point", "coordinates": [ 76.7424261, 30.720462 ] } },
{ "type": "Feature", "properties": { "name": "Roshan Kirana Store", "primary_type": "Essential Services", "sector_name": "43", "secondary_type": "grocery_store" }, "geometry": { "type": "Point", "coordinates": [ 76.7457468, 30.716913 ] } },
{ "type": "Feature", "properties": { "name": "Aaliya Fashion Boutique", "primary_type": "Shopping", "sector_name": "43", "secondary_type": "clothing_store" }, "geometry": { "type": "Point", "coordinates": [ 76.7489586, 30.7147218 ] } },
{ "type": "Feature", "properties": { "name": "Harvinder Singh G", "primary_type": "Essential Services", "sector_name": "43", "secondary_type": "grocery_store" }, "geometry": { "type": "Point", "coordinates": [ 76.7479003, 30.7170171 ] } },
{ "type": "Feature", "properties": { "name": "Ashok Shop", "primary_type": "Shopping", "sector_name": "43", "secondary_type": "market" }, "geometry": { "type": "Point", "coordinates": [ 76.7465059, 30.7158342 ] } },
{ "type": "Feature", "properties": { "name": "44 D MARKET", "primary_type": "Shopping", "sector_name": "44", "secondary_type": "market" }, "geometry": { "type": "Point", "coordinates": [ 76.7509168, 30.7149597 ] } },
{ "type": "Feature", "properties": { "name": "Dr Nirja Chawla Gynae Endoscopy Centre", "primary_type": "Essential Services", "sector_name": "44", "secondary_type": "doctor" }, "geometry": { "type": "Point", "coordinates": [ 76.7510269, 30.7150359 ] } },
{ "type": "Feature", "properties": { "name": "UCO BANK", "primary_type": "Essential Services", "sector_name": "44", "secondary_type": "bank" }, "geometry": { "type": "Point", "coordinates": [ 76.7509584, 30.7147663 ] } },
{ "type": "Feature", "properties": { "name": "UCO Bank ATM", "primary_type": "Essential Services", "sector_name": "44", "secondary_type": "atm" }, "geometry": { "type": "Point", "coordinates": [ 76.7509786, 30.7147394 ] } },
{ "type": "Feature", "properties": { "name": "Prince snacks", "primary_type": "Food and Drinks", "sector_name": "44", "secondary_type": "bar" }, "geometry": { "type": "Point", "coordinates": [ 76.7511432, 30.7150831 ] } },
{ "type": "Feature", "properties": { "name": "Mohammad Arif G", "primary_type": "Shopping", "sector_name": "43", "secondary_type": "clothing_store" }, "geometry": { "type": "Point", "coordinates": [ 76.7463198, 30.7155226 ] } },
{ "type": "Feature", "properties": { "name": "La Pino'z Pizza Sector-44 Chandigarh", "primary_type": "Food and Drinks", "sector_name": "44", "secondary_type": "pizza_restaurant" }, "geometry": { "type": "Point", "coordinates": [ 76.7511664, 30.7151283 ] } },
{ "type": "Feature", "properties": { "name": "M K Travels", "primary_type": "Food and Drinks", "sector_name": "43", "secondary_type": "coffee_shop" }, "geometry": { "type": "Point", "coordinates": [ 76.7463392, 30.7160996 ] } },
{ "type": "Feature", "properties": { "name": "Motherchoice", "primary_type": "Shopping", "sector_name": "44", "secondary_type": "clothing_store" }, "geometry": { "type": "Point", "coordinates": [ 76.7509983, 30.7146971 ] } },
{ "type": "Feature", "properties": { "name": "Rominus Pizza And Burger", "primary_type": "Food and Drinks", "sector_name": "44", "secondary_type": "pizza_restaurant" }, "geometry": { "type": "Point", "coordinates": [ 76.7511748, 30.7150773 ] } },
{ "type": "Feature", "properties": { "name": "Tavern Sco 386", "primary_type": "Food and Drinks", "sector_name": "44", "secondary_type": "restaurant" }, "geometry": { "type": "Point", "coordinates": [ 76.7512475, 30.7151428 ] } },
{ "type": "Feature", "properties": { "name": "IDBI Bank", "primary_type": "Essential Services", "sector_name": "44", "secondary_type": "bank" }, "geometry": { "type": "Point", "coordinates": [ 76.7510539, 30.714633 ] } },
{ "type": "Feature", "properties": { "name": "Ajaib Singh G", "primary_type": "Food and Drinks", "sector_name": "43", "secondary_type": "coffee_shop" }, "geometry": { "type": "Point", "coordinates": [ 76.7487044, 30.7190586 ] } },
{ "type": "Feature", "properties": { "name": "Sector 43A Park", "primary_type": "Tourism", "sector_name": "43", "secondary_type": "park" }, "geometry": { "type": "Point", "coordinates": [ 76.7491639, 30.719774 ] } },
{ "type": "Feature", "properties": { "name": "park sector 43", "primary_type": "Tourism", "sector_name": "43", "secondary_type": "park" }, "geometry": { "type": "Point", "coordinates": [ 76.7496622, 30.7193887 ] } },
{ "type": "Feature", "properties": { "name": "Swings Park", "primary_type": "Tourism", "sector_name": "43", "secondary_type": "park" }, "geometry": { "type": "Point", "coordinates": [ 76.7504701, 30.718735 ] } },
{ "type": "Feature", "properties": { "name": "Public Park Sector 43B green park", "primary_type": "Tourism", "sector_name": "43", "secondary_type": "park" }, "geometry": { "type": "Point", "coordinates": [ 76.7504252, 30.7187026 ] } },
{ "type": "Feature", "properties": { "name": "Open Ground", "primary_type": "Tourism", "sector_name": "43", "secondary_type": "park" }, "geometry": { "type": "Point", "coordinates": [ 76.7520481, 30.7193832 ] } },
{ "type": "Feature", "properties": { "name": "Hehe bolitsgoochihooch", "primary_type": "Sports", "sector_name": "43", "secondary_type": "playground" }, "geometry": { "type": "Point", "coordinates": [ 76.7475521, 30.7205364 ] } },
{ "type": "Feature", "properties": { "name": "Shivam goswami", "primary_type": "Food and Drinks", "sector_name": "43", "secondary_type": "bar" }, "geometry": { "type": "Point", "coordinates": [ 76.7475521, 30.7205364 ] } },
{ "type": "Feature", "properties": { "name": "Sector 43 park road", "primary_type": "Tourism", "sector_name": "43", "secondary_type": "park" }, "geometry": { "type": "Point", "coordinates": [ 76.7488739, 30.7210912 ] } },
{ "type": "Feature", "properties": { "name": "Volleyball Ground SEC 43a", "primary_type": "Sports", "sector_name": "43", "secondary_type": "playground" }, "geometry": { "type": "Point", "coordinates": [ 76.7494084, 30.7212844 ] } },
{ "type": "Feature", "properties": { "name": "Vinit Kumar", "primary_type": "Shopping", "sector_name": "43", "secondary_type": "clothing_store" }, "geometry": { "type": "Point", "coordinates": [ 76.7500239, 30.7211212 ] } },
{ "type": "Feature", "properties": { "name": "IZAMAL", "primary_type": "Food and Drinks", "sector_name": "43", "secondary_type": "restaurant" }, "geometry": { "type": "Point", "coordinates": [ 76.7472051, 30.7209856 ] } },
{ "type": "Feature", "properties": { "name": "Indus Care Hospital", "primary_type": "Essential Services", "sector_name": "43", "secondary_type": "hospital" }, "geometry": { "type": "Point", "coordinates": [ 76.7517199, 30.7179836 ] } },
{ "type": "Feature", "properties": { "name": "Sports Complex", "primary_type": "Sports", "sector_name": "43", "secondary_type": "sports_complex" }, "geometry": { "type": "Point", "coordinates": [ 76.7502405, 30.7216421 ] } },
{ "type": "Feature", "properties": { "name": "Codac Lab Phase 7", "primary_type": "Essential Services", "sector_name": "43", "secondary_type": "hospital" }, "geometry": { "type": "Point", "coordinates": [ 76.751927, 30.7177341 ] } },
{ "type": "Feature", "properties": { "name": "Small Public Park sector 43", "primary_type": "Tourism", "sector_name": "43", "secondary_type": "park" }, "geometry": { "type": "Point", "coordinates": [ 76.7516701, 30.7172886 ] } },
{ "type": "Feature", "properties": { "name": "Play Ground and Dushehra Ground 43", "primary_type": "Sports", "sector_name": "43", "secondary_type": "playground" }, "geometry": { "type": "Point", "coordinates": [ 76.7482848, 30.722556 ] } },
{ "type": "Feature", "properties": { "name": "78सोहान", "primary_type": "Shopping", "sector_name": "42", "secondary_type": "shopping_mall" }, "geometry": { "type": "Point", "coordinates": [ 76.7477148, 30.7238096 ] } },
{ "type": "Feature", "properties": { "name": "Shopping Centre", "primary_type": "Shopping", "sector_name": "43", "secondary_type": "shopping_mall" }, "geometry": { "type": "Point", "coordinates": [ 76.7507155, 30.7229531 ] } },
{ "type": "Feature", "properties": { "name": "RAM KIRPAL KARYANA STORE", "primary_type": "Essential Services", "sector_name": "43", "secondary_type": "grocery_store" }, "geometry": { "type": "Point", "coordinates": [ 76.7507188, 30.7229684 ] } },
{ "type": "Feature", "properties": { "name": "Bakery", "primary_type": "Essential Services", "sector_name": "43", "secondary_type": "grocery_store" }, "geometry": { "type": "Point", "coordinates": [ 76.7495401, 30.7241789 ] } },
{ "type": "Feature", "properties": { "name": "Sabji Mandi Sector 43", "primary_type": "Shopping", "sector_name": "43", "secondary_type": "market" }, "geometry": { "type": "Point", "coordinates": [ 76.7497758, 30.7240965 ] } },
{ "type": "Feature", "properties": { "name": "vegetable market", "primary_type": "Essential Services", "sector_name": "43", "secondary_type": "supermarket" }, "geometry": { "type": "Point", "coordinates": [ 76.7497041, 30.7242075 ] } },
{ "type": "Feature", "properties": { "name": "Alok ground", "primary_type": "Sports", "sector_name": "43", "secondary_type": "playground" }, "geometry": { "type": "Point", "coordinates": [ 76.7505281, 30.7238888 ] } },
{ "type": "Feature", "properties": { "name": "Dr Jagdeep Singh Basur", "primary_type": "Essential Services", "sector_name": "42", "secondary_type": "doctor" }, "geometry": { "type": "Point", "coordinates": [ 76.746885, 30.723953 ] } },
{ "type": "Feature", "properties": { "name": "Dr. Praveen Taneja", "primary_type": "Essential Services", "sector_name": "42", "secondary_type": "hospital" }, "geometry": { "type": "Point", "coordinates": [ 76.74934, 30.724716 ] } },
{ "type": "Feature", "properties": { "name": "Ortho Care, The Bone and Joint Centre", "primary_type": "Essential Services", "sector_name": "42", "secondary_type": "hospital" }, "geometry": { "type": "Point", "coordinates": [ 76.7493497, 30.7247277 ] } },
{ "type": "Feature", "properties": { "name": "Brijmohan", "primary_type": "Shopping", "sector_name": "43", "secondary_type": "clothing_store" }, "geometry": { "type": "Point", "coordinates": [ 76.7531728, 30.7190975 ] } },
{ "type": "Feature", "properties": { "name": "New feature created at 2024-06-14 15.25.32 UTC+5:30", "primary_type": "Essential Services", "sector_name": "43", "secondary_type": "bank" }, "geometry": { "type": "Point", "coordinates": [ 76.7531731, 30.7190986 ] } },
{ "type": "Feature", "properties": { "name": "Satnam Singh", "primary_type": "Food and Drinks", "sector_name": "43", "secondary_type": "cafe" }, "geometry": { "type": "Point", "coordinates": [ 76.7531734, 30.7190979 ] } },
{ "type": "Feature", "properties": { "name": "Avinash Provision Store", "primary_type": "Shopping", "sector_name": "43", "secondary_type": "department_store" }, "geometry": { "type": "Point", "coordinates": [ 76.7537126, 30.7193299 ] } },
{ "type": "Feature", "properties": { "name": "Public Park 43", "primary_type": "Tourism", "sector_name": "43", "secondary_type": "park" }, "geometry": { "type": "Point", "coordinates": [ 76.7532439, 30.71846 ] } },
{ "type": "Feature", "properties": { "name": "Arogya Medicos", "primary_type": "Essential Services", "sector_name": "43", "secondary_type": "pharmacy" }, "geometry": { "type": "Point", "coordinates": [ 76.7537907, 30.7192217 ] } },
{ "type": "Feature", "properties": { "name": "Sector 43B Mini Market", "primary_type": "Shopping", "sector_name": "43", "secondary_type": "market" }, "geometry": { "type": "Point", "coordinates": [ 76.7538102, 30.7193149 ] } },
{ "type": "Feature", "properties": { "name": "Johal Cinemas", "primary_type": "Food and Drinks", "sector_name": "43", "secondary_type": "bar" }, "geometry": { "type": "Point", "coordinates": [ 76.753683, 30.7202701 ] } },
{ "type": "Feature", "properties": { "name": "Dr. Vandna Narula - Best IVF Doctor in Chandigarh Punjab", "primary_type": "Essential Services", "sector_name": "43", "secondary_type": "doctor" }, "geometry": { "type": "Point", "coordinates": [ 76.7544238, 30.7180752 ] } },
{ "type": "Feature", "properties": { "name": "DR TARANDEEP SINGH", "primary_type": "Essential Services", "sector_name": "43", "secondary_type": "doctor" }, "geometry": { "type": "Point", "coordinates": [ 76.7525245, 30.7219213 ] } },
{ "type": "Feature", "properties": { "name": "Dr Heena Chawla (Best Gynaec Laparoscopic & Gynaec Surgeon)", "primary_type": "Essential Services", "sector_name": "43", "secondary_type": "doctor" }, "geometry": { "type": "Point", "coordinates": [ 76.752521, 30.7219206 ] } },
{ "type": "Feature", "properties": { "name": "Dr HM Swami", "primary_type": "Essential Services", "sector_name": "43", "secondary_type": "doctor" }, "geometry": { "type": "Point", "coordinates": [ 76.7537831, 30.7228875 ] } },
{ "type": "Feature", "properties": { "name": "Public Park sector 43 B", "primary_type": "Tourism", "sector_name": "43", "secondary_type": "park" }, "geometry": { "type": "Point", "coordinates": [ 76.7530163, 30.7215436 ] } },
{ "type": "Feature", "properties": { "name": "Chandigarh Hospice", "primary_type": "Essential Services", "sector_name": "43", "secondary_type": "hospital" }, "geometry": { "type": "Point", "coordinates": [ 76.7515605, 30.7225303 ] } },
{ "type": "Feature", "properties": { "name": "Paediatrician", "primary_type": "Essential Services", "sector_name": "43", "secondary_type": "doctor" }, "geometry": { "type": "Point", "coordinates": [ 76.7534098, 30.7213856 ] } },
{ "type": "Feature", "properties": { "name": "Photographer, GKS", "primary_type": "Essential Services", "sector_name": "43", "secondary_type": "doctor" }, "geometry": { "type": "Point", "coordinates": [ 76.7540275, 30.7213655 ] } },
{ "type": "Feature", "properties": { "name": "Sanand Singh", "primary_type": "Essential Services", "sector_name": "35", "secondary_type": "doctor" }, "geometry": { "type": "Point", "coordinates": [ 76.754648, 30.7233353 ] } },
{ "type": "Feature", "properties": { "name": "Topiary Park - II", "primary_type": "Tourism", "sector_name": "35", "secondary_type": "park" }, "geometry": { "type": "Point", "coordinates": [ 76.7550115, 30.7227555 ] } },
{ "type": "Feature", "properties": { "name": "ADITRI ENTERPRISES", "primary_type": "Food and Drinks", "sector_name": "43", "secondary_type": "restaurant" }, "geometry": { "type": "Point", "coordinates": [ 76.7542797, 30.7209588 ] } },
{ "type": "Feature", "properties": { "name": "Firozi", "primary_type": "Shopping", "sector_name": "35", "secondary_type": "clothing_store" }, "geometry": { "type": "Point", "coordinates": [ 76.7542404, 30.7245535 ] } },
{ "type": "Feature", "properties": { "name": "Public Park-Sector 34C", "primary_type": "Tourism", "sector_name": "34", "secondary_type": "park" }, "geometry": { "type": "Point", "coordinates": [ 76.7614477, 30.7170807 ] } },
{ "type": "Feature", "properties": { "name": "Dr. Mangat's Dental Care", "primary_type": "Essential Services", "sector_name": "34", "secondary_type": "dentist" }, "geometry": { "type": "Point", "coordinates": [ 76.7604097, 30.7171965 ] } },
{ "type": "Feature", "properties": { "name": "Ladies Boutique", "primary_type": "Shopping", "sector_name": "34", "secondary_type": "clothing_store" }, "geometry": { "type": "Point", "coordinates": [ 76.7617449, 30.7179932 ] } },
{ "type": "Feature", "properties": { "name": "\"Peengh - Swing Of Joy\"", "primary_type": "Shopping", "sector_name": "34", "secondary_type": "clothing_store" }, "geometry": { "type": "Point", "coordinates": [ 76.7630096, 30.7170711 ] } },
{ "type": "Feature", "properties": { "name": "Cha Pindar di", "primary_type": "Food and Drinks", "sector_name": "34", "secondary_type": "cafe" }, "geometry": { "type": "Point", "coordinates": [ 76.7632286, 30.7173637 ] } },
{ "type": "Feature", "properties": { "name": "Mishka", "primary_type": "Tourism", "sector_name": "34", "secondary_type": "park" }, "geometry": { "type": "Point", "coordinates": [ 76.7632286, 30.7173637 ] } },
{ "type": "Feature", "properties": { "name": "Dhaliwalfoodpoint", "primary_type": "Food and Drinks", "sector_name": "34", "secondary_type": "restaurant" }, "geometry": { "type": "Point", "coordinates": [ 76.7632286, 30.7173637 ] } },
{ "type": "Feature", "properties": { "name": "Dr Vikas Sandhir(MD Medicine)", "primary_type": "Essential Services", "sector_name": "34", "secondary_type": "doctor" }, "geometry": { "type": "Point", "coordinates": [ 76.7624155, 30.718423 ] } },
{ "type": "Feature", "properties": { "name": "Dhir Dental Clinic & Implant Centre", "primary_type": "Essential Services", "sector_name": "34", "secondary_type": "dentist" }, "geometry": { "type": "Point", "coordinates": [ 76.7621758, 30.7186813 ] } },
{ "type": "Feature", "properties": { "name": "34C Cycling Park", "primary_type": "Tourism", "sector_name": "34", "secondary_type": "park" }, "geometry": { "type": "Point", "coordinates": [ 76.7621542, 30.7146731 ] } },
{ "type": "Feature", "properties": { "name": "JORDI'S HOME", "primary_type": "Food and Drinks", "sector_name": "34", "secondary_type": "bar" }, "geometry": { "type": "Point", "coordinates": [ 76.7621029, 30.7187592 ] } },
{ "type": "Feature", "properties": { "name": "Dr. Sumeet Sexologist Clinic", "primary_type": "Essential Services", "sector_name": "34", "secondary_type": "doctor" }, "geometry": { "type": "Point", "coordinates": [ 76.7590408, 30.7180382 ] } },
{ "type": "Feature", "properties": { "name": "Krishnamacharyar AshtangaViniyoga", "primary_type": "Sports", "sector_name": "34", "secondary_type": "yoga_studio" }, "geometry": { "type": "Point", "coordinates": [ 76.7637666, 30.7173403 ] } },
{ "type": "Feature", "properties": { "name": "Dr. Jaspreet Singh Sran", "primary_type": "Essential Services", "sector_name": "34", "secondary_type": "doctor" }, "geometry": { "type": "Point", "coordinates": [ 76.760839, 30.720095 ] } },
{ "type": "Feature", "properties": { "name": "Dr Balwant Rai Jain", "primary_type": "Essential Services", "sector_name": "34", "secondary_type": "doctor" }, "geometry": { "type": "Point", "coordinates": [ 76.759329, 30.7202901 ] } },
{ "type": "Feature", "properties": { "name": "Dr Bawa's Homeopathic Clinic - Best Homeopathy Doctor | PCOS | Cervical Pain Treatment | Skin Homeopathy Treatment", "primary_type": "Essential Services", "sector_name": "34", "secondary_type": "doctor" }, "geometry": { "type": "Point", "coordinates": [ 76.7630714, 30.7200547 ] } },
{ "type": "Feature", "properties": { "name": "Texas Taco Twist", "primary_type": "Food and Drinks", "sector_name": "35", "secondary_type": "pizza_restaurant" }, "geometry": { "type": "Point", "coordinates": [ 76.7608176, 30.7216519 ] } },
{ "type": "Feature", "properties": { "name": "Shivam & Reet Park", "primary_type": "Tourism", "sector_name": "34", "secondary_type": "park" }, "geometry": { "type": "Point", "coordinates": [ 76.7632908, 30.7199075 ] } },
{ "type": "Feature", "properties": { "name": "Cooperative Bank Atm", "primary_type": "Essential Services", "sector_name": "35", "secondary_type": "bank" }, "geometry": { "type": "Point", "coordinates": [ 76.759764, 30.7213076 ] } },
{ "type": "Feature", "properties": { "name": "Haryana General Store", "primary_type": "Essential Services", "sector_name": "35", "secondary_type": "grocery_store" }, "geometry": { "type": "Point", "coordinates": [ 76.7598816, 30.721398 ] } },
{ "type": "Feature", "properties": { "name": "NIK BAKER'S", "primary_type": "Food and Drinks", "sector_name": "35", "secondary_type": "bakery" }, "geometry": { "type": "Point", "coordinates": [ 76.7601999, 30.7215904 ] } },
{ "type": "Feature", "properties": { "name": "Plaza Fashion House", "primary_type": "Shopping", "sector_name": "35", "secondary_type": "clothing_store" }, "geometry": { "type": "Point", "coordinates": [ 76.7596326, 30.7212451 ] } },
{ "type": "Feature", "properties": { "name": "Burger King", "primary_type": "Food and Drinks", "sector_name": "35", "secondary_type": "fast_food_restaurant" }, "geometry": { "type": "Point", "coordinates": [ 76.7595219, 30.7211898 ] } },
{ "type": "Feature", "properties": { "name": "Taco Bell", "primary_type": "Food and Drinks", "sector_name": "35", "secondary_type": "mexican_restaurant" }, "geometry": { "type": "Point", "coordinates": [ 76.7596539, 30.7213291 ] } },
{ "type": "Feature", "properties": { "name": "Art & Ko", "primary_type": "Food and Drinks", "sector_name": "34", "secondary_type": "cafe" }, "geometry": { "type": "Point", "coordinates": [ 76.7662672, 30.7176945 ] } },
{ "type": "Feature", "properties": { "name": "Blossoms Boutique", "primary_type": "Shopping", "sector_name": "34", "secondary_type": "clothing_store" }, "geometry": { "type": "Point", "coordinates": [ 76.7660999, 30.7178545 ] } },
{ "type": "Feature", "properties": { "name": "Sachdeva - 34", "primary_type": "Food and Drinks", "sector_name": "34", "secondary_type": "restaurant" }, "geometry": { "type": "Point", "coordinates": [ 76.7662134, 30.7177904 ] } },
{ "type": "Feature", "properties": { "name": "Taste House", "primary_type": "Food and Drinks", "sector_name": "34", "secondary_type": "restaurant" }, "geometry": { "type": "Point", "coordinates": [ 76.7660696, 30.7178796 ] } },
{ "type": "Feature", "properties": { "name": "Majajan boutique", "primary_type": "Shopping", "sector_name": "34", "secondary_type": "clothing_store" }, "geometry": { "type": "Point", "coordinates": [ 76.7660078, 30.7179494 ] } },
{ "type": "Feature", "properties": { "name": "Dr.Talwar's Skin Hair and Laser Clinic", "primary_type": "Essential Services", "sector_name": "34", "secondary_type": "doctor" }, "geometry": { "type": "Point", "coordinates": [ 76.7649692, 30.7181087 ] } },
{ "type": "Feature", "properties": { "name": "Chaps In Bites", "primary_type": "Food and Drinks", "sector_name": "34", "secondary_type": "restaurant" }, "geometry": { "type": "Point", "coordinates": [ 76.7663875, 30.7177638 ] } },
{ "type": "Feature", "properties": { "name": "Raju Chinese Food Sector 34C", "primary_type": "Food and Drinks", "sector_name": "34", "secondary_type": "chinese_restaurant" }, "geometry": { "type": "Point", "coordinates": [ 76.765533, 30.718137 ] } },
{ "type": "Feature", "properties": { "name": "Matru Tikki Wala", "primary_type": "Food and Drinks", "sector_name": "34", "secondary_type": "fast_food_restaurant" }, "geometry": { "type": "Point", "coordinates": [ 76.7659774, 30.7180181 ] } },
{ "type": "Feature", "properties": { "name": "BURGER GPT", "primary_type": "Food and Drinks", "sector_name": "34", "secondary_type": "hamburger_restaurant" }, "geometry": { "type": "Point", "coordinates": [ 76.7663338, 30.7178593 ] } },
{ "type": "Feature", "properties": { "name": "V&M Decor", "primary_type": "Shopping", "sector_name": "34", "secondary_type": "clothing_store" }, "geometry": { "type": "Point", "coordinates": [ 76.766087, 30.7180139 ] } },
{ "type": "Feature", "properties": { "name": "Coffee Full Day", "primary_type": "Food and Drinks", "sector_name": "34", "secondary_type": "coffee_shop" }, "geometry": { "type": "Point", "coordinates": [ 76.7663401, 30.7178664 ] } },
{ "type": "Feature", "properties": { "name": "The Brand Store", "primary_type": "Shopping", "sector_name": "34", "secondary_type": "clothing_store" }, "geometry": { "type": "Point", "coordinates": [ 76.7663048, 30.7179067 ] } },
{ "type": "Feature", "properties": { "name": "CHIZZLINGS", "primary_type": "Food and Drinks", "sector_name": "34", "secondary_type": "restaurant" }, "geometry": { "type": "Point", "coordinates": [ 76.7658664, 30.718119 ] } },
{ "type": "Feature", "properties": { "name": "Long Shot Cafe", "primary_type": "Food and Drinks", "sector_name": "34", "secondary_type": "coffee_shop" }, "geometry": { "type": "Point", "coordinates": [ 76.7660634, 30.7180438 ] } },
{ "type": "Feature", "properties": { "name": "NOOR CREATION", "primary_type": "Shopping", "sector_name": "34", "secondary_type": "clothing_store" }, "geometry": { "type": "Point", "coordinates": [ 76.7662449, 30.7179533 ] } },
{ "type": "Feature", "properties": { "name": "Punjabi chai churi", "primary_type": "Food and Drinks", "sector_name": "34", "secondary_type": "cafe" }, "geometry": { "type": "Point", "coordinates": [ 76.765921, 30.7181144 ] } },
{ "type": "Feature", "properties": { "name": "BITS&BITES", "primary_type": "Food and Drinks", "sector_name": "34", "secondary_type": "fast_food_restaurant" }, "geometry": { "type": "Point", "coordinates": [ 76.7658433, 30.7181464 ] } },
{ "type": "Feature", "properties": { "name": "Vijay kc", "primary_type": "Tourism", "sector_name": "34", "secondary_type": "park" }, "geometry": { "type": "Point", "coordinates": [ 76.7656061, 30.720055 ] } },
{ "type": "Feature", "properties": { "name": "The Anthea", "primary_type": "Food and Drinks", "sector_name": "34", "secondary_type": "restaurant" }, "geometry": { "type": "Point", "coordinates": [ 76.7656061, 30.720055 ] } },
{ "type": "Feature", "properties": { "name": "Stylishwodrobe", "primary_type": "Shopping", "sector_name": "34", "secondary_type": "clothing_store" }, "geometry": { "type": "Point", "coordinates": [ 76.7656061, 30.720055 ] } },
{ "type": "Feature", "properties": { "name": "Dastan Restaurant", "primary_type": "Food and Drinks", "sector_name": "34", "secondary_type": "restaurant" }, "geometry": { "type": "Point", "coordinates": [ 76.7656061, 30.720055 ] } },
{ "type": "Feature", "properties": { "name": "Chandighar", "primary_type": "Essential Services", "sector_name": "34", "secondary_type": "post_office" }, "geometry": { "type": "Point", "coordinates": [ 76.7656061, 30.720055 ] } },
{ "type": "Feature", "properties": { "name": "Bear bar", "primary_type": "Food and Drinks", "sector_name": "34", "secondary_type": "restaurant" }, "geometry": { "type": "Point", "coordinates": [ 76.7656061, 30.720055 ] } },
{ "type": "Feature", "properties": { "name": "Sector 34 Chandigarh", "primary_type": "Sports", "sector_name": "34", "secondary_type": "playground" }, "geometry": { "type": "Point", "coordinates": [ 76.7656061, 30.720055 ] } },
{ "type": "Feature", "properties": { "name": "Multani Chaap Corner", "primary_type": "Food and Drinks", "sector_name": "34", "secondary_type": "restaurant" }, "geometry": { "type": "Point", "coordinates": [ 76.7656064, 30.7200544 ] } },
{ "type": "Feature", "properties": { "name": "PQC8+F38", "primary_type": "Tourism", "sector_name": "34", "secondary_type": "park" }, "geometry": { "type": "Point", "coordinates": [ 76.7648515, 30.7212354 ] } },
{ "type": "Feature", "properties": { "name": "Gill Dr H S", "primary_type": "Essential Services", "sector_name": "34", "secondary_type": "doctor" }, "geometry": { "type": "Point", "coordinates": [ 76.7653474, 30.7194787 ] } },
{ "type": "Feature", "properties": { "name": "Savita Gulati (Dr)", "primary_type": "Essential Services", "sector_name": "34", "secondary_type": "doctor" }, "geometry": { "type": "Point", "coordinates": [ 76.7653474, 30.7194787 ] } },
{ "type": "Feature", "properties": { "name": "Bank Of Baroda Security", "primary_type": "Essential Services", "sector_name": "34", "secondary_type": "bank" }, "geometry": { "type": "Point", "coordinates": [ 76.7653474, 30.7194787 ] } },
{ "type": "Feature", "properties": { "name": "G Rai Dr Aggarwal", "primary_type": "Essential Services", "sector_name": "34", "secondary_type": "doctor" }, "geometry": { "type": "Point", "coordinates": [ 76.7653474, 30.7194787 ] } },
{ "type": "Feature", "properties": { "name": "City Gynae Centre", "primary_type": "Essential Services", "sector_name": "34", "secondary_type": "doctor" }, "geometry": { "type": "Point", "coordinates": [ 76.7653474, 30.7194787 ] } },
{ "type": "Feature", "properties": { "name": "Sethis Shere Punjab", "primary_type": "Food and Drinks", "sector_name": "34", "secondary_type": "indian_restaurant" }, "geometry": { "type": "Point", "coordinates": [ 76.765449, 30.719462 ] } },
{ "type": "Feature", "properties": { "name": "Tibetan market sector 34c", "primary_type": "Shopping", "sector_name": "34", "secondary_type": "clothing_store" }, "geometry": { "type": "Point", "coordinates": [ 76.7662536, 30.7198389 ] } },
{ "type": "Feature", "properties": { "name": "Dr. Rajandeep Singh Sethi Charitable Cancer OPD Chandigarh", "primary_type": "Essential Services", "sector_name": "34", "secondary_type": "doctor" }, "geometry": { "type": "Point", "coordinates": [ 76.7652833, 30.7189947 ] } },
{ "type": "Feature", "properties": { "name": "C L Arora (Dr)", "primary_type": "Essential Services", "sector_name": "34", "secondary_type": "doctor" }, "geometry": { "type": "Point", "coordinates": [ 76.7640175, 30.719628 ] } },
{ "type": "Feature", "properties": { "name": "Mehak Restaurant", "primary_type": "Food and Drinks", "sector_name": "34", "secondary_type": "restaurant" }, "geometry": { "type": "Point", "coordinates": [ 76.7640236, 30.7195914 ] } },
{ "type": "Feature", "properties": { "name": "National Bank for Agriculture and Rural Development (NABARD)", "primary_type": "Essential Services", "sector_name": "34", "secondary_type": "bank" }, "geometry": { "type": "Point", "coordinates": [ 76.7656775, 30.7237948 ] } },
{ "type": "Feature", "properties": { "name": "The Arabian Kunafa Co.", "primary_type": "Food and Drinks", "sector_name": "34", "secondary_type": "restaurant" }, "geometry": { "type": "Point", "coordinates": [ 76.7661137, 30.723306 ] } },
{ "type": "Feature", "properties": { "name": "Waffles And Brew Co.", "primary_type": "Food and Drinks", "sector_name": "34", "secondary_type": "restaurant" }, "geometry": { "type": "Point", "coordinates": [ 76.7661137, 30.723306 ] } },
{ "type": "Feature", "properties": { "name": "Daksh Global Exports", "primary_type": "Shopping", "sector_name": "34", "secondary_type": "wholesaler" }, "geometry": { "type": "Point", "coordinates": [ 76.7661137, 30.723306 ] } },
{ "type": "Feature", "properties": { "name": "Abhijeet", "primary_type": "Food and Drinks", "sector_name": "34", "secondary_type": "middle_eastern_restaurant" }, "geometry": { "type": "Point", "coordinates": [ 76.7661137, 30.723306 ] } },
{ "type": "Feature", "properties": { "name": "Fit Haven Gym", "primary_type": "Sports", "sector_name": "34", "secondary_type": "gym" }, "geometry": { "type": "Point", "coordinates": [ 76.7661137, 30.723306 ] } },
{ "type": "Feature", "properties": { "name": "Mahadev Kariyana Store", "primary_type": "Essential Services", "sector_name": "34", "secondary_type": "grocery_store" }, "geometry": { "type": "Point", "coordinates": [ 76.7661138, 30.7233105 ] } },
{ "type": "Feature", "properties": { "name": "Ranjit cloths", "primary_type": "Shopping", "sector_name": "34", "secondary_type": "clothing_store" }, "geometry": { "type": "Point", "coordinates": [ 76.7661431, 30.7232944 ] } },
{ "type": "Feature", "properties": { "name": "Style Appeal", "primary_type": "Shopping", "sector_name": "34", "secondary_type": "clothing_store" }, "geometry": { "type": "Point", "coordinates": [ 76.7651349, 30.7241029 ] } },
{ "type": "Feature", "properties": { "name": "Dhs punjab", "primary_type": "Essential Services", "sector_name": "34", "secondary_type": "post_office" }, "geometry": { "type": "Point", "coordinates": [ 76.7645082, 30.7221778 ] } },
{ "type": "Feature", "properties": { "name": "Alleviate Clinic - Best Skin | hair | laser | dental Clinic in Chandigarh", "primary_type": "Shopping", "sector_name": "35", "secondary_type": "skin_care_clinic" }, "geometry": { "type": "Point", "coordinates": [ 76.764832, 30.7242983 ] } },
{ "type": "Feature", "properties": { "name": "Bamboo Groove", "primary_type": "Food and Drinks", "sector_name": "35", "secondary_type": "fast_food_restaurant" }, "geometry": { "type": "Point", "coordinates": [ 76.7640561, 30.724053 ] } },
{ "type": "Feature", "properties": { "name": "Bank of Baroda Pk Bhavan Chandigarh Branch", "primary_type": "Essential Services", "sector_name": "34", "secondary_type": "bank" }, "geometry": { "type": "Point", "coordinates": [ 76.7637235, 30.7227456 ] } },
{ "type": "Feature", "properties": { "name": "RNTCP Drug Store", "primary_type": "Essential Services", "sector_name": "34", "secondary_type": "drugstore" }, "geometry": { "type": "Point", "coordinates": [ 76.7637401, 30.7226089 ] } },
{ "type": "Feature", "properties": { "name": "Nouri", "primary_type": "Shopping", "sector_name": "35", "secondary_type": "clothing_store" }, "geometry": { "type": "Point", "coordinates": [ 76.7648172, 30.7245068 ] } },
{ "type": "Feature", "properties": { "name": "All time full service", "primary_type": "Tourism", "sector_name": "34", "secondary_type": "park" }, "geometry": { "type": "Point", "coordinates": [ 76.765632, 30.7217593 ] } },
{ "type": "Feature", "properties": { "name": "Bank of Maharashtra - Housing Finance Branch", "primary_type": "Essential Services", "sector_name": "34", "secondary_type": "bank" }, "geometry": { "type": "Point", "coordinates": [ 76.7688448, 30.7198242 ] } },
{ "type": "Feature", "properties": { "name": "ICICI Bank Sector 34, Chandigarh-Branch & ATM", "primary_type": "Essential Services", "sector_name": "34", "secondary_type": "bank" }, "geometry": { "type": "Point", "coordinates": [ 76.768681, 30.7197786 ] } },
{ "type": "Feature", "properties": { "name": "theka 34", "primary_type": "Food and Drinks", "sector_name": "34", "secondary_type": "bar" }, "geometry": { "type": "Point", "coordinates": [ 76.7687119, 30.7196771 ] } },
{ "type": "Feature", "properties": { "name": "Bank of Baroda Chandigarh-Sector-34A Branch", "primary_type": "Essential Services", "sector_name": "34", "secondary_type": "bank" }, "geometry": { "type": "Point", "coordinates": [ 76.768967, 30.720401 ] } },
{ "type": "Feature", "properties": { "name": "Ganpati Cafeteria", "primary_type": "Food and Drinks", "sector_name": "34", "secondary_type": "fast_food_restaurant" }, "geometry": { "type": "Point", "coordinates": [ 76.7689746, 30.7204181 ] } },
{ "type": "Feature", "properties": { "name": "Amit Book Depot", "primary_type": "Shopping", "sector_name": "34", "secondary_type": "book_store" }, "geometry": { "type": "Point", "coordinates": [ 76.7690966, 30.7205547 ] } },
{ "type": "Feature", "properties": { "name": "Chandigarh shopping Festival", "primary_type": "Shopping", "sector_name": "34", "secondary_type": "market" }, "geometry": { "type": "Point", "coordinates": [ 76.7693526, 30.7191771 ] } },
{ "type": "Feature", "properties": { "name": "Time Pass", "primary_type": "Food and Drinks", "sector_name": "34", "secondary_type": "fast_food_restaurant" }, "geometry": { "type": "Point", "coordinates": [ 76.7684012, 30.7196237 ] } },
{ "type": "Feature", "properties": { "name": "Virdi Eye Hospital", "primary_type": "Essential Services", "sector_name": "34", "secondary_type": "hospital" }, "geometry": { "type": "Point", "coordinates": [ 76.7683301, 30.7194794 ] } },
{ "type": "Feature", "properties": { "name": "KIWI Kisan Window - Organic Grocery Store | Chandigarh", "primary_type": "Essential Services", "sector_name": "34", "secondary_type": "grocery_store" }, "geometry": { "type": "Point", "coordinates": [ 76.7703401, 30.7202747 ] } },
{ "type": "Feature", "properties": { "name": "Orchid Lounge", "primary_type": "Food and Drinks", "sector_name": "34", "secondary_type": "restaurant" }, "geometry": { "type": "Point", "coordinates": [ 76.7681833, 30.7194376 ] } },
{ "type": "Feature", "properties": { "name": "Tavern 24", "primary_type": "Food and Drinks", "sector_name": "34", "secondary_type": "bar" }, "geometry": { "type": "Point", "coordinates": [ 76.768181, 30.719362 ] } },
{ "type": "Feature", "properties": { "name": "PB36 Food", "primary_type": "Food and Drinks", "sector_name": "34", "secondary_type": "indian_restaurant" }, "geometry": { "type": "Point", "coordinates": [ 76.7678938, 30.72003 ] } },
{ "type": "Feature", "properties": { "name": "Varun Enterprise", "primary_type": "Essential Services", "sector_name": "34", "secondary_type": "grocery_store" }, "geometry": { "type": "Point", "coordinates": [ 76.7690649, 30.7233754 ] } },
{ "type": "Feature", "properties": { "name": "PRITPAL SINGH FOODS", "primary_type": "Food and Drinks", "sector_name": "34", "secondary_type": "restaurant" }, "geometry": { "type": "Point", "coordinates": [ 76.7690349, 30.7234201 ] } },
{ "type": "Feature", "properties": { "name": "Park Opposite Allen", "primary_type": "Tourism", "sector_name": "34", "secondary_type": "park" }, "geometry": { "type": "Point", "coordinates": [ 76.7691209, 30.7227799 ] } },
{ "type": "Feature", "properties": { "name": "SCO 64-65, Sector 34 A", "primary_type": "Shopping", "sector_name": "34", "secondary_type": "shopping_mall" }, "geometry": { "type": "Point", "coordinates": [ 76.7696369, 30.7228822 ] } },
{ "type": "Feature", "properties": { "name": "Kavita makeover makeup studio", "primary_type": "Shopping", "sector_name": "34", "secondary_type": "makeup_artist" }, "geometry": { "type": "Point", "coordinates": [ 76.7688661, 30.7232566 ] } },
{ "type": "Feature", "properties": { "name": "KATHI ROLL WALA", "primary_type": "Food and Drinks", "sector_name": "34", "secondary_type": "fast_food_restaurant" }, "geometry": { "type": "Point", "coordinates": [ 76.7688185, 30.722946 ] } },
{ "type": "Feature", "properties": { "name": "Park-Block B", "primary_type": "Tourism", "sector_name": "34", "secondary_type": "park" }, "geometry": { "type": "Point", "coordinates": [ 76.7694099, 30.7226554 ] } },
{ "type": "Feature", "properties": { "name": "Shivalik Medicos", "primary_type": "Essential Services", "sector_name": "34", "secondary_type": "pharmacy" }, "geometry": { "type": "Point", "coordinates": [ 76.7686687, 30.7232132 ] } },
{ "type": "Feature", "properties": { "name": "Green view restaurants", "primary_type": "Food and Drinks", "sector_name": "34", "secondary_type": "restaurant" }, "geometry": { "type": "Point", "coordinates": [ 76.7692035, 30.7225244 ] } },
{ "type": "Feature", "properties": { "name": "State Bank of India SECTOR-34 (CHANDIGARH)", "primary_type": "Essential Services", "sector_name": "34", "secondary_type": "bank" }, "geometry": { "type": "Point", "coordinates": [ 76.769884, 30.7226728 ] } },
{ "type": "Feature", "properties": { "name": "Allahabad Bank ATM", "primary_type": "Essential Services", "sector_name": "34", "secondary_type": "atm" }, "geometry": { "type": "Point", "coordinates": [ 76.7697452, 30.7225398 ] } },
{ "type": "Feature", "properties": { "name": "Mehta Ram Tea Store", "primary_type": "Food and Drinks", "sector_name": "34", "secondary_type": "coffee_shop" }, "geometry": { "type": "Point", "coordinates": [ 76.7683803, 30.7231339 ] } },
{ "type": "Feature", "properties": { "name": "SBI PREMIUM BANKING LOBBY", "primary_type": "Essential Services", "sector_name": "34", "secondary_type": "bank" }, "geometry": { "type": "Point", "coordinates": [ 76.7684007, 30.7229193 ] } },
{ "type": "Feature", "properties": { "name": "punjab national bank", "primary_type": "Essential Services", "sector_name": "34", "secondary_type": "bank" }, "geometry": { "type": "Point", "coordinates": [ 76.7701409, 30.7227959 ] } },
{ "type": "Feature", "properties": { "name": "Healthcare Chemist Shop", "primary_type": "Essential Services", "sector_name": "53", "secondary_type": "pharmacy" }, "geometry": { "type": "Point", "coordinates": [ 76.7296745, 30.7146722 ] } },
{ "type": "Feature", "properties": { "name": "ATM Punjab National Bank Phase 3A SAS Nagar Punjab", "primary_type": "Essential Services", "sector_name": "53", "secondary_type": "atm" }, "geometry": { "type": "Point", "coordinates": [ 76.7296743, 30.7146689 ] } },
{ "type": "Feature", "properties": { "name": "Hanuman market", "primary_type": "Shopping", "sector_name": "53", "secondary_type": "market" }, "geometry": { "type": "Point", "coordinates": [ 76.7295677, 30.7147404 ] } },
{ "type": "Feature", "properties": { "name": "Dr Ruchi Bansal- Best Gynaecologist in Chandigarh | Infertility Specialist | Best Gynecologist in Panchkula", "primary_type": "Essential Services", "sector_name": "53", "secondary_type": "doctor" }, "geometry": { "type": "Point", "coordinates": [ 76.7295259, 30.7147466 ] } },
{ "type": "Feature", "properties": { "name": "Hargun’s kitchen", "primary_type": "Food and Drinks", "sector_name": "53", "secondary_type": "restaurant" }, "geometry": { "type": "Point", "coordinates": [ 76.7297537, 30.7145266 ] } },
{ "type": "Feature", "properties": { "name": "WoodBlazed cafe", "primary_type": "Food and Drinks", "sector_name": "53", "secondary_type": "cafe" }, "geometry": { "type": "Point", "coordinates": [ 76.7297055, 30.7145167 ] } },
{ "type": "Feature", "properties": { "name": "new Mandi HK12", "primary_type": "Sports", "sector_name": "53", "secondary_type": "playground" }, "geometry": { "type": "Point", "coordinates": [ 76.7357747, 30.7192472 ] } },
{ "type": "Feature", "properties": { "name": "cricket Park HK12", "primary_type": "Sports", "sector_name": "53", "secondary_type": "playground" }, "geometry": { "type": "Point", "coordinates": [ 76.7375905, 30.7191036 ] } },
{ "type": "Feature", "properties": { "name": "YUM YUM KITCHEN", "primary_type": "Food and Drinks", "sector_name": "52", "secondary_type": "restaurant" }, "geometry": { "type": "Point", "coordinates": [ 76.7365777, 30.7174091 ] } },
{ "type": "Feature", "properties": { "name": "Shivam Confectionery", "primary_type": "Essential Services", "sector_name": "52", "secondary_type": "grocery_store" }, "geometry": { "type": "Point", "coordinates": [ 76.7369689, 30.7174497 ] } },
{ "type": "Feature", "properties": { "name": "Amar chicken Shop", "primary_type": "Food and Drinks", "sector_name": "52", "secondary_type": "restaurant" }, "geometry": { "type": "Point", "coordinates": [ 76.7366484, 30.7172099 ] } },
{ "type": "Feature", "properties": { "name": "Mayank Dhaba", "primary_type": "Food and Drinks", "sector_name": "52", "secondary_type": "indian_restaurant" }, "geometry": { "type": "Point", "coordinates": [ 76.7366484, 30.7172099 ] } },
{ "type": "Feature", "properties": { "name": "Babe Ke Hospital And IMT", "primary_type": "Essential Services", "sector_name": "53", "secondary_type": "hospital" }, "geometry": { "type": "Point", "coordinates": [ 76.7322884, 30.7249009 ] } },
{ "type": "Feature", "properties": { "name": "Mithu grilled & Pizza Centre", "primary_type": "Food and Drinks", "sector_name": "42", "secondary_type": "pizza_restaurant" }, "geometry": { "type": "Point", "coordinates": [ 76.7362203, 30.725667 ] } },
{ "type": "Feature", "properties": { "name": "Beant Singh Memorial", "primary_type": "Tourism", "sector_name": "42", "secondary_type": "park" }, "geometry": { "type": "Point", "coordinates": [ 76.7361772, 30.7276179 ] } },
{ "type": "Feature", "properties": { "name": "Garden Of Palms 42 Chd", "primary_type": "Tourism", "sector_name": "42", "secondary_type": "park" }, "geometry": { "type": "Point", "coordinates": [ 76.7371362, 30.725782 ] } },
{ "type": "Feature", "properties": { "name": "Khushboo decoration", "primary_type": "Essential Services", "sector_name": "54", "secondary_type": "grocery_store" }, "geometry": { "type": "Point", "coordinates": [ 76.7311542, 30.7244364 ] } },
{ "type": "Feature", "properties": { "name": "Vikrant Sales", "primary_type": "Essential Services", "sector_name": "53", "secondary_type": "grocery_store" }, "geometry": { "type": "Point", "coordinates": [ 76.7385219, 30.7185176 ] } },
{ "type": "Feature", "properties": { "name": "HK 2", "primary_type": "Tourism", "sector_name": "52", "secondary_type": "park" }, "geometry": { "type": "Point", "coordinates": [ 76.7374618, 30.7174365 ] } },
{ "type": "Feature", "properties": { "name": "Green belt", "primary_type": "Tourism", "sector_name": "52", "secondary_type": "park" }, "geometry": { "type": "Point", "coordinates": [ 76.7375436, 30.7173555 ] } },
{ "type": "Feature", "properties": { "name": "RAM GOPAL AND SONS", "primary_type": "Essential Services", "sector_name": "42", "secondary_type": "grocery_store" }, "geometry": { "type": "Point", "coordinates": [ 76.7408302, 30.7192 ] } },
{ "type": "Feature", "properties": { "name": "Cyber Officer", "primary_type": "Food and Drinks", "sector_name": "52", "secondary_type": "restaurant" }, "geometry": { "type": "Point", "coordinates": [ 76.7373773, 30.7170367 ] } },
{ "type": "Feature", "properties": { "name": "Arjun food", "primary_type": "Food and Drinks", "sector_name": "52", "secondary_type": "fast_food_restaurant" }, "geometry": { "type": "Point", "coordinates": [ 76.7373247, 30.7169044 ] } },
{ "type": "Feature", "properties": { "name": "Omi Snacks Bar", "primary_type": "Food and Drinks", "sector_name": "52", "secondary_type": "bar" }, "geometry": { "type": "Point", "coordinates": [ 76.7373247, 30.7169044 ] } },
{ "type": "Feature", "properties": { "name": "Shankar Medical Store", "primary_type": "Essential Services", "sector_name": "52", "secondary_type": "pharmacy" }, "geometry": { "type": "Point", "coordinates": [ 76.7374427, 30.7167704 ] } },
{ "type": "Feature", "properties": { "name": "dr. vishalpreet singh", "primary_type": "Essential Services", "sector_name": "42", "secondary_type": "doctor" }, "geometry": { "type": "Point", "coordinates": [ 76.7391828, 30.7233185 ] } },
{ "type": "Feature", "properties": { "name": "Best Non Veg Dhaba", "primary_type": "Food and Drinks", "sector_name": "52", "secondary_type": "restaurant" }, "geometry": { "type": "Point", "coordinates": [ 76.7374824, 30.7166679 ] } },
{ "type": "Feature", "properties": { "name": "K k hotels", "primary_type": "Food and Drinks", "sector_name": "52", "secondary_type": "bar" }, "geometry": { "type": "Point", "coordinates": [ 76.7381773, 30.7166487 ] } },
{ "type": "Feature", "properties": { "name": "Park & Playground", "primary_type": "Tourism", "sector_name": "20", "secondary_type": "park" }, "geometry": { "type": "Point", "coordinates": [ 76.7772028, 30.7185418 ] } },
{ "type": "Feature", "properties": { "name": "Sector 20D - Park", "primary_type": "Tourism", "sector_name": "20", "secondary_type": "park" }, "geometry": { "type": "Point", "coordinates": [ 76.7771864, 30.7185995 ] } },
{ "type": "Feature", "properties": { "name": "Park No.20C71", "primary_type": "Tourism", "sector_name": "20", "secondary_type": "park" }, "geometry": { "type": "Point", "coordinates": [ 76.777079, 30.7185579 ] } },
{ "type": "Feature", "properties": { "name": "Blessings", "primary_type": "Shopping", "sector_name": "20", "secondary_type": "clothing_store" }, "geometry": { "type": "Point", "coordinates": [ 76.7766415, 30.71749 ] } },
{ "type": "Feature", "properties": { "name": "ReShape - women fitness center", "primary_type": "Sports", "sector_name": "20", "secondary_type": "gym" }, "geometry": { "type": "Point", "coordinates": [ 76.7768427, 30.7172889 ] } },
{ "type": "Feature", "properties": { "name": "Shri Satguru Trading Company - Chirag Tailor", "primary_type": "Shopping", "sector_name": "20", "secondary_type": "clothing_store" }, "geometry": { "type": "Point", "coordinates": [ 76.7772667, 30.7169864 ] } },
{ "type": "Feature", "properties": { "name": "Green Belt", "primary_type": "Tourism", "sector_name": "20", "secondary_type": "park" }, "geometry": { "type": "Point", "coordinates": [ 76.7793214, 30.7197747 ] } },
{ "type": "Feature", "properties": { "name": "Shiv Export House", "primary_type": "Shopping", "sector_name": "20", "secondary_type": "clothing_store" }, "geometry": { "type": "Point", "coordinates": [ 76.7770237, 30.7169631 ] } },
{ "type": "Feature", "properties": { "name": "Vikas Garments", "primary_type": "Shopping", "sector_name": "20", "secondary_type": "clothing_store" }, "geometry": { "type": "Point", "coordinates": [ 76.777138, 30.7169138 ] } },
{ "type": "Feature", "properties": { "name": "Park No. 20D85", "primary_type": "Tourism", "sector_name": "20", "secondary_type": "park" }, "geometry": { "type": "Point", "coordinates": [ 76.7781421, 30.719001 ] } },
{ "type": "Feature", "properties": { "name": "Arihant Enterprises", "primary_type": "Shopping", "sector_name": "20", "secondary_type": "wholesaler" }, "geometry": { "type": "Point", "coordinates": [ 76.7771505, 30.7168141 ] } },
{ "type": "Feature", "properties": { "name": "Park No.20D78", "primary_type": "Tourism", "sector_name": "20", "secondary_type": "park" }, "geometry": { "type": "Point", "coordinates": [ 76.7762961, 30.7185686 ] } },
{ "type": "Feature", "properties": { "name": "Thakur Karyana & Confectionery", "primary_type": "Essential Services", "sector_name": "20", "secondary_type": "grocery_store" }, "geometry": { "type": "Point", "coordinates": [ 76.7779247, 30.7167904 ] } },
{ "type": "Feature", "properties": { "name": "S AND S TRADERS", "primary_type": "Shopping", "sector_name": "20", "secondary_type": "book_store" }, "geometry": { "type": "Point", "coordinates": [ 76.7776536, 30.7202641 ] } },
{ "type": "Feature", "properties": { "name": "S.R. Traders", "primary_type": "Shopping", "sector_name": "20", "secondary_type": "wholesaler" }, "geometry": { "type": "Point", "coordinates": [ 76.7776536, 30.7202641 ] } },
{ "type": "Feature", "properties": { "name": "Parkash Aushdhalya", "primary_type": "Essential Services", "sector_name": "20", "secondary_type": "pharmacy" }, "geometry": { "type": "Point", "coordinates": [ 76.7776537, 30.720264 ] } },
{ "type": "Feature", "properties": { "name": "Calisthenics and Personal training 🤸‍♀️", "primary_type": "Sports", "sector_name": "20", "secondary_type": "fitness_center" }, "geometry": { "type": "Point", "coordinates": [ 76.7764078, 30.720786 ] } },
{ "type": "Feature", "properties": { "name": "KSI Medicare Pvt. Ltd.", "primary_type": "Essential Services", "sector_name": "20", "secondary_type": "hospital" }, "geometry": { "type": "Point", "coordinates": [ 76.7773091, 30.72013 ] } },
{ "type": "Feature", "properties": { "name": "Park No. 20D81", "primary_type": "Tourism", "sector_name": "20", "secondary_type": "park" }, "geometry": { "type": "Point", "coordinates": [ 76.775822, 30.7214304 ] } },
{ "type": "Feature", "properties": { "name": "Public Park - Sector 20 D", "primary_type": "Tourism", "sector_name": "20", "secondary_type": "park" }, "geometry": { "type": "Point", "coordinates": [ 76.7782226, 30.7226597 ] } },
{ "type": "Feature", "properties": { "name": "Kishan chicken king", "primary_type": "Food and Drinks", "sector_name": "20", "secondary_type": "restaurant" }, "geometry": { "type": "Point", "coordinates": [ 76.7787492, 30.7226573 ] } },
{ "type": "Feature", "properties": { "name": "The Happy Stretch", "primary_type": "Sports", "sector_name": "20", "secondary_type": "yoga_studio" }, "geometry": { "type": "Point", "coordinates": [ 76.7792857, 30.7223265 ] } },
{ "type": "Feature", "properties": { "name": "Meri Bulbul by Sonia Kohli", "primary_type": "Shopping", "sector_name": "21", "secondary_type": "clothing_store" }, "geometry": { "type": "Point", "coordinates": [ 76.7763429, 30.7228024 ] } },
{ "type": "Feature", "properties": { "name": "Azad Market", "primary_type": "Shopping", "sector_name": "20", "secondary_type": "market" }, "geometry": { "type": "Point", "coordinates": [ 76.7786697, 30.7228769 ] } },
{ "type": "Feature", "properties": { "name": "JAIN TRADERS", "primary_type": "Shopping", "sector_name": "20", "secondary_type": "wholesaler" }, "geometry": { "type": "Point", "coordinates": [ 76.7796709, 30.721852 ] } },
{ "type": "Feature", "properties": { "name": "Momo Empire", "primary_type": "Food and Drinks", "sector_name": "20", "secondary_type": "restaurant" }, "geometry": { "type": "Point", "coordinates": [ 76.7789542, 30.7227479 ] } },
{ "type": "Feature", "properties": { "name": "Indian Bank Sector 20D Branch", "primary_type": "Essential Services", "sector_name": "20", "secondary_type": "bank" }, "geometry": { "type": "Point", "coordinates": [ 76.7795094, 30.7222265 ] } },
{ "type": "Feature", "properties": { "name": "Sector 20C - Park", "primary_type": "Tourism", "sector_name": "20", "secondary_type": "park" }, "geometry": { "type": "Point", "coordinates": [ 76.7812726, 30.7188485 ] } },
{ "type": "Feature", "properties": { "name": "SHRUTISHARMA BEST BOUTIQUE IN CHANDIGARH - DESIGNER DRESSES", "primary_type": "Shopping", "sector_name": "20", "secondary_type": "clothing_store" }, "geometry": { "type": "Point", "coordinates": [ 76.7805384, 30.7177394 ] } },
{ "type": "Feature", "properties": { "name": "Dr. Munish Dev - Cadiologist In Chandigarh - Heart Specialist In Chandigarh", "primary_type": "Essential Services", "sector_name": "20", "secondary_type": "doctor" }, "geometry": { "type": "Point", "coordinates": [ 76.7805384, 30.7177394 ] } },
{ "type": "Feature", "properties": { "name": "Sector 20c Chandigarh", "primary_type": "Shopping", "sector_name": "20", "secondary_type": "book_store" }, "geometry": { "type": "Point", "coordinates": [ 76.7805384, 30.7177394 ] } },
{ "type": "Feature", "properties": { "name": "Mandi", "primary_type": "Food and Drinks", "sector_name": "20", "secondary_type": "bar" }, "geometry": { "type": "Point", "coordinates": [ 76.7805384, 30.7177394 ] } },
{ "type": "Feature", "properties": { "name": "Trinity Opd", "primary_type": "Essential Services", "sector_name": "20", "secondary_type": "hospital" }, "geometry": { "type": "Point", "coordinates": [ 76.7805384, 30.7177394 ] } },
{ "type": "Feature", "properties": { "name": "Public Book Centre", "primary_type": "Shopping", "sector_name": "20", "secondary_type": "book_store" }, "geometry": { "type": "Point", "coordinates": [ 76.780538, 30.717739 ] } },
{ "type": "Feature", "properties": { "name": "Park No.20C54", "primary_type": "Tourism", "sector_name": "20", "secondary_type": "park" }, "geometry": { "type": "Point", "coordinates": [ 76.7822449, 30.7189375 ] } },
{ "type": "Feature", "properties": { "name": "Deepak Car rental Agency Chandigarh /Taxi Service in chandigarh /Tempo Traveller in Chandiagrh", "primary_type": "Public Transport", "sector_name": "20", "secondary_type": "taxi_stand" }, "geometry": { "type": "Point", "coordinates": [ 76.781443, 30.719056 ] } },
{ "type": "Feature", "properties": { "name": "VIJAY AND DAUGHTERS CHEMISTS", "primary_type": "Essential Services", "sector_name": "20", "secondary_type": "drugstore" }, "geometry": { "type": "Point", "coordinates": [ 76.7827975, 30.7185861 ] } },
{ "type": "Feature", "properties": { "name": "Park No. 20C63", "primary_type": "Tourism", "sector_name": "20", "secondary_type": "park" }, "geometry": { "type": "Point", "coordinates": [ 76.7802705, 30.7172603 ] } },
{ "type": "Feature", "properties": { "name": "Sethi Provision & General Store", "primary_type": "Essential Services", "sector_name": "20", "secondary_type": "food_store" }, "geometry": { "type": "Point", "coordinates": [ 76.7832732, 30.7190536 ] } },
{ "type": "Feature", "properties": { "name": "Jain General Store", "primary_type": "Shopping", "sector_name": "20", "secondary_type": "clothing_store" }, "geometry": { "type": "Point", "coordinates": [ 76.7835133, 30.7187681 ] } },
{ "type": "Feature", "properties": { "name": "GCDL Shopping", "primary_type": "Shopping", "sector_name": "20", "secondary_type": "shopping_mall" }, "geometry": { "type": "Point", "coordinates": [ 76.7831556, 30.7192161 ] } },
{ "type": "Feature", "properties": { "name": "AROGYA MEDI SHOP", "primary_type": "Essential Services", "sector_name": "20", "secondary_type": "pharmacy" }, "geometry": { "type": "Point", "coordinates": [ 76.783574, 30.7188067 ] } },
{ "type": "Feature", "properties": { "name": "Mahindra Provision & General Store", "primary_type": "Essential Services", "sector_name": "20", "secondary_type": "grocery_store" }, "geometry": { "type": "Point", "coordinates": [ 76.7834378, 30.719018 ] } },
{ "type": "Feature", "properties": { "name": "Batra homeo hall", "primary_type": "Essential Services", "sector_name": "20", "secondary_type": "pharmacy" }, "geometry": { "type": "Point", "coordinates": [ 76.7837265, 30.7185554 ] } },
{ "type": "Feature", "properties": { "name": "Frioj ahamad Ahamad", "primary_type": "Shopping", "sector_name": "20", "secondary_type": "clothing_store" }, "geometry": { "type": "Point", "coordinates": [ 76.7816057, 30.7210304 ] } },
{ "type": "Feature", "properties": { "name": "Chana Bhatura King", "primary_type": "Food and Drinks", "sector_name": "20", "secondary_type": "fast_food_restaurant" }, "geometry": { "type": "Point", "coordinates": [ 76.7817192, 30.7210151 ] } },
{ "type": "Feature", "properties": { "name": "Narindera Provision & General Store", "primary_type": "Essential Services", "sector_name": "20", "secondary_type": "grocery_store" }, "geometry": { "type": "Point", "coordinates": [ 76.7816236, 30.7210182 ] } },
{ "type": "Feature", "properties": { "name": "Rehri Market Sector 20C", "primary_type": "Shopping", "sector_name": "20", "secondary_type": "market" }, "geometry": { "type": "Point", "coordinates": [ 76.7814791, 30.7211007 ] } },
{ "type": "Feature", "properties": { "name": "Sarita Garments", "primary_type": "Shopping", "sector_name": "20", "secondary_type": "clothing_store" }, "geometry": { "type": "Point", "coordinates": [ 76.7817377, 30.7213825 ] } },
{ "type": "Feature", "properties": { "name": "Ravi Variety Store", "primary_type": "Shopping", "sector_name": "20", "secondary_type": "book_store" }, "geometry": { "type": "Point", "coordinates": [ 76.7816565, 30.7209892 ] } },
{ "type": "Feature", "properties": { "name": "chander dhaba", "primary_type": "Food and Drinks", "sector_name": "20", "secondary_type": "indian_restaurant" }, "geometry": { "type": "Point", "coordinates": [ 76.7815238, 30.7210445 ] } },
{ "type": "Feature", "properties": { "name": "Palace Bazar", "primary_type": "Shopping", "sector_name": "20", "secondary_type": "market" }, "geometry": { "type": "Point", "coordinates": [ 76.7817383, 30.7209825 ] } },
{ "type": "Feature", "properties": { "name": "Shivam Book store", "primary_type": "Shopping", "sector_name": "20", "secondary_type": "book_store" }, "geometry": { "type": "Point", "coordinates": [ 76.7817319, 30.7209687 ] } },
{ "type": "Feature", "properties": { "name": "New Fashion Boutique", "primary_type": "Shopping", "sector_name": "20", "secondary_type": "clothing_store" }, "geometry": { "type": "Point", "coordinates": [ 76.7816682, 30.7209407 ] } },
{ "type": "Feature", "properties": { "name": "Laxmi chemist", "primary_type": "Essential Services", "sector_name": "20", "secondary_type": "pharmacy" }, "geometry": { "type": "Point", "coordinates": [ 76.7814276, 30.7209746 ] } },
{ "type": "Feature", "properties": { "name": "Oscar GYM", "primary_type": "Sports", "sector_name": "20", "secondary_type": "gym" }, "geometry": { "type": "Point", "coordinates": [ 76.7819485, 30.7208944 ] } },
{ "type": "Feature", "properties": { "name": "Deepak Provision Store", "primary_type": "Essential Services", "sector_name": "20", "secondary_type": "grocery_store" }, "geometry": { "type": "Point", "coordinates": [ 76.7819583, 30.7208909 ] } },
{ "type": "Feature", "properties": { "name": "ICICI Bank Sector 20 D, Chandigarh-Branch & ATM", "primary_type": "Essential Services", "sector_name": "20", "secondary_type": "bank" }, "geometry": { "type": "Point", "coordinates": [ 76.7812703, 30.7213364 ] } },
{ "type": "Feature", "properties": { "name": "Dr. Deepak Tyagi", "primary_type": "Essential Services", "sector_name": "20", "secondary_type": "doctor" }, "geometry": { "type": "Point", "coordinates": [ 76.7812596, 30.7213417 ] } },
{ "type": "Feature", "properties": { "name": "Dr. Navjot Kaur Oncopathologist", "primary_type": "Essential Services", "sector_name": "20", "secondary_type": "doctor" }, "geometry": { "type": "Point", "coordinates": [ 76.782179, 30.7243968 ] } },
{ "type": "Feature", "properties": { "name": "Green Belt house 301 onwards", "primary_type": "Tourism", "sector_name": "20", "secondary_type": "park" }, "geometry": { "type": "Point", "coordinates": [ 76.7822343, 30.7238098 ] } },
{ "type": "Feature", "properties": { "name": "Sector 20A - Park", "primary_type": "Tourism", "sector_name": "20", "secondary_type": "park" }, "geometry": { "type": "Point", "coordinates": [ 76.7806279, 30.7246265 ] } },
{ "type": "Feature", "properties": { "name": "Roll Over", "primary_type": "Food and Drinks", "sector_name": "20", "secondary_type": "restaurant" }, "geometry": { "type": "Point", "coordinates": [ 76.780462, 30.7248453 ] } },
{ "type": "Feature", "properties": { "name": "Mandir Dresses 508", "primary_type": "Shopping", "sector_name": "20", "secondary_type": "clothing_store" }, "geometry": { "type": "Point", "coordinates": [ 76.7820428, 30.7233414 ] } },
{ "type": "Feature", "properties": { "name": "Badminton", "primary_type": "Sports", "sector_name": "20", "secondary_type": "gym" }, "geometry": { "type": "Point", "coordinates": [ 76.7820378, 30.7255983 ] } },
{ "type": "Feature", "properties": { "name": "Dr. Sagar Malhan", "primary_type": "Essential Services", "sector_name": "20", "secondary_type": "dentist" }, "geometry": { "type": "Point", "coordinates": [ 76.7813192, 30.7231376 ] } },
{ "type": "Feature", "properties": { "name": "Surinder Tailors", "primary_type": "Shopping", "sector_name": "20", "secondary_type": "clothing_store" }, "geometry": { "type": "Point", "coordinates": [ 76.7832593, 30.7241363 ] } },
{ "type": "Feature", "properties": { "name": "Dr Sumita - Best Nephrologist in Chandigarh | Best Kidney Transplant Doctor in Chandigarh", "primary_type": "Essential Services", "sector_name": "21", "secondary_type": "doctor" }, "geometry": { "type": "Point", "coordinates": [ 76.7805658, 30.7258247 ] } },
{ "type": "Feature", "properties": { "name": "GARG GARMENTS", "primary_type": "Shopping", "sector_name": "20", "secondary_type": "clothing_store" }, "geometry": { "type": "Point", "coordinates": [ 76.7804355, 30.7230213 ] } },
{ "type": "Feature", "properties": { "name": "PQGJ+H97", "primary_type": "Tourism", "sector_name": "21", "secondary_type": "park" }, "geometry": { "type": "Point", "coordinates": [ 76.7809441, 30.7264685 ] } },
{ "type": "Feature", "properties": { "name": "Road", "primary_type": "Tourism", "sector_name": "20", "secondary_type": "park" }, "geometry": { "type": "Point", "coordinates": [ 76.781485, 30.722291 ] } },
{ "type": "Feature", "properties": { "name": "Park No.20A04", "primary_type": "Tourism", "sector_name": "20", "secondary_type": "park" }, "geometry": { "type": "Point", "coordinates": [ 76.7804066, 30.722762 ] } },
{ "type": "Feature", "properties": { "name": "Park 10A", "primary_type": "Tourism", "sector_name": "21", "secondary_type": "park" }, "geometry": { "type": "Point", "coordinates": [ 76.7809303, 30.7264146 ] } },
{ "type": "Feature", "properties": { "name": "Dr. Pallavi Pasricha", "primary_type": "Essential Services", "sector_name": "21", "secondary_type": "doctor" }, "geometry": { "type": "Point", "coordinates": [ 76.7792396, 30.7246692 ] } },
{ "type": "Feature", "properties": { "name": "Dr Kochar's - House of Smiles", "primary_type": "Essential Services", "sector_name": "21", "secondary_type": "dental_clinic" }, "geometry": { "type": "Point", "coordinates": [ 76.7792513, 30.7251736 ] } },
{ "type": "Feature", "properties": { "name": "Pakora King", "primary_type": "Food and Drinks", "sector_name": "20", "secondary_type": "fast_food_restaurant" }, "geometry": { "type": "Point", "coordinates": [ 76.7841349, 30.7252961 ] } },
{ "type": "Feature", "properties": { "name": "Sweat Nation", "primary_type": "Shopping", "sector_name": "20", "secondary_type": "clothing_store" }, "geometry": { "type": "Point", "coordinates": [ 76.7863078, 30.7211568 ] } },
{ "type": "Feature", "properties": { "name": "Park Number 20B34", "primary_type": "Tourism", "sector_name": "20", "secondary_type": "park" }, "geometry": { "type": "Point", "coordinates": [ 76.787549, 30.7211399 ] } },
{ "type": "Feature", "properties": { "name": "Sector 20B - Park", "primary_type": "Tourism", "sector_name": "20", "secondary_type": "park" }, "geometry": { "type": "Point", "coordinates": [ 76.7841986, 30.7209791 ] } },
{ "type": "Feature", "properties": { "name": "Jasmeet Singh Digital Marketing", "primary_type": "Shopping", "sector_name": "20", "secondary_type": "shopping_mall" }, "geometry": { "type": "Point", "coordinates": [ 76.7877042, 30.72131 ] } },
{ "type": "Feature", "properties": { "name": "neetu fashion studio", "primary_type": "Entertainment", "sector_name": "20", "secondary_type": "historical_place" }, "geometry": { "type": "Point", "coordinates": [ 76.7843275, 30.7201747 ] } },
{ "type": "Feature", "properties": { "name": "Park No.20B30 - Parking", "primary_type": "Tourism", "sector_name": "20", "secondary_type": "park" }, "geometry": { "type": "Point", "coordinates": [ 76.7881407, 30.7211673 ] } },
{ "type": "Feature", "properties": { "name": "PQFP+G4H", "primary_type": "Tourism", "sector_name": "20", "secondary_type": "park" }, "geometry": { "type": "Point", "coordinates": [ 76.7860374, 30.7240393 ] } },
{ "type": "Feature", "properties": { "name": "Park No. 20B29", "primary_type": "Tourism", "sector_name": "20", "secondary_type": "park" }, "geometry": { "type": "Point", "coordinates": [ 76.7883731, 30.7211935 ] } },
{ "type": "Feature", "properties": { "name": "Bharat Sharma", "primary_type": "Essential Services", "sector_name": "20", "secondary_type": "pharmacy" }, "geometry": { "type": "Point", "coordinates": [ 76.7832962, 30.7206337 ] } },
{ "type": "Feature", "properties": { "name": "Sector 20 A,Green Park", "primary_type": "Tourism", "sector_name": "20", "secondary_type": "park" }, "geometry": { "type": "Point", "coordinates": [ 76.78375, 30.7226446 ] } },
{ "type": "Feature", "properties": { "name": "Park No.20B39", "primary_type": "Tourism", "sector_name": "20", "secondary_type": "park" }, "geometry": { "type": "Point", "coordinates": [ 76.7829497, 30.7213638 ] } },
{ "type": "Feature", "properties": { "name": "Shukar bazar", "primary_type": "Shopping", "sector_name": "20", "secondary_type": "clothing_store" }, "geometry": { "type": "Point", "coordinates": [ 76.7857677, 30.724 ] } },
{ "type": "Feature", "properties": { "name": "Police Quarters And Gym&Spa", "primary_type": "Sports", "sector_name": "20", "secondary_type": "gym" }, "geometry": { "type": "Point", "coordinates": [ 76.7852101, 30.7244071 ] } },
{ "type": "Feature", "properties": { "name": "Park Sector 20A", "primary_type": "Tourism", "sector_name": "20", "secondary_type": "park" }, "geometry": { "type": "Point", "coordinates": [ 76.7853657, 30.7238175 ] } },
{ "type": "Feature", "properties": { "name": "PQGQ+545", "primary_type": "Tourism", "sector_name": "19", "secondary_type": "park" }, "geometry": { "type": "Point", "coordinates": [ 76.7879304, 30.7253811 ] } },
{ "type": "Feature", "properties": { "name": "Sector 19-D Park", "primary_type": "Tourism", "sector_name": "19", "secondary_type": "park" }, "geometry": { "type": "Point", "coordinates": [ 76.7878444, 30.7253793 ] } },
{ "type": "Feature", "properties": { "name": "Park Number 20A19", "primary_type": "Tourism", "sector_name": "20", "secondary_type": "park" }, "geometry": { "type": "Point", "coordinates": [ 76.7847374, 30.7269876 ] } },
{ "type": "Feature", "properties": { "name": "Sector 19 D Park", "primary_type": "Tourism", "sector_name": "19", "secondary_type": "park" }, "geometry": { "type": "Point", "coordinates": [ 76.7870659, 30.7269973 ] } },
{ "type": "Feature", "properties": { "name": "Riksha Stand", "primary_type": "Public Transport", "sector_name": "19", "secondary_type": "taxi_stand" }, "geometry": { "type": "Point", "coordinates": [ 76.7858582, 30.7273293 ] } },
{ "type": "Feature", "properties": { "name": "Gulmohar Garden", "primary_type": "Tourism", "sector_name": "27", "secondary_type": "park" }, "geometry": { "type": "Point", "coordinates": [ 76.7976655, 30.722151 ] } },
{ "type": "Feature", "properties": { "name": "JAIN LADIES TAILOR", "primary_type": "Shopping", "sector_name": "27", "secondary_type": "tailor" }, "geometry": { "type": "Point", "coordinates": [ 76.7946609, 30.721953 ] } },
{ "type": "Feature", "properties": { "name": "PQ9X+94J", "primary_type": "Tourism", "sector_name": "27", "secondary_type": "park" }, "geometry": { "type": "Point", "coordinates": [ 76.7975754, 30.7187019 ] } },
{ "type": "Feature", "properties": { "name": "Park gulmohar", "primary_type": "Tourism", "sector_name": "27", "secondary_type": "park" }, "geometry": { "type": "Point", "coordinates": [ 76.796912, 30.7215164 ] } },
{ "type": "Feature", "properties": { "name": "PQ9X+RC4", "primary_type": "Tourism", "sector_name": "27", "secondary_type": "park" }, "geometry": { "type": "Point", "coordinates": [ 76.7982965, 30.7196582 ] } },
{ "type": "Feature", "properties": { "name": "Vastrabyvijetachauhan", "primary_type": "Shopping", "sector_name": "27", "secondary_type": "clothing_store" }, "geometry": { "type": "Point", "coordinates": [ 76.794162, 30.722663 ] } },
{ "type": "Feature", "properties": { "name": "The Rice Hub En Bonne Sante'", "primary_type": "Food and Drinks", "sector_name": "27", "secondary_type": "restaurant" }, "geometry": { "type": "Point", "coordinates": [ 76.7941624, 30.7226632 ] } },
{ "type": "Feature", "properties": { "name": "Sai fast food", "primary_type": "Food and Drinks", "sector_name": "27", "secondary_type": "fast_food_restaurant" }, "geometry": { "type": "Point", "coordinates": [ 76.7941622, 30.7226633 ] } },
{ "type": "Feature", "properties": { "name": "Simple park", "primary_type": "Tourism", "sector_name": "27", "secondary_type": "park" }, "geometry": { "type": "Point", "coordinates": [ 76.7969237, 30.7174967 ] } },
{ "type": "Feature", "properties": { "name": "Patanjali Arogya Kendra", "primary_type": "Essential Services", "sector_name": "27", "secondary_type": "hospital" }, "geometry": { "type": "Point", "coordinates": [ 76.7978612, 30.7195032 ] } },
{ "type": "Feature", "properties": { "name": "Sanjay Dhaba", "primary_type": "Food and Drinks", "sector_name": "27", "secondary_type": "restaurant" }, "geometry": { "type": "Point", "coordinates": [ 76.7978612, 30.7195032 ] } },
{ "type": "Feature", "properties": { "name": "Anytime Store", "primary_type": "Essential Services", "sector_name": "27", "secondary_type": "grocery_store" }, "geometry": { "type": "Point", "coordinates": [ 76.7978612, 30.7195032 ] } },
{ "type": "Feature", "properties": { "name": "Dr Rajeev Trehan MD", "primary_type": "Essential Services", "sector_name": "27", "secondary_type": "doctor" }, "geometry": { "type": "Point", "coordinates": [ 76.7943498, 30.7227691 ] } },
{ "type": "Feature", "properties": { "name": "PQFV+6J6", "primary_type": "Tourism", "sector_name": "27", "secondary_type": "park" }, "geometry": { "type": "Point", "coordinates": [ 76.7939699, 30.7230932 ] } },
{ "type": "Feature", "properties": { "name": "Sector 27D Park B", "primary_type": "Tourism", "sector_name": "27", "secondary_type": "park" }, "geometry": { "type": "Point", "coordinates": [ 76.7940195, 30.7230385 ] } },
{ "type": "Feature", "properties": { "name": "Dr. Varinder Homeopathy Clinic", "primary_type": "Essential Services", "sector_name": "27", "secondary_type": "doctor" }, "geometry": { "type": "Point", "coordinates": [ 76.7934178, 30.7227386 ] } },
{ "type": "Feature", "properties": { "name": "Dr Varinder Guptas Clinic", "primary_type": "Essential Services", "sector_name": "27", "secondary_type": "hospital" }, "geometry": { "type": "Point", "coordinates": [ 76.7934178, 30.7227386 ] } },
{ "type": "Feature", "properties": { "name": "VIKASH GARMENT", "primary_type": "Shopping", "sector_name": "27", "secondary_type": "clothing_store" }, "geometry": { "type": "Point", "coordinates": [ 76.7941145, 30.7238936 ] } },
{ "type": "Feature", "properties": { "name": "MANOJ GARMENTS", "primary_type": "Shopping", "sector_name": "27", "secondary_type": "clothing_store" }, "geometry": { "type": "Point", "coordinates": [ 76.7941145, 30.7238936 ] } },
{ "type": "Feature", "properties": { "name": "ParkNo 27 D 56", "primary_type": "Tourism", "sector_name": "27", "secondary_type": "park" }, "geometry": { "type": "Point", "coordinates": [ 76.7926345, 30.7226837 ] } },
{ "type": "Feature", "properties": { "name": "PQFW+H58", "primary_type": "Tourism", "sector_name": "27", "secondary_type": "park" }, "geometry": { "type": "Point", "coordinates": [ 76.7954121, 30.7239474 ] } },
{ "type": "Feature", "properties": { "name": "Sadar bazar chandigarh", "primary_type": "Shopping", "sector_name": "27", "secondary_type": "clothing_store" }, "geometry": { "type": "Point", "coordinates": [ 76.793441, 30.723968 ] } },
{ "type": "Feature", "properties": { "name": "Mid Park", "primary_type": "Tourism", "sector_name": "27", "secondary_type": "park" }, "geometry": { "type": "Point", "coordinates": [ 76.7954522, 30.7239218 ] } },
{ "type": "Feature", "properties": { "name": "Verma Garments", "primary_type": "Shopping", "sector_name": "27", "secondary_type": "clothing_store" }, "geometry": { "type": "Point", "coordinates": [ 76.7944597, 30.7244343 ] } },
{ "type": "Feature", "properties": { "name": "Manoj Footwear", "primary_type": "Shopping", "sector_name": "19", "secondary_type": "market" }, "geometry": { "type": "Point", "coordinates": [ 76.7939676, 30.7245254 ] } },
{ "type": "Feature", "properties": { "name": "Navdurga garments", "primary_type": "Shopping", "sector_name": "19", "secondary_type": "clothing_store" }, "geometry": { "type": "Point", "coordinates": [ 76.7939676, 30.7245254 ] } },
{ "type": "Feature", "properties": { "name": "Sadar Market sector 19C", "primary_type": "Shopping", "sector_name": "19", "secondary_type": "clothing_store" }, "geometry": { "type": "Point", "coordinates": [ 76.7939676, 30.7245254 ] } },
{ "type": "Feature", "properties": { "name": "Great park", "primary_type": "Tourism", "sector_name": "27", "secondary_type": "park" }, "geometry": { "type": "Point", "coordinates": [ 76.7985846, 30.7195239 ] } },
{ "type": "Feature", "properties": { "name": "Dr I P S Sachdeva", "primary_type": "Essential Services", "sector_name": "27", "secondary_type": "doctor" }, "geometry": { "type": "Point", "coordinates": [ 76.7990412, 30.7190416 ] } },
{ "type": "Feature", "properties": { "name": "Park - Sector 27C", "primary_type": "Tourism", "sector_name": "27", "secondary_type": "park" }, "geometry": { "type": "Point", "coordinates": [ 76.7977569, 30.71846 ] } },
{ "type": "Feature", "properties": { "name": "Public Park - Sector 27C", "primary_type": "Tourism", "sector_name": "27", "secondary_type": "park" }, "geometry": { "type": "Point", "coordinates": [ 76.7983786, 30.7214948 ] } },
{ "type": "Feature", "properties": { "name": "TRI-CITY FITNESS GYM", "primary_type": "Sports", "sector_name": "27", "secondary_type": "gym" }, "geometry": { "type": "Point", "coordinates": [ 76.7996713, 30.7212537 ] } },
{ "type": "Feature", "properties": { "name": "RBL bank", "primary_type": "Essential Services", "sector_name": "27", "secondary_type": "bank" }, "geometry": { "type": "Point", "coordinates": [ 76.8004035, 30.7206559 ] } },
{ "type": "Feature", "properties": { "name": "GURANSH MEDICOS", "primary_type": "Essential Services", "sector_name": "27", "secondary_type": "drugstore" }, "geometry": { "type": "Point", "coordinates": [ 76.8005239, 30.7205655 ] } },
{ "type": "Feature", "properties": { "name": "Hunger Tribe", "primary_type": "Food and Drinks", "sector_name": "27", "secondary_type": "fast_food_restaurant" }, "geometry": { "type": "Point", "coordinates": [ 76.8002104, 30.7209592 ] } },
{ "type": "Feature", "properties": { "name": "Make Me Fit - Personal Training Studio Chandigarh", "primary_type": "Sports", "sector_name": "27", "secondary_type": "fitness_center" }, "geometry": { "type": "Point", "coordinates": [ 76.8001122, 30.7210658 ] } },
{ "type": "Feature", "properties": { "name": "Yes Bank", "primary_type": "Essential Services", "sector_name": "27", "secondary_type": "bank" }, "geometry": { "type": "Point", "coordinates": [ 76.8005627, 30.7205549 ] } },
{ "type": "Feature", "properties": { "name": "Ess Dee Stores", "primary_type": "Shopping", "sector_name": "27", "secondary_type": "clothing_store" }, "geometry": { "type": "Point", "coordinates": [ 76.8005172, 30.7206326 ] } },
{ "type": "Feature", "properties": { "name": "Kanwal Jit Dr Saini", "primary_type": "Essential Services", "sector_name": "27", "secondary_type": "doctor" }, "geometry": { "type": "Point", "coordinates": [ 76.7985552, 30.7231402 ] } },
{ "type": "Feature", "properties": { "name": "Neelkanth Eating Corner", "primary_type": "Food and Drinks", "sector_name": "27", "secondary_type": "fast_food_restaurant" }, "geometry": { "type": "Point", "coordinates": [ 76.799003, 30.7223661 ] } },
{ "type": "Feature", "properties": { "name": "Shree Ram Leela Maidhan", "primary_type": "Tourism", "sector_name": "27", "secondary_type": "park" }, "geometry": { "type": "Point", "coordinates": [ 76.797738, 30.7230707 ] } },
{ "type": "Feature", "properties": { "name": "Ahinsa Park", "primary_type": "Tourism", "sector_name": "27", "secondary_type": "park" }, "geometry": { "type": "Point", "coordinates": [ 76.7992575, 30.7231111 ] } },
{ "type": "Feature", "properties": { "name": "Anand Fragrances & Flavours.", "primary_type": "Shopping", "sector_name": "27", "secondary_type": "clothing_store" }, "geometry": { "type": "Point", "coordinates": [ 76.7993009, 30.7223496 ] } },
{ "type": "Feature", "properties": { "name": "Kehar khanna khazana", "primary_type": "Food and Drinks", "sector_name": "27", "secondary_type": "restaurant" }, "geometry": { "type": "Point", "coordinates": [ 76.7992133, 30.722151 ] } },
{ "type": "Feature", "properties": { "name": "Market Sector 27", "primary_type": "Shopping", "sector_name": "27", "secondary_type": "market" }, "geometry": { "type": "Point", "coordinates": [ 76.7992752, 30.7221776 ] } },
{ "type": "Feature", "properties": { "name": "Government Homoeopathic Dispensary", "primary_type": "Essential Services", "sector_name": "27", "secondary_type": "hospital" }, "geometry": { "type": "Point", "coordinates": [ 76.7980631, 30.7236264 ] } },
{ "type": "Feature", "properties": { "name": "Gosain Medicos Chemist & Druggist", "primary_type": "Essential Services", "sector_name": "27", "secondary_type": "drugstore" }, "geometry": { "type": "Point", "coordinates": [ 76.7992831, 30.7221619 ] } },
{ "type": "Feature", "properties": { "name": "La Pino'z Pizza Sector-27 Chandigarh", "primary_type": "Food and Drinks", "sector_name": "27", "secondary_type": "pizza_restaurant" }, "geometry": { "type": "Point", "coordinates": [ 76.799223, 30.7220677 ] } },
{ "type": "Feature", "properties": { "name": "Sardar Ji Hot Dog & Samose Waley", "primary_type": "Food and Drinks", "sector_name": "27", "secondary_type": "fast_food_restaurant" }, "geometry": { "type": "Point", "coordinates": [ 76.7976317, 30.7236346 ] } },
{ "type": "Feature", "properties": { "name": "Navsim Creations", "primary_type": "Shopping", "sector_name": "27", "secondary_type": "clothing_store" }, "geometry": { "type": "Point", "coordinates": [ 76.7976317, 30.7236346 ] } },
{ "type": "Feature", "properties": { "name": "Walking Ground", "primary_type": "Tourism", "sector_name": "27", "secondary_type": "park" }, "geometry": { "type": "Point", "coordinates": [ 76.7976317, 30.7236346 ] } },
{ "type": "Feature", "properties": { "name": "DR. SABHARWALS MEDICALS PVT. LTD", "primary_type": "Essential Services", "sector_name": "27", "secondary_type": "hospital" }, "geometry": { "type": "Point", "coordinates": [ 76.7976317, 30.7236346 ] } },
{ "type": "Feature", "properties": { "name": "Dr Vinay Dua's The Cube Smile Designing Centre", "primary_type": "Essential Services", "sector_name": "27", "secondary_type": "dentist" }, "geometry": { "type": "Point", "coordinates": [ 76.7985528, 30.7262964 ] } },
{ "type": "Feature", "properties": { "name": "Chawlas", "primary_type": "Food and Drinks", "sector_name": "27", "secondary_type": "restaurant" }, "geometry": { "type": "Point", "coordinates": [ 76.798937, 30.725197 ] } },
{ "type": "Feature", "properties": { "name": "Agriventure Organics", "primary_type": "Essential Services", "sector_name": "27", "secondary_type": "grocery_store" }, "geometry": { "type": "Point", "coordinates": [ 76.7989395, 30.7265374 ] } },
{ "type": "Feature", "properties": { "name": "Dr. Meenakshi Kumar", "primary_type": "Essential Services", "sector_name": "27", "secondary_type": "doctor" }, "geometry": { "type": "Point", "coordinates": [ 76.799288, 30.7253169 ] } },
{ "type": "Feature", "properties": { "name": "Dr.Shilpa Rana", "primary_type": "Essential Services", "sector_name": "19", "secondary_type": "doctor" }, "geometry": { "type": "Point", "coordinates": [ 76.797673, 30.7269447 ] } },
{ "type": "Feature", "properties": { "name": "Sector 19 and 27 light point hair", "primary_type": "Shopping", "sector_name": "27", "secondary_type": "clothing_store" }, "geometry": { "type": "Point", "coordinates": [ 76.7965371, 30.7259097 ] } },
{ "type": "Feature", "properties": { "name": "Sharma Dental Clinic", "primary_type": "Essential Services", "sector_name": "27", "secondary_type": "dental_clinic" }, "geometry": { "type": "Point", "coordinates": [ 76.7966157, 30.7251577 ] } },
{ "type": "Feature", "properties": { "name": "TWC Skating Academy (Sector 27)", "primary_type": "Sports", "sector_name": "27", "secondary_type": "sports_complex" }, "geometry": { "type": "Point", "coordinates": [ 76.7996485, 30.7242957 ] } },
{ "type": "Feature", "properties": { "name": "Sector 27 Market", "primary_type": "Public Transport", "sector_name": "27", "secondary_type": "bus_station" }, "geometry": { "type": "Point", "coordinates": [ 76.796975, 30.724375 ] } },
{ "type": "Feature", "properties": { "name": "M.G. Supermarket & PROVISION STORE", "primary_type": "Essential Services", "sector_name": "19", "secondary_type": "grocery_store" }, "geometry": { "type": "Point", "coordinates": [ 76.7965519, 30.7270982 ] } },
{ "type": "Feature", "properties": { "name": "Practo Care Surgeries - Dr Mausam Kapil", "primary_type": "Essential Services", "sector_name": "27", "secondary_type": "doctor" }, "geometry": { "type": "Point", "coordinates": [ 76.7963295, 30.7248499 ] } },
{ "type": "Feature", "properties": { "name": "Practo Care Surgeries - Dr Harsh Kumar", "primary_type": "Essential Services", "sector_name": "27", "secondary_type": "doctor" }, "geometry": { "type": "Point", "coordinates": [ 76.7963295, 30.7248499 ] } },
{ "type": "Feature", "properties": { "name": "Dr Seema Wadhwa - Gynaecologist", "primary_type": "Essential Services", "sector_name": "27", "secondary_type": "doctor" }, "geometry": { "type": "Point", "coordinates": [ 76.8034351, 30.7231667 ] } },
{ "type": "Feature", "properties": { "name": "Punjab & Sind Bank", "primary_type": "Essential Services", "sector_name": "27", "secondary_type": "bank" }, "geometry": { "type": "Point", "coordinates": [ 76.8010462, 30.7228436 ] } },
{ "type": "Feature", "properties": { "name": "Public Park 4", "primary_type": "Tourism", "sector_name": "27", "secondary_type": "park" }, "geometry": { "type": "Point", "coordinates": [ 76.8034659, 30.7240714 ] } },
{ "type": "Feature", "properties": { "name": "Swimming Pool Sector 27B", "primary_type": "Sports", "sector_name": "27", "secondary_type": "swimming_pool" }, "geometry": { "type": "Point", "coordinates": [ 76.8008024, 30.7233309 ] } },
{ "type": "Feature", "properties": { "name": "Taabiir by Neha Bamba", "primary_type": "Shopping", "sector_name": "27", "secondary_type": "clothing_store" }, "geometry": { "type": "Point", "coordinates": [ 76.8042915, 30.7235894 ] } },
{ "type": "Feature", "properties": { "name": "PRF2+XVJ", "primary_type": "Tourism", "sector_name": "27", "secondary_type": "park" }, "geometry": { "type": "Point", "coordinates": [ 76.8019019, 30.7249688 ] } },
{ "type": "Feature", "properties": { "name": "Park Sector 27B", "primary_type": "Tourism", "sector_name": "27", "secondary_type": "park" }, "geometry": { "type": "Point", "coordinates": [ 76.802153, 30.7249516 ] } },
{ "type": "Feature", "properties": { "name": "THE DRUNKEN BULL", "primary_type": "Food and Drinks", "sector_name": "27", "secondary_type": "bar" }, "geometry": { "type": "Point", "coordinates": [ 76.8004712, 30.7211025 ] } },
{ "type": "Feature", "properties": { "name": "The burning cables", "primary_type": "Food and Drinks", "sector_name": "27", "secondary_type": "bar" }, "geometry": { "type": "Point", "coordinates": [ 76.8035546, 30.7250848 ] } },
{ "type": "Feature", "properties": { "name": "dr jindals clinic", "primary_type": "Essential Services", "sector_name": "27", "secondary_type": "hospital" }, "geometry": { "type": "Point", "coordinates": [ 76.8048763, 30.7243049 ] } },
{ "type": "Feature", "properties": { "name": "CHICKEN FULL DAY", "primary_type": "Food and Drinks", "sector_name": "27", "secondary_type": "restaurant" }, "geometry": { "type": "Point", "coordinates": [ 76.8002877, 30.7210333 ] } },
{ "type": "Feature", "properties": { "name": "Max Lab (by Max Hospitals), Sector 27, Chandigarh, Blood test, Diagnostic centre, Diagnostic lab", "primary_type": "Essential Services", "sector_name": "27", "secondary_type": "medical_lab" }, "geometry": { "type": "Point", "coordinates": [ 76.8002694, 30.7210462 ] } },
{ "type": "Feature", "properties": { "name": "Trimurti Enterprises", "primary_type": "Shopping", "sector_name": "27", "secondary_type": "clothing_store" }, "geometry": { "type": "Point", "coordinates": [ 76.8002991, 30.7210102 ] } },
{ "type": "Feature", "properties": { "name": "Dogra's Ramu Eating Point", "primary_type": "Food and Drinks", "sector_name": "27", "secondary_type": "fast_food_restaurant" }, "geometry": { "type": "Point", "coordinates": [ 76.8003468, 30.7209567 ] } },
{ "type": "Feature", "properties": { "name": "Dentafix Multispeciality Dental Clinic", "primary_type": "Essential Services", "sector_name": "27", "secondary_type": "dentist" }, "geometry": { "type": "Point", "coordinates": [ 76.8005336, 30.7207226 ] } },
{ "type": "Feature", "properties": { "name": "Car Life Customs | Branded Accessory Store in Chandigarh", "primary_type": "Shopping", "sector_name": "27", "secondary_type": "store" }, "geometry": { "type": "Point", "coordinates": [ 76.8000492, 30.7211721 ] } },
{ "type": "Feature", "properties": { "name": "Dr Jasjit Singh | Physician in Punjab", "primary_type": "Essential Services", "sector_name": "27", "secondary_type": "doctor" }, "geometry": { "type": "Point", "coordinates": [ 76.8017322, 30.7257777 ] } },
{ "type": "Feature", "properties": { "name": "Dr. Harneet Singh GASTRO, LIVER & ENDOSCOPY CENTRE - Gastroenterology & Hepatology SPECIALIST", "primary_type": "Essential Services", "sector_name": "27", "secondary_type": "doctor" }, "geometry": { "type": "Point", "coordinates": [ 76.8012675, 30.7257614 ] } },
{ "type": "Feature", "properties": { "name": "Dr Ivy Sandhu Skin, Hair, LASER, Cosmetology & Hair Transplant Clinic", "primary_type": "Essential Services", "sector_name": "27", "secondary_type": "doctor" }, "geometry": { "type": "Point", "coordinates": [ 76.8012885, 30.7256295 ] } },
{ "type": "Feature", "properties": { "name": "Aditya Birla Retail Limited", "primary_type": "Essential Services", "sector_name": "26", "secondary_type": "supermarket" }, "geometry": { "type": "Point", "coordinates": [ 76.8041465, 30.7261946 ] } },
{ "type": "Feature", "properties": { "name": "Carbon fitness", "primary_type": "Sports", "sector_name": "26", "secondary_type": "fitness_center" }, "geometry": { "type": "Point", "coordinates": [ 76.8039986, 30.7269963 ] } },
{ "type": "Feature", "properties": { "name": "Shaffa", "primary_type": "Food and Drinks", "sector_name": "26", "secondary_type": "indian_restaurant" }, "geometry": { "type": "Point", "coordinates": [ 76.8041016, 30.7269051 ] } },
{ "type": "Feature", "properties": { "name": "Food Point", "primary_type": "Food and Drinks", "sector_name": "26", "secondary_type": "bar" }, "geometry": { "type": "Point", "coordinates": [ 76.804505, 30.726263 ] } },
{ "type": "Feature", "properties": { "name": "Epic Ales Brewer", "primary_type": "Entertainment", "sector_name": "26", "secondary_type": "pub" }, "geometry": { "type": "Point", "coordinates": [ 76.803921, 30.727187 ] } },
{ "type": "Feature", "properties": { "name": "Kingdom Of Beer Microbrewery & Wine Cafe", "primary_type": "Entertainment", "sector_name": "26", "secondary_type": "pub" }, "geometry": { "type": "Point", "coordinates": [ 76.8039209, 30.7271872 ] } },
{ "type": "Feature", "properties": { "name": "The Brew Estate", "primary_type": "Entertainment", "sector_name": "26", "secondary_type": "pub" }, "geometry": { "type": "Point", "coordinates": [ 76.8037412, 30.7273066 ] } },
{ "type": "Feature", "properties": { "name": "Andhra Bank ATM", "primary_type": "Essential Services", "sector_name": "26", "secondary_type": "atm" }, "geometry": { "type": "Point", "coordinates": [ 76.8035935, 30.7274176 ] } },
{ "type": "Feature", "properties": { "name": "Sante-Brewery & Kitchen", "primary_type": "Food and Drinks", "sector_name": "26", "secondary_type": "bar" }, "geometry": { "type": "Point", "coordinates": [ 76.80379, 30.7273786 ] } },
{ "type": "Feature", "properties": { "name": "Haldiram's Sector 26 Chandigarh", "primary_type": "Food and Drinks", "sector_name": "26", "secondary_type": "restaurant" }, "geometry": { "type": "Point", "coordinates": [ 76.8035559, 30.7275175 ] } },
{ "type": "Feature", "properties": { "name": "Bobby Medical Hall", "primary_type": "Essential Services", "sector_name": "54", "secondary_type": "pharmacy" }, "geometry": { "type": "Point", "coordinates": [ 76.7270166, 30.7266532 ] } },
{ "type": "Feature", "properties": { "name": "Sector 54 Park", "primary_type": "Tourism", "sector_name": "54", "secondary_type": "park" }, "geometry": { "type": "Point", "coordinates": [ 76.7269461, 30.725919 ] } },
{ "type": "Feature", "properties": { "name": "Arora Medicos", "primary_type": "Essential Services", "sector_name": "54", "secondary_type": "pharmacy" }, "geometry": { "type": "Point", "coordinates": [ 76.726711, 30.7254318 ] } },
{ "type": "Feature", "properties": { "name": "M G Food Point", "primary_type": "Food and Drinks", "sector_name": "54", "secondary_type": "indian_restaurant" }, "geometry": { "type": "Point", "coordinates": [ 76.7272446, 30.7249428 ] } },
{ "type": "Feature", "properties": { "name": "Educational", "primary_type": "Essential Services", "sector_name": "54", "secondary_type": "doctor" }, "geometry": { "type": "Point", "coordinates": [ 76.7289523, 30.726779 ] } },
{ "type": "Feature", "properties": { "name": "Chandigarh Border", "primary_type": "Tourism", "sector_name": "54", "secondary_type": "historical_landmark" }, "geometry": { "type": "Point", "coordinates": [ 76.7259628, 30.7276548 ] } },
{ "type": "Feature", "properties": { "name": "Flow Rhythm Solutions", "primary_type": "Shopping", "sector_name": "55", "secondary_type": "store" }, "geometry": { "type": "Point", "coordinates": [ 76.7279177, 30.7302849 ] } },
{ "type": "Feature", "properties": { "name": "Prince Snacks", "primary_type": "Food and Drinks", "sector_name": "55", "secondary_type": "restaurant" }, "geometry": { "type": "Point", "coordinates": [ 76.7276304, 30.7303906 ] } },
{ "type": "Feature", "properties": { "name": "RAHI MEDTEC", "primary_type": "Essential Services", "sector_name": "55", "secondary_type": "pharmacy" }, "geometry": { "type": "Point", "coordinates": [ 76.7281924, 30.7303071 ] } },
{ "type": "Feature", "properties": { "name": "Chandigarh paratha junction", "primary_type": "Food and Drinks", "sector_name": "55", "secondary_type": "indian_restaurant" }, "geometry": { "type": "Point", "coordinates": [ 76.7276469, 30.7304451 ] } },
{ "type": "Feature", "properties": { "name": "Chief Medical Agencies", "primary_type": "Shopping", "sector_name": "55", "secondary_type": "wholesaler" }, "geometry": { "type": "Point", "coordinates": [ 76.7276467, 30.7304557 ] } },
{ "type": "Feature", "properties": { "name": "R. K. Enterprises", "primary_type": "Essential Services", "sector_name": "55", "secondary_type": "hospital" }, "geometry": { "type": "Point", "coordinates": [ 76.7267898, 30.7304196 ] } },
{ "type": "Feature", "properties": { "name": "JPD Tiffin Service", "primary_type": "Food and Drinks", "sector_name": "55", "secondary_type": "vegetarian_restaurant" }, "geometry": { "type": "Point", "coordinates": [ 76.726741, 30.730501 ] } },
{ "type": "Feature", "properties": { "name": "RAGHAV CONFECTIONERY", "primary_type": "Essential Services", "sector_name": "55", "secondary_type": "grocery_store" }, "geometry": { "type": "Point", "coordinates": [ 76.7265748, 30.7304661 ] } },
{ "type": "Feature", "properties": { "name": "Vjay Karyana Store", "primary_type": "Essential Services", "sector_name": "55", "secondary_type": "grocery_store" }, "geometry": { "type": "Point", "coordinates": [ 76.7274906, 30.7306479 ] } },
{ "type": "Feature", "properties": { "name": "AP Pharma", "primary_type": "Essential Services", "sector_name": "55", "secondary_type": "pharmacy" }, "geometry": { "type": "Point", "coordinates": [ 76.7273608, 30.7307672 ] } },
{ "type": "Feature", "properties": { "name": "Apna Park", "primary_type": "Tourism", "sector_name": "54", "secondary_type": "park" }, "geometry": { "type": "Point", "coordinates": [ 76.7254753, 30.7271771 ] } },
{ "type": "Feature", "properties": { "name": "Thakur Medical Store", "primary_type": "Essential Services", "sector_name": "55", "secondary_type": "pharmacy" }, "geometry": { "type": "Point", "coordinates": [ 76.7276947, 30.7308189 ] } },
{ "type": "Feature", "properties": { "name": "Mohali Phase", "primary_type": "Public Transport", "sector_name": "54", "secondary_type": "bus_station" }, "geometry": { "type": "Point", "coordinates": [ 76.729211, 30.723548 ] } },
{ "type": "Feature", "properties": { "name": "J.K. Bank ATM - Phase 2", "primary_type": "Essential Services", "sector_name": "54", "secondary_type": "atm" }, "geometry": { "type": "Point", "coordinates": [ 76.7293018, 30.7234304 ] } },
{ "type": "Feature", "properties": { "name": "𝐀𝐃𝐕𝐀𝐍𝐂𝐄𝐃 𝐃𝐄𝐍𝐓𝐀𝐋 𝐂𝐄𝐍𝐓𝐄𝐑 & 𝐂𝐋𝐈𝐍𝐈𝐂 | Best Dentist In Mohali & Chandigarh | Implant & RCT Specialist", "primary_type": "Essential Services", "sector_name": "54", "secondary_type": "dental_clinic" }, "geometry": { "type": "Point", "coordinates": [ 76.7285795, 30.7241062 ] } },
{ "type": "Feature", "properties": { "name": "ESI Dispensary", "primary_type": "Essential Services", "sector_name": "54", "secondary_type": "pharmacy" }, "geometry": { "type": "Point", "coordinates": [ 76.7275935, 30.7245718 ] } },
{ "type": "Feature", "properties": { "name": "MAHARAJA SNACKS", "primary_type": "Food and Drinks", "sector_name": "54", "secondary_type": "restaurant" }, "geometry": { "type": "Point", "coordinates": [ 76.7306238, 30.7305054 ] } },
{ "type": "Feature", "properties": { "name": "HOSHIARPURIAN DI HATTI", "primary_type": "Food and Drinks", "sector_name": "54", "secondary_type": "restaurant" }, "geometry": { "type": "Point", "coordinates": [ 76.7311736, 30.730607 ] } },
{ "type": "Feature", "properties": { "name": "TEJINDER KAUR VIRK", "primary_type": "Essential Services", "sector_name": "40", "secondary_type": "grocery_store" }, "geometry": { "type": "Point", "coordinates": [ 76.7309553, 30.7313483 ] } },
{ "type": "Feature", "properties": { "name": "Pal Dhaba 41", "primary_type": "Food and Drinks", "sector_name": "41", "secondary_type": "indian_restaurant" }, "geometry": { "type": "Point", "coordinates": [ 76.7330573, 30.7295047 ] } },
{ "type": "Feature", "properties": { "name": "Park No.2", "primary_type": "Tourism", "sector_name": "41", "secondary_type": "park" }, "geometry": { "type": "Point", "coordinates": [ 76.7334327, 30.7295076 ] } },
{ "type": "Feature", "properties": { "name": "Naka", "primary_type": "Tourism", "sector_name": "41", "secondary_type": "park" }, "geometry": { "type": "Point", "coordinates": [ 76.7341007, 30.730046 ] } },
{ "type": "Feature", "properties": { "name": "Immunization Centre, Badheri", "primary_type": "Essential Services", "sector_name": "41", "secondary_type": "hospital" }, "geometry": { "type": "Point", "coordinates": [ 76.7340268, 30.7301737 ] } },
{ "type": "Feature", "properties": { "name": "Bindho pharmacy(chemist)", "primary_type": "Essential Services", "sector_name": "41", "secondary_type": "pharmacy" }, "geometry": { "type": "Point", "coordinates": [ 76.7335786, 30.7306082 ] } },
{ "type": "Feature", "properties": { "name": "Bhagwati store", "primary_type": "Shopping", "sector_name": "41", "secondary_type": "department_store" }, "geometry": { "type": "Point", "coordinates": [ 76.7336041, 30.7306016 ] } },
{ "type": "Feature", "properties": { "name": "Light park", "primary_type": "Sports", "sector_name": "41", "secondary_type": "playground" }, "geometry": { "type": "Point", "coordinates": [ 76.7333124, 30.7309673 ] } },
{ "type": "Feature", "properties": { "name": "A", "primary_type": "Food and Drinks", "sector_name": "41", "secondary_type": "restaurant" }, "geometry": { "type": "Point", "coordinates": [ 76.7341894, 30.7302994 ] } },
{ "type": "Feature", "properties": { "name": "Ekta Market", "primary_type": "Shopping", "sector_name": "41", "secondary_type": "market" }, "geometry": { "type": "Point", "coordinates": [ 76.7334107, 30.7310325 ] } },
{ "type": "Feature", "properties": { "name": "Aggarwal Enterprises", "primary_type": "Essential Services", "sector_name": "41", "secondary_type": "grocery_store" }, "geometry": { "type": "Point", "coordinates": [ 76.7334231, 30.731036 ] } },
{ "type": "Feature", "properties": { "name": "City light tailor SCO 182 Sector 41D Village Badheri Ekta Market Chandigarh", "primary_type": "Shopping", "sector_name": "41", "secondary_type": "clothing_store" }, "geometry": { "type": "Point", "coordinates": [ 76.733382, 30.7311791 ] } },
{ "type": "Feature", "properties": { "name": "Handloom House", "primary_type": "Shopping", "sector_name": "41", "secondary_type": "clothing_store" }, "geometry": { "type": "Point", "coordinates": [ 76.7349297, 30.7295091 ] } },
{ "type": "Feature", "properties": { "name": "Fateh Associates", "primary_type": "Sports", "sector_name": "42", "secondary_type": "gym" }, "geometry": { "type": "Point", "coordinates": [ 76.7415201, 30.7229227 ] } },
{ "type": "Feature", "properties": { "name": "Colony Park 2", "primary_type": "Tourism", "sector_name": "42", "secondary_type": "park" }, "geometry": { "type": "Point", "coordinates": [ 76.7419042, 30.7208615 ] } },
{ "type": "Feature", "properties": { "name": "Sector Park", "primary_type": "Tourism", "sector_name": "42", "secondary_type": "park" }, "geometry": { "type": "Point", "coordinates": [ 76.7415264, 30.7243435 ] } },
{ "type": "Feature", "properties": { "name": "Bank of Baroda Sector 40 D Chandigarh Branch", "primary_type": "Essential Services", "sector_name": "42", "secondary_type": "bank" }, "geometry": { "type": "Point", "coordinates": [ 76.73676, 30.72767 ] } },
{ "type": "Feature", "properties": { "name": "Verka Booth", "primary_type": "Essential Services", "sector_name": "42", "secondary_type": "convenience_store" }, "geometry": { "type": "Point", "coordinates": [ 76.7416102, 30.7251289 ] } },
{ "type": "Feature", "properties": { "name": "Dushhera ground", "primary_type": "Tourism", "sector_name": "41", "secondary_type": "park" }, "geometry": { "type": "Point", "coordinates": [ 76.7396719, 30.7306103 ] } },
{ "type": "Feature", "properties": { "name": "Ishwar Garments", "primary_type": "Shopping", "sector_name": "41", "secondary_type": "clothing_store" }, "geometry": { "type": "Point", "coordinates": [ 76.737853, 30.730955 ] } },
{ "type": "Feature", "properties": { "name": "Luxmi Garments", "primary_type": "Shopping", "sector_name": "41", "secondary_type": "clothing_store" }, "geometry": { "type": "Point", "coordinates": [ 76.7379077, 30.7311385 ] } },
{ "type": "Feature", "properties": { "name": "Neighborhood Park, Sector 41-B, Chandigarh", "primary_type": "Tourism", "sector_name": "41", "secondary_type": "park" }, "geometry": { "type": "Point", "coordinates": [ 76.7403666, 30.7303817 ] } },
{ "type": "Feature", "properties": { "name": "Guru Nanak Faishioners", "primary_type": "Shopping", "sector_name": "41", "secondary_type": "clothing_store" }, "geometry": { "type": "Point", "coordinates": [ 76.7376989, 30.7311319 ] } },
{ "type": "Feature", "properties": { "name": "Maadan Light Service", "primary_type": "Shopping", "sector_name": "41", "secondary_type": "clothing_store" }, "geometry": { "type": "Point", "coordinates": [ 76.737607, 30.7311344 ] } },
{ "type": "Feature", "properties": { "name": "Trend Zone", "primary_type": "Shopping", "sector_name": "41", "secondary_type": "clothing_store" }, "geometry": { "type": "Point", "coordinates": [ 76.7379298, 30.7311843 ] } },
{ "type": "Feature", "properties": { "name": "Verka booth", "primary_type": "Food and Drinks", "sector_name": "41", "secondary_type": "bar" }, "geometry": { "type": "Point", "coordinates": [ 76.7383982, 30.7312005 ] } },
{ "type": "Feature", "properties": { "name": "Jain Uniforms", "primary_type": "Shopping", "sector_name": "41", "secondary_type": "clothing_store" }, "geometry": { "type": "Point", "coordinates": [ 76.7378048, 30.7311786 ] } },
{ "type": "Feature", "properties": { "name": "NEW GAMBHIR GARMENTS", "primary_type": "Shopping", "sector_name": "41", "secondary_type": "clothing_store" }, "geometry": { "type": "Point", "coordinates": [ 76.7375338, 30.7311373 ] } },
{ "type": "Feature", "properties": { "name": "Anand Uniform's", "primary_type": "Shopping", "sector_name": "41", "secondary_type": "clothing_store" }, "geometry": { "type": "Point", "coordinates": [ 76.7379372, 30.7312422 ] } },
{ "type": "Feature", "properties": { "name": "Prince Garments", "primary_type": "Shopping", "sector_name": "41", "secondary_type": "clothing_store" }, "geometry": { "type": "Point", "coordinates": [ 76.7379275, 30.731248 ] } },
{ "type": "Feature", "properties": { "name": "242", "primary_type": "Shopping", "sector_name": "41", "secondary_type": "clothing_store" }, "geometry": { "type": "Point", "coordinates": [ 76.7378643, 30.731242 ] } },
{ "type": "Feature", "properties": { "name": "Jeans Street", "primary_type": "Shopping", "sector_name": "41", "secondary_type": "clothing_store" }, "geometry": { "type": "Point", "coordinates": [ 76.7375996, 30.7312159 ] } },
{ "type": "Feature", "properties": { "name": "Colony Park", "primary_type": "Tourism", "sector_name": "42", "secondary_type": "park" }, "geometry": { "type": "Point", "coordinates": [ 76.7427521, 30.7216685 ] } },
{ "type": "Feature", "properties": { "name": "Park 42", "primary_type": "Tourism", "sector_name": "42", "secondary_type": "park" }, "geometry": { "type": "Point", "coordinates": [ 76.7439611, 30.7220634 ] } },
{ "type": "Feature", "properties": { "name": "New Friend Fitness Center", "primary_type": "Sports", "sector_name": "42", "secondary_type": "gym" }, "geometry": { "type": "Point", "coordinates": [ 76.7446537, 30.7229526 ] } },
{ "type": "Feature", "properties": { "name": "Dr Abhay Kalra - Prostate Cancer Treatment | Laparoscopic & Robotic Uro Surgeon | Best Urologist in Chandigarh", "primary_type": "Essential Services", "sector_name": "42", "secondary_type": "doctor" }, "geometry": { "type": "Point", "coordinates": [ 76.7446545, 30.7229519 ] } },
{ "type": "Feature", "properties": { "name": "Kaushal Hospital", "primary_type": "Essential Services", "sector_name": "42", "secondary_type": "hospital" }, "geometry": { "type": "Point", "coordinates": [ 76.7447849, 30.7228043 ] } },
{ "type": "Feature", "properties": { "name": "Therafit Physiotherapy Clinic", "primary_type": "Essential Services", "sector_name": "42", "secondary_type": "hospital" }, "geometry": { "type": "Point", "coordinates": [ 76.7447892, 30.7227944 ] } },
{ "type": "Feature", "properties": { "name": "Infinity Fitness Studio & Gym", "primary_type": "Sports", "sector_name": "42", "secondary_type": "gym" }, "geometry": { "type": "Point", "coordinates": [ 76.7447888, 30.722799 ] } },
{ "type": "Feature", "properties": { "name": "chai dukaan", "primary_type": "Food and Drinks", "sector_name": "42", "secondary_type": "coffee_shop" }, "geometry": { "type": "Point", "coordinates": [ 76.7447215, 30.7230477 ] } },
{ "type": "Feature", "properties": { "name": "Balaji Uniforms", "primary_type": "Shopping", "sector_name": "42", "secondary_type": "clothing_store" }, "geometry": { "type": "Point", "coordinates": [ 76.7448419, 30.7232627 ] } },
{ "type": "Feature", "properties": { "name": "Devish Departmental Store", "primary_type": "Essential Services", "sector_name": "42", "secondary_type": "grocery_store" }, "geometry": { "type": "Point", "coordinates": [ 76.7448758, 30.723216 ] } },
{ "type": "Feature", "properties": { "name": "HOMEOPETHIC CLINIC", "primary_type": "Essential Services", "sector_name": "42", "secondary_type": "drugstore" }, "geometry": { "type": "Point", "coordinates": [ 76.7449411, 30.7232492 ] } },
{ "type": "Feature", "properties": { "name": "New market", "primary_type": "Food and Drinks", "sector_name": "42", "secondary_type": "meal_takeaway" }, "geometry": { "type": "Point", "coordinates": [ 76.7430881, 30.7254919 ] } },
{ "type": "Feature", "properties": { "name": "Vendors Market", "primary_type": "Essential Services", "sector_name": "42", "secondary_type": "supermarket" }, "geometry": { "type": "Point", "coordinates": [ 76.7430951, 30.7253759 ] } },
{ "type": "Feature", "properties": { "name": "MoJo JoJo", "primary_type": "Food and Drinks", "sector_name": "42", "secondary_type": "chinese_restaurant" }, "geometry": { "type": "Point", "coordinates": [ 76.7431071, 30.7254574 ] } },
{ "type": "Feature", "properties": { "name": "Sector 42 Public Park", "primary_type": "Tourism", "sector_name": "42", "secondary_type": "park" }, "geometry": { "type": "Point", "coordinates": [ 76.7431702, 30.7250517 ] } },
{ "type": "Feature", "properties": { "name": "Amritsari prantha", "primary_type": "Food and Drinks", "sector_name": "42", "secondary_type": "indian_restaurant" }, "geometry": { "type": "Point", "coordinates": [ 76.7426382, 30.7261903 ] } },
{ "type": "Feature", "properties": { "name": "Gynecologist in Chandigarh", "primary_type": "Essential Services", "sector_name": "42", "secondary_type": "doctor" }, "geometry": { "type": "Point", "coordinates": [ 76.7437297, 30.7258203 ] } },
{ "type": "Feature", "properties": { "name": "Sector 42-A Football Ground.", "primary_type": "Sports", "sector_name": "42", "secondary_type": "playground" }, "geometry": { "type": "Point", "coordinates": [ 76.743763, 30.7258881 ] } },
{ "type": "Feature", "properties": { "name": "Ashoka Traders", "primary_type": "Essential Services", "sector_name": "42", "secondary_type": "grocery_store" }, "geometry": { "type": "Point", "coordinates": [ 76.7437681, 30.7259148 ] } },
{ "type": "Feature", "properties": { "name": "Deputy Dir youth Services Dept Pb", "primary_type": "Sports", "sector_name": "42", "secondary_type": "adventure_sports_center" }, "geometry": { "type": "Point", "coordinates": [ 76.7425581, 30.7265062 ] } },
{ "type": "Feature", "properties": { "name": "Kho kho ground", "primary_type": "Sports", "sector_name": "42", "secondary_type": "playground" }, "geometry": { "type": "Point", "coordinates": [ 76.7425581, 30.7265062 ] } },
{ "type": "Feature", "properties": { "name": "Dr. Kalra urology and Male infertility clinic", "primary_type": "Essential Services", "sector_name": "42", "secondary_type": "doctor" }, "geometry": { "type": "Point", "coordinates": [ 76.7425581, 30.7265062 ] } },
{ "type": "Feature", "properties": { "name": "Palm tree garden", "primary_type": "Tourism", "sector_name": "42", "secondary_type": "park" }, "geometry": { "type": "Point", "coordinates": [ 76.7423094, 30.7243726 ] } },
{ "type": "Feature", "properties": { "name": "Community Centre Gym", "primary_type": "Sports", "sector_name": "42", "secondary_type": "gym" }, "geometry": { "type": "Point", "coordinates": [ 76.7445827, 30.7248828 ] } },
{ "type": "Feature", "properties": { "name": "Immunization Centre, Sector 42", "primary_type": "Essential Services", "sector_name": "42", "secondary_type": "hospital" }, "geometry": { "type": "Point", "coordinates": [ 76.7451658, 30.7244724 ] } },
{ "type": "Feature", "properties": { "name": "Pawan Dhaba ( Jain food (without onion & garlic available)", "primary_type": "Food and Drinks", "sector_name": "42", "secondary_type": "vegetarian_restaurant" }, "geometry": { "type": "Point", "coordinates": [ 76.7446454, 30.7237878 ] } },
{ "type": "Feature", "properties": { "name": "Chandigarh Hockey Stadium", "primary_type": "Sports", "sector_name": "42", "secondary_type": "stadium" }, "geometry": { "type": "Point", "coordinates": [ 76.74543, 30.7293281 ] } },
{ "type": "Feature", "properties": { "name": "AKSIPS Playground", "primary_type": "Sports", "sector_name": "41", "secondary_type": "playground" }, "geometry": { "type": "Point", "coordinates": [ 76.7440227, 30.7311635 ] } },
{ "type": "Feature", "properties": { "name": "Skating Academy (RSSA Sector 41)", "primary_type": "Sports", "sector_name": "41", "secondary_type": "sports_complex" }, "geometry": { "type": "Point", "coordinates": [ 76.7432952, 30.7312583 ] } },
{ "type": "Feature", "properties": { "name": "AKSIPS Small Playground", "primary_type": "Sports", "sector_name": "41", "secondary_type": "playground" }, "geometry": { "type": "Point", "coordinates": [ 76.7434026, 30.7316726 ] } },
{ "type": "Feature", "properties": { "name": "AG COLONY PARK", "primary_type": "Tourism", "sector_name": "41", "secondary_type": "park" }, "geometry": { "type": "Point", "coordinates": [ 76.7420309, 30.7315861 ] } },
{ "type": "Feature", "properties": { "name": "Garimamay", "primary_type": "Shopping", "sector_name": "41", "secondary_type": "clothing_store" }, "geometry": { "type": "Point", "coordinates": [ 76.7429076, 30.7316764 ] } },
{ "type": "Feature", "properties": { "name": "ALL IN ONE FOOD", "primary_type": "Food and Drinks", "sector_name": "42", "secondary_type": "restaurant" }, "geometry": { "type": "Point", "coordinates": [ 76.7451578, 30.7308588 ] } },
{ "type": "Feature", "properties": { "name": "School Ground", "primary_type": "Sports", "sector_name": "42", "secondary_type": "playground" }, "geometry": { "type": "Point", "coordinates": [ 76.7464574, 30.7256836 ] } },
{ "type": "Feature", "properties": { "name": "SPAL SEWING STYLE", "primary_type": "Shopping", "sector_name": "42", "secondary_type": "clothing_store" }, "geometry": { "type": "Point", "coordinates": [ 76.7473592, 30.7256005 ] } },
{ "type": "Feature", "properties": { "name": "NEWDAY", "primary_type": "Food and Drinks", "sector_name": "42", "secondary_type": "fast_food_restaurant" }, "geometry": { "type": "Point", "coordinates": [ 76.7473873, 30.7252117 ] } },
{ "type": "Feature", "properties": { "name": "Vita Milk Booth", "primary_type": "Shopping", "sector_name": "42", "secondary_type": "shopping_mall" }, "geometry": { "type": "Point", "coordinates": [ 76.7476197, 30.7255895 ] } },
{ "type": "Feature", "properties": { "name": "Himani Pharmacy", "primary_type": "Essential Services", "sector_name": "42", "secondary_type": "pharmacy" }, "geometry": { "type": "Point", "coordinates": [ 76.747948, 30.725099 ] } },
{ "type": "Feature", "properties": { "name": "GG WELLNESS CLUB", "primary_type": "Sports", "sector_name": "42", "secondary_type": "fitness_center" }, "geometry": { "type": "Point", "coordinates": [ 76.7483827, 30.7250876 ] } },
{ "type": "Feature", "properties": { "name": "Park & Garden", "primary_type": "Tourism", "sector_name": "42", "secondary_type": "park" }, "geometry": { "type": "Point", "coordinates": [ 76.7483355, 30.7249035 ] } },
{ "type": "Feature", "properties": { "name": "Goel General Store", "primary_type": "Essential Services", "sector_name": "42", "secondary_type": "food_store" }, "geometry": { "type": "Point", "coordinates": [ 76.7484491, 30.7250874 ] } },
{ "type": "Feature", "properties": { "name": "SimRan Collections chd", "primary_type": "Shopping", "sector_name": "42", "secondary_type": "clothing_store" }, "geometry": { "type": "Point", "coordinates": [ 76.7484975, 30.7256743 ] } },
{ "type": "Feature", "properties": { "name": "Abha Clinic", "primary_type": "Essential Services", "sector_name": "42", "secondary_type": "doctor" }, "geometry": { "type": "Point", "coordinates": [ 76.7474515, 30.7267011 ] } },
{ "type": "Feature", "properties": { "name": "Inner Park", "primary_type": "Tourism", "sector_name": "42", "secondary_type": "park" }, "geometry": { "type": "Point", "coordinates": [ 76.7456107, 30.7252592 ] } },
{ "type": "Feature", "properties": { "name": "Casted4ever", "primary_type": "Entertainment", "sector_name": "42", "secondary_type": "art_studio" }, "geometry": { "type": "Point", "coordinates": [ 76.7454903, 30.7259851 ] } },
{ "type": "Feature", "properties": { "name": "Piaaa", "primary_type": "Essential Services", "sector_name": "42", "secondary_type": "doctor" }, "geometry": { "type": "Point", "coordinates": [ 76.749096, 30.726153 ] } },
{ "type": "Feature", "properties": { "name": "Dr Charanjit Singh, Child specialist, vaccination centre", "primary_type": "Essential Services", "sector_name": "42", "secondary_type": "doctor" }, "geometry": { "type": "Point", "coordinates": [ 76.7464831, 30.7237509 ] } },
{ "type": "Feature", "properties": { "name": "MCC PARK", "primary_type": "Tourism", "sector_name": "42", "secondary_type": "park" }, "geometry": { "type": "Point", "coordinates": [ 76.749228, 30.7262786 ] } },
{ "type": "Feature", "properties": { "name": "Handball Court", "primary_type": "Sports", "sector_name": "42", "secondary_type": "sports_complex" }, "geometry": { "type": "Point", "coordinates": [ 76.747269, 30.7302649 ] } },
{ "type": "Feature", "properties": { "name": "42. B", "primary_type": "Shopping", "sector_name": "42", "secondary_type": "book_store" }, "geometry": { "type": "Point", "coordinates": [ 76.7486174, 30.7274376 ] } },
{ "type": "Feature", "properties": { "name": "Ashoka Book Store", "primary_type": "Shopping", "sector_name": "42", "secondary_type": "book_store" }, "geometry": { "type": "Point", "coordinates": [ 76.7488693, 30.7276424 ] } },
{ "type": "Feature", "properties": { "name": "Mahajan Book Store", "primary_type": "Shopping", "sector_name": "42", "secondary_type": "book_store" }, "geometry": { "type": "Point", "coordinates": [ 76.7489625, 30.7277437 ] } },
{ "type": "Feature", "properties": { "name": "Guru Nanak Book Shop", "primary_type": "Shopping", "sector_name": "42", "secondary_type": "book_store" }, "geometry": { "type": "Point", "coordinates": [ 76.7490366, 30.7278294 ] } },
{ "type": "Feature", "properties": { "name": "rohilla book shopee", "primary_type": "Shopping", "sector_name": "42", "secondary_type": "book_store" }, "geometry": { "type": "Point", "coordinates": [ 76.7490421, 30.7278015 ] } },
{ "type": "Feature", "properties": { "name": "Ankur Book Center", "primary_type": "Shopping", "sector_name": "42", "secondary_type": "book_store" }, "geometry": { "type": "Point", "coordinates": [ 76.7492469, 30.727955 ] } },
{ "type": "Feature", "properties": { "name": "Vidya Book Store", "primary_type": "Shopping", "sector_name": "42", "secondary_type": "book_store" }, "geometry": { "type": "Point", "coordinates": [ 76.7492655, 30.7279326 ] } },
{ "type": "Feature", "properties": { "name": "Sharma Book Center", "primary_type": "Shopping", "sector_name": "42", "secondary_type": "book_store" }, "geometry": { "type": "Point", "coordinates": [ 76.7492889, 30.727933 ] } },
{ "type": "Feature", "properties": { "name": "Chief Medical Company", "primary_type": "Essential Services", "sector_name": "42", "secondary_type": "pharmacy" }, "geometry": { "type": "Point", "coordinates": [ 76.7489443, 30.7274501 ] } },
{ "type": "Feature", "properties": { "name": "Baba Ji Dhaba", "primary_type": "Food and Drinks", "sector_name": "42", "secondary_type": "indian_restaurant" }, "geometry": { "type": "Point", "coordinates": [ 76.7494024, 30.7280269 ] } },
{ "type": "Feature", "properties": { "name": "Saraswati book Store", "primary_type": "Shopping", "sector_name": "42", "secondary_type": "book_store" }, "geometry": { "type": "Point", "coordinates": [ 76.7494133, 30.7280378 ] } },
{ "type": "Feature", "properties": { "name": "Sunny Book Shop", "primary_type": "Shopping", "sector_name": "42", "secondary_type": "book_store" }, "geometry": { "type": "Point", "coordinates": [ 76.7493938, 30.7279875 ] } },
{ "type": "Feature", "properties": { "name": "Khalsa Books Shop attwa", "primary_type": "Shopping", "sector_name": "42", "secondary_type": "book_store" }, "geometry": { "type": "Point", "coordinates": [ 76.749413, 30.72803 ] } },
{ "type": "Feature", "properties": { "name": "Sports Point", "primary_type": "Shopping", "sector_name": "42", "secondary_type": "clothing_store" }, "geometry": { "type": "Point", "coordinates": [ 76.7494783, 30.7280828 ] } },
{ "type": "Feature", "properties": { "name": "Pandey Book shop", "primary_type": "Shopping", "sector_name": "42", "secondary_type": "book_store" }, "geometry": { "type": "Point", "coordinates": [ 76.7494064, 30.7277753 ] } },
{ "type": "Feature", "properties": { "name": "Park 35D", "primary_type": "Tourism", "sector_name": "35", "secondary_type": "park" }, "geometry": { "type": "Point", "coordinates": [ 76.7559325, 30.7235916 ] } },
{ "type": "Feature", "properties": { "name": "United Sports Shop", "primary_type": "Shopping", "sector_name": "35", "secondary_type": "clothing_store" }, "geometry": { "type": "Point", "coordinates": [ 76.7553084, 30.7240439 ] } },
{ "type": "Feature", "properties": { "name": "Kaizen Kitchen", "primary_type": "Food and Drinks", "sector_name": "35", "secondary_type": "meal_takeaway" }, "geometry": { "type": "Point", "coordinates": [ 76.755491, 30.724138 ] } },
{ "type": "Feature", "properties": { "name": "Dr.chabra Ji Stomach", "primary_type": "Essential Services", "sector_name": "35", "secondary_type": "hospital" }, "geometry": { "type": "Point", "coordinates": [ 76.7561737, 30.7212363 ] } },
{ "type": "Feature", "properties": { "name": "Adda 35 Model", "primary_type": "Sports", "sector_name": "35", "secondary_type": "playground" }, "geometry": { "type": "Point", "coordinates": [ 76.7567274, 30.7244868 ] } },
{ "type": "Feature", "properties": { "name": "2545, Himalaya Marg", "primary_type": "Tourism", "sector_name": "35", "secondary_type": "park" }, "geometry": { "type": "Point", "coordinates": [ 76.7570524, 30.7208265 ] } },
{ "type": "Feature", "properties": { "name": "Park cum parking", "primary_type": "Tourism", "sector_name": "35", "secondary_type": "park" }, "geometry": { "type": "Point", "coordinates": [ 76.7571076, 30.7207142 ] } },
{ "type": "Feature", "properties": { "name": "The hecate studio", "primary_type": "Shopping", "sector_name": "35", "secondary_type": "makeup_artist" }, "geometry": { "type": "Point", "coordinates": [ 76.7569648, 30.7249505 ] } },
{ "type": "Feature", "properties": { "name": "M C Park- Sector 35C", "primary_type": "Tourism", "sector_name": "35", "secondary_type": "park" }, "geometry": { "type": "Point", "coordinates": [ 76.7575203, 30.7246893 ] } },
{ "type": "Feature", "properties": { "name": "AC Tavern", "primary_type": "Food and Drinks", "sector_name": "35", "secondary_type": "bar" }, "geometry": { "type": "Point", "coordinates": [ 76.7560755, 30.7264649 ] } },
{ "type": "Feature", "properties": { "name": "The Party", "primary_type": "Food and Drinks", "sector_name": "35", "secondary_type": "restaurant" }, "geometry": { "type": "Point", "coordinates": [ 76.7560755, 30.7264649 ] } },
{ "type": "Feature", "properties": { "name": "MEDICAL MUNSHI", "primary_type": "Essential Services", "sector_name": "35", "secondary_type": "hospital" }, "geometry": { "type": "Point", "coordinates": [ 76.7560755, 30.7264649 ] } },
{ "type": "Feature", "properties": { "name": "Rakesh Fast Food", "primary_type": "Food and Drinks", "sector_name": "35", "secondary_type": "fast_food_restaurant" }, "geometry": { "type": "Point", "coordinates": [ 76.755482, 30.726021 ] } },
{ "type": "Feature", "properties": { "name": "Jagpal Singh Dr", "primary_type": "Essential Services", "sector_name": "35", "secondary_type": "doctor" }, "geometry": { "type": "Point", "coordinates": [ 76.7559633, 30.7265563 ] } },
{ "type": "Feature", "properties": { "name": "Dr Nagpal`s Dental Clinic & Cosmetic Centre", "primary_type": "Essential Services", "sector_name": "35", "secondary_type": "dentist" }, "geometry": { "type": "Point", "coordinates": [ 76.7559633, 30.7265563 ] } },
{ "type": "Feature", "properties": { "name": "Cap-a-pie Unisex Fitness Zone", "primary_type": "Essential Services", "sector_name": "35", "secondary_type": "hospital" }, "geometry": { "type": "Point", "coordinates": [ 76.7559633, 30.7265563 ] } },
{ "type": "Feature", "properties": { "name": "Garg Enterprises - Supermarket", "primary_type": "Essential Services", "sector_name": "35", "secondary_type": "grocery_store" }, "geometry": { "type": "Point", "coordinates": [ 76.7561047, 30.7266444 ] } },
{ "type": "Feature", "properties": { "name": "Sector 35- Park", "primary_type": "Tourism", "sector_name": "35", "secondary_type": "park" }, "geometry": { "type": "Point", "coordinates": [ 76.7548433, 30.7257572 ] } },
{ "type": "Feature", "properties": { "name": "Woods Cricket & Sports (Calvin & Beaver Sports)", "primary_type": "Shopping", "sector_name": "35", "secondary_type": "wholesaler" }, "geometry": { "type": "Point", "coordinates": [ 76.7565572, 30.7269103 ] } },
{ "type": "Feature", "properties": { "name": "Shadda union park", "primary_type": "Tourism", "sector_name": "35", "secondary_type": "park" }, "geometry": { "type": "Point", "coordinates": [ 76.7547074, 30.7269213 ] } },
{ "type": "Feature", "properties": { "name": "Dr. Puri's Dental Clinic", "primary_type": "Essential Services", "sector_name": "35", "secondary_type": "dental_clinic" }, "geometry": { "type": "Point", "coordinates": [ 76.7570839, 30.7269581 ] } },
{ "type": "Feature", "properties": { "name": "Sector 35-D Park", "primary_type": "Tourism", "sector_name": "35", "secondary_type": "park" }, "geometry": { "type": "Point", "coordinates": [ 76.7545703, 30.7268803 ] } },
{ "type": "Feature", "properties": { "name": "State Bank of India SEC-35-C CHANDIGARH", "primary_type": "Essential Services", "sector_name": "35", "secondary_type": "bank" }, "geometry": { "type": "Point", "coordinates": [ 76.757351, 30.726639 ] } },
{ "type": "Feature", "properties": { "name": "PQH4+3C7", "primary_type": "Tourism", "sector_name": "35", "secondary_type": "park" }, "geometry": { "type": "Point", "coordinates": [ 76.7559704, 30.7277697 ] } },
{ "type": "Feature", "properties": { "name": "Smt. Prem Lata Memorial Hospital - Medicine Doctor | Pediatrician", "primary_type": "Essential Services", "sector_name": "35", "secondary_type": "hospital" }, "geometry": { "type": "Point", "coordinates": [ 76.7571312, 30.7270356 ] } },
{ "type": "Feature", "properties": { "name": "Parampara - Modern Indian Restaurant", "primary_type": "Food and Drinks", "sector_name": "35", "secondary_type": "restaurant" }, "geometry": { "type": "Point", "coordinates": [ 76.7606551, 30.7223487 ] } },
{ "type": "Feature", "properties": { "name": "Dr. Khanna’s Dental Worlld", "primary_type": "Essential Services", "sector_name": "35", "secondary_type": "dental_clinic" }, "geometry": { "type": "Point", "coordinates": [ 76.7601101, 30.723548 ] } },
{ "type": "Feature", "properties": { "name": "Dr H K Bajwa", "primary_type": "Essential Services", "sector_name": "35", "secondary_type": "doctor" }, "geometry": { "type": "Point", "coordinates": [ 76.7609219, 30.7229744 ] } },
{ "type": "Feature", "properties": { "name": "Homoeopathic Hospital", "primary_type": "Essential Services", "sector_name": "35", "secondary_type": "hospital" }, "geometry": { "type": "Point", "coordinates": [ 76.7589297, 30.722531 ] } },
{ "type": "Feature", "properties": { "name": "Singhz kiitchen", "primary_type": "Food and Drinks", "sector_name": "35", "secondary_type": "restaurant" }, "geometry": { "type": "Point", "coordinates": [ 76.7589294, 30.7225308 ] } },
{ "type": "Feature", "properties": { "name": "AC AHATA Sector 35 C", "primary_type": "Food and Drinks", "sector_name": "35", "secondary_type": "restaurant" }, "geometry": { "type": "Point", "coordinates": [ 76.7589294, 30.7225308 ] } },
{ "type": "Feature", "properties": { "name": "Mrs. Wong's", "primary_type": "Food and Drinks", "sector_name": "35", "secondary_type": "chinese_restaurant" }, "geometry": { "type": "Point", "coordinates": [ 76.7589294, 30.7225308 ] } },
{ "type": "Feature", "properties": { "name": "Subhiksha Chemist", "primary_type": "Essential Services", "sector_name": "35", "secondary_type": "pharmacy" }, "geometry": { "type": "Point", "coordinates": [ 76.7589294, 30.7225308 ] } },
{ "type": "Feature", "properties": { "name": "SAI GARMENTS", "primary_type": "Shopping", "sector_name": "35", "secondary_type": "clothing_store" }, "geometry": { "type": "Point", "coordinates": [ 76.7589294, 30.7225308 ] } },
{ "type": "Feature", "properties": { "name": "Roll King", "primary_type": "Food and Drinks", "sector_name": "35", "secondary_type": "fast_food_restaurant" }, "geometry": { "type": "Point", "coordinates": [ 76.7589293, 30.7225308 ] } },
{ "type": "Feature", "properties": { "name": "Magnum multi-speciality Hospital", "primary_type": "Essential Services", "sector_name": "35", "secondary_type": "hospital" }, "geometry": { "type": "Point", "coordinates": [ 76.760353, 30.723655 ] } },
{ "type": "Feature", "properties": { "name": "BIBA (Chandigarh)", "primary_type": "Shopping", "sector_name": "35", "secondary_type": "clothing_store" }, "geometry": { "type": "Point", "coordinates": [ 76.7589008, 30.7225608 ] } },
{ "type": "Feature", "properties": { "name": "Om Parkash Dr Sabharwal", "primary_type": "Essential Services", "sector_name": "35", "secondary_type": "doctor" }, "geometry": { "type": "Point", "coordinates": [ 76.7589008, 30.7225608 ] } },
{ "type": "Feature", "properties": { "name": "Dr M J S Vij", "primary_type": "Essential Services", "sector_name": "35", "secondary_type": "doctor" }, "geometry": { "type": "Point", "coordinates": [ 76.7589008, 30.7225608 ] } },
{ "type": "Feature", "properties": { "name": "Maninder Singh Dr", "primary_type": "Essential Services", "sector_name": "35", "secondary_type": "doctor" }, "geometry": { "type": "Point", "coordinates": [ 76.7589008, 30.7225608 ] } },
{ "type": "Feature", "properties": { "name": "Paramjit Singh Dr Aulakh", "primary_type": "Essential Services", "sector_name": "35", "secondary_type": "doctor" }, "geometry": { "type": "Point", "coordinates": [ 76.7589008, 30.7225608 ] } },
{ "type": "Feature", "properties": { "name": "Sabhyata_Chandigarh", "primary_type": "Shopping", "sector_name": "35", "secondary_type": "clothing_store" }, "geometry": { "type": "Point", "coordinates": [ 76.7610095, 30.7222675 ] } },
{ "type": "Feature", "properties": { "name": "Spices - Hotel Park Inn", "primary_type": "Food and Drinks", "sector_name": "35", "secondary_type": "asian_restaurant" }, "geometry": { "type": "Point", "coordinates": [ 76.760402, 30.7218111 ] } },
{ "type": "Feature", "properties": { "name": "planet Fashion", "primary_type": "Shopping", "sector_name": "35", "secondary_type": "clothing_store" }, "geometry": { "type": "Point", "coordinates": [ 76.7596221, 30.7261629 ] } },
{ "type": "Feature", "properties": { "name": "Shudh Vaishno Dhaba", "primary_type": "Food and Drinks", "sector_name": "35", "secondary_type": "indian_restaurant" }, "geometry": { "type": "Point", "coordinates": [ 76.759622, 30.726163 ] } },
{ "type": "Feature", "properties": { "name": "Rana", "primary_type": "Food and Drinks", "sector_name": "35", "secondary_type": "bar" }, "geometry": { "type": "Point", "coordinates": [ 76.7598791, 30.7265605 ] } },
{ "type": "Feature", "properties": { "name": "Amitsari Nan Chole", "primary_type": "Food and Drinks", "sector_name": "35", "secondary_type": "indian_restaurant" }, "geometry": { "type": "Point", "coordinates": [ 76.7598331, 30.7255857 ] } },
{ "type": "Feature", "properties": { "name": "Chandigarh Cab - Luxury Wedding Car in Chandigarh", "primary_type": "Public Transport", "sector_name": "35", "secondary_type": "taxi_stand" }, "geometry": { "type": "Point", "coordinates": [ 76.7593838, 30.7254478 ] } },
{ "type": "Feature", "properties": { "name": "Nagpal Provision - General Store", "primary_type": "Essential Services", "sector_name": "35", "secondary_type": "grocery_store" }, "geometry": { "type": "Point", "coordinates": [ 76.7590066, 30.7258001 ] } },
{ "type": "Feature", "properties": { "name": "Narula Distributors", "primary_type": "Shopping", "sector_name": "35", "secondary_type": "store" }, "geometry": { "type": "Point", "coordinates": [ 76.7588487, 30.725943 ] } },
{ "type": "Feature", "properties": { "name": "Sohan Lal enterprises", "primary_type": "Shopping", "sector_name": "35", "secondary_type": "store" }, "geometry": { "type": "Point", "coordinates": [ 76.7588336, 30.7259716 ] } },
{ "type": "Feature", "properties": { "name": "Oven Fresh", "primary_type": "Food and Drinks", "sector_name": "35", "secondary_type": "fast_food_restaurant" }, "geometry": { "type": "Point", "coordinates": [ 76.7588581, 30.7265231 ] } },
{ "type": "Feature", "properties": { "name": "Govt homeopathy dispensary", "primary_type": "Essential Services", "sector_name": "35", "secondary_type": "hospital" }, "geometry": { "type": "Point", "coordinates": [ 76.7588581, 30.7265231 ] } },
{ "type": "Feature", "properties": { "name": "Sonu mehandi art", "primary_type": "Shopping", "sector_name": "35", "secondary_type": "shopping_mall" }, "geometry": { "type": "Point", "coordinates": [ 76.7588246, 30.7258477 ] } },
{ "type": "Feature", "properties": { "name": "Chudail", "primary_type": "Tourism", "sector_name": "35", "secondary_type": "park" }, "geometry": { "type": "Point", "coordinates": [ 76.7600965, 30.7250848 ] } },
{ "type": "Feature", "properties": { "name": "Tea Stall 35", "primary_type": "Food and Drinks", "sector_name": "35", "secondary_type": "coffee_shop" }, "geometry": { "type": "Point", "coordinates": [ 76.759759, 30.7250594 ] } },
{ "type": "Feature", "properties": { "name": "Virbhan Om Parkash", "primary_type": "Essential Services", "sector_name": "35", "secondary_type": "grocery_store" }, "geometry": { "type": "Point", "coordinates": [ 76.7587281, 30.7258604 ] } },
{ "type": "Feature", "properties": { "name": "Chan Park", "primary_type": "Tourism", "sector_name": "35", "secondary_type": "park" }, "geometry": { "type": "Point", "coordinates": [ 76.7594321, 30.7272132 ] } },
{ "type": "Feature", "properties": { "name": "ARVIND BOMBAY FAST FOOD", "primary_type": "Food and Drinks", "sector_name": "35", "secondary_type": "fast_food_restaurant" }, "geometry": { "type": "Point", "coordinates": [ 76.7588584, 30.7255568 ] } },
{ "type": "Feature", "properties": { "name": "PQH5+JMQ", "primary_type": "Tourism", "sector_name": "35", "secondary_type": "park" }, "geometry": { "type": "Point", "coordinates": [ 76.7592163, 30.7290752 ] } },
{ "type": "Feature", "properties": { "name": "144, Jan Marg", "primary_type": "Tourism", "sector_name": "35", "secondary_type": "park" }, "geometry": { "type": "Point", "coordinates": [ 76.7596672, 30.73018 ] } },
{ "type": "Feature", "properties": { "name": "Dr. Arun K Jain - Eye Specialist Ex-PGI", "primary_type": "Essential Services", "sector_name": "35", "secondary_type": "doctor" }, "geometry": { "type": "Point", "coordinates": [ 76.7601542, 30.7301213 ] } },
{ "type": "Feature", "properties": { "name": "Park 3, sector 35A.", "primary_type": "Tourism", "sector_name": "35", "secondary_type": "park" }, "geometry": { "type": "Point", "coordinates": [ 76.7596809, 30.7301543 ] } },
{ "type": "Feature", "properties": { "name": "Dr. Rohit Grover", "primary_type": "Essential Services", "sector_name": "35", "secondary_type": "doctor" }, "geometry": { "type": "Point", "coordinates": [ 76.760279, 30.7302182 ] } },
{ "type": "Feature", "properties": { "name": "Haydrabad flower market", "primary_type": "Shopping", "sector_name": "35", "secondary_type": "market" }, "geometry": { "type": "Point", "coordinates": [ 76.7591686, 30.7298238 ] } },
{ "type": "Feature", "properties": { "name": "Park Sector 35A", "primary_type": "Tourism", "sector_name": "35", "secondary_type": "park" }, "geometry": { "type": "Point", "coordinates": [ 76.7592303, 30.7290756 ] } },
{ "type": "Feature", "properties": { "name": "Teeth Whitening Punjab", "primary_type": "Essential Services", "sector_name": "35", "secondary_type": "dentist" }, "geometry": { "type": "Point", "coordinates": [ 76.7608278, 30.7288329 ] } },
{ "type": "Feature", "properties": { "name": "Tandoor 35A", "primary_type": "Food and Drinks", "sector_name": "35", "secondary_type": "restaurant" }, "geometry": { "type": "Point", "coordinates": [ 76.7612842, 30.729388 ] } },
{ "type": "Feature", "properties": { "name": "Komal Aggarwal", "primary_type": "Shopping", "sector_name": "35", "secondary_type": "clothing_store" }, "geometry": { "type": "Point", "coordinates": [ 76.758695, 30.7295377 ] } },
{ "type": "Feature", "properties": { "name": "Home 301/35-A", "primary_type": "Essential Services", "sector_name": "35", "secondary_type": "doctor" }, "geometry": { "type": "Point", "coordinates": [ 76.761178, 30.730143 ] } },
{ "type": "Feature", "properties": { "name": "Garg Dental Clinic", "primary_type": "Essential Services", "sector_name": "35", "secondary_type": "dentist" }, "geometry": { "type": "Point", "coordinates": [ 76.7609931, 30.7304703 ] } },
{ "type": "Feature", "properties": { "name": "Dr Parmod Clinic - Best Psychiatrist in Chandigarh", "primary_type": "Essential Services", "sector_name": "35", "secondary_type": "doctor" }, "geometry": { "type": "Point", "coordinates": [ 76.7584633, 30.7293254 ] } },
{ "type": "Feature", "properties": { "name": "Hrc technologies pvt ltd", "primary_type": "Tourism", "sector_name": "35", "secondary_type": "campground" }, "geometry": { "type": "Point", "coordinates": [ 76.761786, 30.729914 ] } },
{ "type": "Feature", "properties": { "name": "Kunal Medicos", "primary_type": "Essential Services", "sector_name": "35", "secondary_type": "pharmacy" }, "geometry": { "type": "Point", "coordinates": [ 76.7618104, 30.7299288 ] } },
{ "type": "Feature", "properties": { "name": "GOPAL FAST FOOD", "primary_type": "Food and Drinks", "sector_name": "35", "secondary_type": "fast_food_restaurant" }, "geometry": { "type": "Point", "coordinates": [ 76.7581475, 30.7293317 ] } },
{ "type": "Feature", "properties": { "name": "Abhilasha Hospital | Obstetrician and Gynaecologist | Best Maternity Hospital in Chandigarh | Panchkula | Mohali", "primary_type": "Essential Services", "sector_name": "35", "secondary_type": "hospital" }, "geometry": { "type": "Point", "coordinates": [ 76.759324, 30.7280661 ] } },
{ "type": "Feature", "properties": { "name": "Sector 35A, Flower Market", "primary_type": "Shopping", "sector_name": "35", "secondary_type": "market" }, "geometry": { "type": "Point", "coordinates": [ 76.758249, 30.728771 ] } },
{ "type": "Feature", "properties": { "name": "Fauji ground", "primary_type": "Sports", "sector_name": "35", "secondary_type": "playground" }, "geometry": { "type": "Point", "coordinates": [ 76.764126, 30.7256664 ] } },
{ "type": "Feature", "properties": { "name": "Mehta Enterprises", "primary_type": "Essential Services", "sector_name": "35", "secondary_type": "hospital" }, "geometry": { "type": "Point", "coordinates": [ 76.7655411, 30.7261768 ] } },
{ "type": "Feature", "properties": { "name": "The blah blah clothing", "primary_type": "Shopping", "sector_name": "35", "secondary_type": "clothing_store" }, "geometry": { "type": "Point", "coordinates": [ 76.7653735, 30.7267829 ] } },
{ "type": "Feature", "properties": { "name": "shivaye fashions", "primary_type": "Shopping", "sector_name": "35", "secondary_type": "clothing_store" }, "geometry": { "type": "Point", "coordinates": [ 76.7653735, 30.7267829 ] } },
{ "type": "Feature", "properties": { "name": "Dr Yogis Health care", "primary_type": "Essential Services", "sector_name": "35", "secondary_type": "doctor" }, "geometry": { "type": "Point", "coordinates": [ 76.7655845, 30.7266891 ] } },
{ "type": "Feature", "properties": { "name": "RBL Bank Ltd - Chandigarh, Sector 35 Branch & ATM", "primary_type": "Essential Services", "sector_name": "35", "secondary_type": "bank" }, "geometry": { "type": "Point", "coordinates": [ 76.7654292, 30.725003 ] } },
{ "type": "Feature", "properties": { "name": "Barbar", "primary_type": "Food and Drinks", "sector_name": "35", "secondary_type": "bar" }, "geometry": { "type": "Point", "coordinates": [ 76.765205, 30.724852 ] } },
{ "type": "Feature", "properties": { "name": "Fry Nation Restaurant", "primary_type": "Food and Drinks", "sector_name": "35", "secondary_type": "restaurant" }, "geometry": { "type": "Point", "coordinates": [ 76.7655333, 30.7250326 ] } },
{ "type": "Feature", "properties": { "name": "Chaurasia Trader", "primary_type": "Food and Drinks", "sector_name": "35", "secondary_type": "bakery" }, "geometry": { "type": "Point", "coordinates": [ 76.7655867, 30.7250415 ] } },
{ "type": "Feature", "properties": { "name": "Cafe Olio", "primary_type": "Food and Drinks", "sector_name": "35", "secondary_type": "cafe" }, "geometry": { "type": "Point", "coordinates": [ 76.7653957, 30.724886 ] } },
{ "type": "Feature", "properties": { "name": "34 Chowringhee Lane", "primary_type": "Food and Drinks", "sector_name": "35", "secondary_type": "restaurant" }, "geometry": { "type": "Point", "coordinates": [ 76.7654776, 30.7249436 ] } },
{ "type": "Feature", "properties": { "name": "Midnight Chef", "primary_type": "Food and Drinks", "sector_name": "35", "secondary_type": "chinese_restaurant" }, "geometry": { "type": "Point", "coordinates": [ 76.7653893, 30.7248794 ] } },
{ "type": "Feature", "properties": { "name": "Mast Banarsi Paan", "primary_type": "Food and Drinks", "sector_name": "35", "secondary_type": "coffee_shop" }, "geometry": { "type": "Point", "coordinates": [ 76.7655392, 30.7249859 ] } },
{ "type": "Feature", "properties": { "name": "Wild West Pub and Bar", "primary_type": "Entertainment", "sector_name": "35", "secondary_type": "pub" }, "geometry": { "type": "Point", "coordinates": [ 76.7652385, 30.7247785 ] } },
{ "type": "Feature", "properties": { "name": "YES Bank", "primary_type": "Essential Services", "sector_name": "35", "secondary_type": "bank" }, "geometry": { "type": "Point", "coordinates": [ 76.7655175, 30.7249641 ] } },
{ "type": "Feature", "properties": { "name": "DILLI BEST ZAIKAA", "primary_type": "Food and Drinks", "sector_name": "35", "secondary_type": "restaurant" }, "geometry": { "type": "Point", "coordinates": [ 76.7655883, 30.7250112 ] } },
{ "type": "Feature", "properties": { "name": "Dr. Yuvraj Singh Khullar", "primary_type": "Essential Services", "sector_name": "35", "secondary_type": "doctor" }, "geometry": { "type": "Point", "coordinates": [ 76.7642429, 30.7290875 ] } },
{ "type": "Feature", "properties": { "name": "PQH7+V3V", "primary_type": "Tourism", "sector_name": "35", "secondary_type": "park" }, "geometry": { "type": "Point", "coordinates": [ 76.7627778, 30.7295755 ] } },
{ "type": "Feature", "properties": { "name": "Silent park", "primary_type": "Tourism", "sector_name": "35", "secondary_type": "park" }, "geometry": { "type": "Point", "coordinates": [ 76.7650611, 30.7290214 ] } },
{ "type": "Feature", "properties": { "name": "Dedication Of Topiary Park III", "primary_type": "Tourism", "sector_name": "35", "secondary_type": "park" }, "geometry": { "type": "Point", "coordinates": [ 76.7639355, 30.7282355 ] } },
{ "type": "Feature", "properties": { "name": "Bijwara Market", "primary_type": "Food and Drinks", "sector_name": "22", "secondary_type": "fast_food_restaurant" }, "geometry": { "type": "Point", "coordinates": [ 76.7657916, 30.7300252 ] } },
{ "type": "Feature", "properties": { "name": "UT Park", "primary_type": "Tourism", "sector_name": "35", "secondary_type": "park" }, "geometry": { "type": "Point", "coordinates": [ 76.7638788, 30.7281962 ] } },
{ "type": "Feature", "properties": { "name": "Chef Arpit Cooks", "primary_type": "Food and Drinks", "sector_name": "22", "secondary_type": "cafe" }, "geometry": { "type": "Point", "coordinates": [ 76.765758, 30.7303054 ] } },
{ "type": "Feature", "properties": { "name": "Shuddh bablu vashnav dhba", "primary_type": "Food and Drinks", "sector_name": "22", "secondary_type": "restaurant" }, "geometry": { "type": "Point", "coordinates": [ 76.7657794, 30.7302757 ] } },
{ "type": "Feature", "properties": { "name": "Nawabi Chicken", "primary_type": "Food and Drinks", "sector_name": "22", "secondary_type": "restaurant" }, "geometry": { "type": "Point", "coordinates": [ 76.7657509, 30.7303371 ] } },
{ "type": "Feature", "properties": { "name": "Sai Boutique", "primary_type": "Shopping", "sector_name": "22", "secondary_type": "tailor" }, "geometry": { "type": "Point", "coordinates": [ 76.7657946, 30.7302875 ] } },
{ "type": "Feature", "properties": { "name": "Balak Kiryana Store", "primary_type": "Essential Services", "sector_name": "22", "secondary_type": "grocery_store" }, "geometry": { "type": "Point", "coordinates": [ 76.7657718, 30.7303368 ] } },
{ "type": "Feature", "properties": { "name": "Executive Lounge", "primary_type": "Food and Drinks", "sector_name": "22", "secondary_type": "bar" }, "geometry": { "type": "Point", "coordinates": [ 76.7659782, 30.7293427 ] } },
{ "type": "Feature", "properties": { "name": "Panjabi paratha", "primary_type": "Essential Services", "sector_name": "22", "secondary_type": "grocery_store" }, "geometry": { "type": "Point", "coordinates": [ 76.7659468, 30.7300397 ] } },
{ "type": "Feature", "properties": { "name": "Rawat sanecks bar 🍻", "primary_type": "Food and Drinks", "sector_name": "22", "secondary_type": "bar" }, "geometry": { "type": "Point", "coordinates": [ 76.7649266, 30.7310907 ] } },
{ "type": "Feature", "properties": { "name": "In And Out Store", "primary_type": "Essential Services", "sector_name": "21", "secondary_type": "grocery_store" }, "geometry": { "type": "Point", "coordinates": [ 76.7720957, 30.7232274 ] } },
{ "type": "Feature", "properties": { "name": "Public Park - Sector 21 D", "primary_type": "Tourism", "sector_name": "21", "secondary_type": "park" }, "geometry": { "type": "Point", "coordinates": [ 76.7716425, 30.7241772 ] } },
{ "type": "Feature", "properties": { "name": "Be Cafe Chandigarh", "primary_type": "Food and Drinks", "sector_name": "21", "secondary_type": "cafe" }, "geometry": { "type": "Point", "coordinates": [ 76.7717404, 30.7231664 ] } },
{ "type": "Feature", "properties": { "name": "Beans N Buns", "primary_type": "Food and Drinks", "sector_name": "21", "secondary_type": "bakery" }, "geometry": { "type": "Point", "coordinates": [ 76.7716261, 30.7230392 ] } },
{ "type": "Feature", "properties": { "name": "Bodyoffashion (BOF)", "primary_type": "Shopping", "sector_name": "21", "secondary_type": "clothing_store" }, "geometry": { "type": "Point", "coordinates": [ 76.77378, 30.723469 ] } },
{ "type": "Feature", "properties": { "name": "Yankeez cafe shop and car care private limited", "primary_type": "Essential Services", "sector_name": "21", "secondary_type": "grocery_store" }, "geometry": { "type": "Point", "coordinates": [ 76.7708125, 30.7240625 ] } },
{ "type": "Feature", "properties": { "name": "Prohealth Vitamins", "primary_type": "Essential Services", "sector_name": "34", "secondary_type": "pharmacy" }, "geometry": { "type": "Point", "coordinates": [ 76.770725, 30.7234873 ] } },
{ "type": "Feature", "properties": { "name": "Mukat Hospital", "primary_type": "Essential Services", "sector_name": "34", "secondary_type": "hospital" }, "geometry": { "type": "Point", "coordinates": [ 76.7705566, 30.7229206 ] } },
{ "type": "Feature", "properties": { "name": "AIM Gallery", "primary_type": "Entertainment", "sector_name": "21", "secondary_type": "art_gallery" }, "geometry": { "type": "Point", "coordinates": [ 76.774405, 30.7229149 ] } },
{ "type": "Feature", "properties": { "name": "Keshla cloths", "primary_type": "Shopping", "sector_name": "34", "secondary_type": "clothing_store" }, "geometry": { "type": "Point", "coordinates": [ 76.7704365, 30.7229396 ] } },
{ "type": "Feature", "properties": { "name": "Dr Priyanshu Choudhary", "primary_type": "Essential Services", "sector_name": "34", "secondary_type": "doctor" }, "geometry": { "type": "Point", "coordinates": [ 76.7703786, 30.7228788 ] } },
{ "type": "Feature", "properties": { "name": "21D Park", "primary_type": "Tourism", "sector_name": "21", "secondary_type": "park" }, "geometry": { "type": "Point", "coordinates": [ 76.7722024, 30.7269449 ] } },
{ "type": "Feature", "properties": { "name": "DR. VINAY KUMAR GOEL, GENERAL PHYSICIAN", "primary_type": "Essential Services", "sector_name": "21", "secondary_type": "doctor" }, "geometry": { "type": "Point", "coordinates": [ 76.7718838, 30.726724 ] } },
{ "type": "Feature", "properties": { "name": "Goldy park", "primary_type": "Tourism", "sector_name": "21", "secondary_type": "park" }, "geometry": { "type": "Point", "coordinates": [ 76.7727687, 30.7276084 ] } },
{ "type": "Feature", "properties": { "name": "Punjabi Norah The Golden Palms Hotel And Spa", "primary_type": "Food and Drinks", "sector_name": "21", "secondary_type": "indian_restaurant" }, "geometry": { "type": "Point", "coordinates": [ 76.7711063, 30.7273727 ] } },
{ "type": "Feature", "properties": { "name": "City Union Bank ATM", "primary_type": "Essential Services", "sector_name": "21", "secondary_type": "atm" }, "geometry": { "type": "Point", "coordinates": [ 76.7713775, 30.7277791 ] } },
{ "type": "Feature", "properties": { "name": "Dr. Sonica Chugh - Gynae Fertility & IVF Centre - Best Gynaecologist in Chandigarh", "primary_type": "Essential Services", "sector_name": "21", "secondary_type": "doctor" }, "geometry": { "type": "Point", "coordinates": [ 76.7732498, 30.7283481 ] } },
{ "type": "Feature", "properties": { "name": "Arv Health Care Private Ltd", "primary_type": "Essential Services", "sector_name": "21", "secondary_type": "hospital" }, "geometry": { "type": "Point", "coordinates": [ 76.7740994, 30.7276383 ] } },
{ "type": "Feature", "properties": { "name": "Khullar's", "primary_type": "Sports", "sector_name": "21", "secondary_type": "gym" }, "geometry": { "type": "Point", "coordinates": [ 76.7741782, 30.7260881 ] } },
{ "type": "Feature", "properties": { "name": "City Union Bank Limited", "primary_type": "Essential Services", "sector_name": "22", "secondary_type": "bank" }, "geometry": { "type": "Point", "coordinates": [ 76.771039, 30.7284557 ] } },
{ "type": "Feature", "properties": { "name": "Maharaja Uniwear", "primary_type": "Shopping", "sector_name": "22", "secondary_type": "clothing_store" }, "geometry": { "type": "Point", "coordinates": [ 76.7712959, 30.7286268 ] } },
{ "type": "Feature", "properties": { "name": "Sardar Cloth House", "primary_type": "Shopping", "sector_name": "22", "secondary_type": "clothing_store" }, "geometry": { "type": "Point", "coordinates": [ 76.7712406, 30.7286116 ] } },
{ "type": "Feature", "properties": { "name": "Food Plaza", "primary_type": "Food and Drinks", "sector_name": "22", "secondary_type": "vegetarian_restaurant" }, "geometry": { "type": "Point", "coordinates": [ 76.7708855, 30.7284249 ] } },
{ "type": "Feature", "properties": { "name": "Dhaba", "primary_type": "Food and Drinks", "sector_name": "22", "secondary_type": "indian_restaurant" }, "geometry": { "type": "Point", "coordinates": [ 76.7705462, 30.7281432 ] } },
{ "type": "Feature", "properties": { "name": "Panchratan Restaurant", "primary_type": "Food and Drinks", "sector_name": "22", "secondary_type": "indian_restaurant" }, "geometry": { "type": "Point", "coordinates": [ 76.7706159, 30.7282427 ] } },
{ "type": "Feature", "properties": { "name": "Pinnd", "primary_type": "Food and Drinks", "sector_name": "22", "secondary_type": "vegetarian_restaurant" }, "geometry": { "type": "Point", "coordinates": [ 76.7715846, 30.7288666 ] } },
{ "type": "Feature", "properties": { "name": "Muskan Uniforms", "primary_type": "Shopping", "sector_name": "22", "secondary_type": "clothing_store" }, "geometry": { "type": "Point", "coordinates": [ 76.7718472, 30.7289619 ] } },
{ "type": "Feature", "properties": { "name": "PQFG+J8X", "primary_type": "Tourism", "sector_name": "21", "secondary_type": "park" }, "geometry": { "type": "Point", "coordinates": [ 76.7758055, 30.7240862 ] } },
{ "type": "Feature", "properties": { "name": "Piles clinic", "primary_type": "Essential Services", "sector_name": "21", "secondary_type": "hospital" }, "geometry": { "type": "Point", "coordinates": [ 76.7755073, 30.7240235 ] } },
{ "type": "Feature", "properties": { "name": "Dr Sumeet Rajpal - Kids Dentist | Veneer Specialist | Painless Dentist | Invisible Braces Specialist", "primary_type": "Essential Services", "sector_name": "21", "secondary_type": "dentist" }, "geometry": { "type": "Point", "coordinates": [ 76.7754861, 30.7240286 ] } },
{ "type": "Feature", "properties": { "name": "Dr Manoj Sharma | Urologist | Global Healthcare Chandigarh", "primary_type": "Essential Services", "sector_name": "21", "secondary_type": "doctor" }, "geometry": { "type": "Point", "coordinates": [ 76.7754235, 30.7240109 ] } },
{ "type": "Feature", "properties": { "name": "Global Healthcare Clinic", "primary_type": "Essential Services", "sector_name": "21", "secondary_type": "doctor" }, "geometry": { "type": "Point", "coordinates": [ 76.7754223, 30.7240246 ] } },
{ "type": "Feature", "properties": { "name": "Hope Dental Practice - Best Orthodontist | Pedodontist | Pediatric Dentist in Mohali", "primary_type": "Essential Services", "sector_name": "21", "secondary_type": "dentist" }, "geometry": { "type": "Point", "coordinates": [ 76.7754012, 30.7240156 ] } },
{ "type": "Feature", "properties": { "name": "Dr bhatia sanjeev", "primary_type": "Essential Services", "sector_name": "21", "secondary_type": "doctor" }, "geometry": { "type": "Point", "coordinates": [ 76.7753518, 30.7240298 ] } },
{ "type": "Feature", "properties": { "name": "Gallbladder Stone Clinic", "primary_type": "Essential Services", "sector_name": "21", "secondary_type": "hospital" }, "geometry": { "type": "Point", "coordinates": [ 76.7753518, 30.7240298 ] } },
{ "type": "Feature", "properties": { "name": "Hymenoplasty clinic", "primary_type": "Essential Services", "sector_name": "21", "secondary_type": "doctor" }, "geometry": { "type": "Point", "coordinates": [ 76.7753339, 30.7239775 ] } },
{ "type": "Feature", "properties": { "name": "Diabeticfoot clinic", "primary_type": "Essential Services", "sector_name": "21", "secondary_type": "doctor" }, "geometry": { "type": "Point", "coordinates": [ 76.7751442, 30.7238453 ] } },
{ "type": "Feature", "properties": { "name": "Liposuction clinic", "primary_type": "Essential Services", "sector_name": "21", "secondary_type": "doctor" }, "geometry": { "type": "Point", "coordinates": [ 76.7751442, 30.7238453 ] } },
{ "type": "Feature", "properties": { "name": "Hernia Surgery centre", "primary_type": "Essential Services", "sector_name": "21", "secondary_type": "doctor" }, "geometry": { "type": "Point", "coordinates": [ 76.7751442, 30.7238453 ] } },
{ "type": "Feature", "properties": { "name": "Dr. Rishabh Kapoor - Best Diabetologist | Rheumatologist | Hypertension Specialist in Chandigarh", "primary_type": "Essential Services", "sector_name": "21", "secondary_type": "doctor" }, "geometry": { "type": "Point", "coordinates": [ 76.7750946, 30.7241836 ] } },
{ "type": "Feature", "properties": { "name": "𝗔𝗥𝗩 𝗢𝗿𝘁𝗵𝗼𝗽𝗮𝗲𝗱𝗶𝗰 𝗛𝗼𝘀𝗽𝗶𝘁𝗮𝗹 - Best Orthopaedic, Sports Injury Hospital, Knee Replacement & Trauma Hospital in Chandigarh", "primary_type": "Essential Services", "sector_name": "21", "secondary_type": "hospital" }, "geometry": { "type": "Point", "coordinates": [ 76.7750947, 30.7241892 ] } },
{ "type": "Feature", "properties": { "name": "Dr Vandana MittaI", "primary_type": "Essential Services", "sector_name": "21", "secondary_type": "doctor" }, "geometry": { "type": "Point", "coordinates": [ 76.7749903, 30.7241518 ] } },
{ "type": "Feature", "properties": { "name": "Nath Medical Hall", "primary_type": "Essential Services", "sector_name": "21", "secondary_type": "pharmacy" }, "geometry": { "type": "Point", "coordinates": [ 76.777901, 30.7246658 ] } },
{ "type": "Feature", "properties": { "name": "RULDA RAM DHABA", "primary_type": "Food and Drinks", "sector_name": "20", "secondary_type": "indian_restaurant" }, "geometry": { "type": "Point", "coordinates": [ 76.7781449, 30.7231571 ] } },
{ "type": "Feature", "properties": { "name": "FITNESS POINT - Your dream body destination", "primary_type": "Sports", "sector_name": "21", "secondary_type": "gym" }, "geometry": { "type": "Point", "coordinates": [ 76.7768101, 30.7262495 ] } },
{ "type": "Feature", "properties": { "name": "International Implant Master", "primary_type": "Essential Services", "sector_name": "21", "secondary_type": "dental_clinic" }, "geometry": { "type": "Point", "coordinates": [ 76.7767471, 30.7262174 ] } },
{ "type": "Feature", "properties": { "name": "Sant Namdev Bhawan", "primary_type": "Essential Services", "sector_name": "21", "secondary_type": "hospital" }, "geometry": { "type": "Point", "coordinates": [ 76.7767187, 30.7262034 ] } },
{ "type": "Feature", "properties": { "name": "ICICI Bank Ltd, Chandigarh-Sector 21", "primary_type": "Essential Services", "sector_name": "21", "secondary_type": "bank" }, "geometry": { "type": "Point", "coordinates": [ 76.776872, 30.7262118 ] } },
{ "type": "Feature", "properties": { "name": "ICICI Bank Ltd.,Chandigarh-Sector 21", "primary_type": "Essential Services", "sector_name": "21", "secondary_type": "bank" }, "geometry": { "type": "Point", "coordinates": [ 76.7767824, 30.7261749 ] } },
{ "type": "Feature", "properties": { "name": "Deep medical hall", "primary_type": "Essential Services", "sector_name": "21", "secondary_type": "hospital" }, "geometry": { "type": "Point", "coordinates": [ 76.775828, 30.7264638 ] } },
{ "type": "Feature", "properties": { "name": "Sants Creation By Dimple", "primary_type": "Shopping", "sector_name": "21", "secondary_type": "clothing_store" }, "geometry": { "type": "Point", "coordinates": [ 76.775828, 30.7264638 ] } },
{ "type": "Feature", "properties": { "name": "dental clinic creating smiles", "primary_type": "Essential Services", "sector_name": "21", "secondary_type": "hospital" }, "geometry": { "type": "Point", "coordinates": [ 76.775828, 30.7264638 ] } },
{ "type": "Feature", "properties": { "name": "Baba Diaryb & Restaurant", "primary_type": "Food and Drinks", "sector_name": "21", "secondary_type": "restaurant" }, "geometry": { "type": "Point", "coordinates": [ 76.775828, 30.7264638 ] } },
{ "type": "Feature", "properties": { "name": "YANKEEZ", "primary_type": "Food and Drinks", "sector_name": "21", "secondary_type": "cafe" }, "geometry": { "type": "Point", "coordinates": [ 76.775828, 30.7264638 ] } },
{ "type": "Feature", "properties": { "name": "The Catalyst Clinic", "primary_type": "Essential Services", "sector_name": "21", "secondary_type": "hospital" }, "geometry": { "type": "Point", "coordinates": [ 76.7764752, 30.7277958 ] } },
{ "type": "Feature", "properties": { "name": "The Pink Skirt Boutique", "primary_type": "Shopping", "sector_name": "21", "secondary_type": "clothing_store" }, "geometry": { "type": "Point", "coordinates": [ 76.7766544, 30.7278254 ] } },
{ "type": "Feature", "properties": { "name": "Midpoint Cafe", "primary_type": "Food and Drinks", "sector_name": "21", "secondary_type": "cafe" }, "geometry": { "type": "Point", "coordinates": [ 76.7768816, 30.7261179 ] } },
{ "type": "Feature", "properties": { "name": "Walk N Wear Kids", "primary_type": "Shopping", "sector_name": "21", "secondary_type": "clothing_store" }, "geometry": { "type": "Point", "coordinates": [ 76.7769216, 30.7260989 ] } },
{ "type": "Feature", "properties": { "name": "Houseofhandsomechd", "primary_type": "Shopping", "sector_name": "21", "secondary_type": "clothing_store" }, "geometry": { "type": "Point", "coordinates": [ 76.7755858, 30.727256 ] } },
{ "type": "Feature", "properties": { "name": "Dr K. M. Pathak", "primary_type": "Essential Services", "sector_name": "21", "secondary_type": "hospital" }, "geometry": { "type": "Point", "coordinates": [ 76.7760549, 30.7277709 ] } },
{ "type": "Feature", "properties": { "name": "Jain Dental Clinic", "primary_type": "Essential Services", "sector_name": "21", "secondary_type": "dentist" }, "geometry": { "type": "Point", "coordinates": [ 76.7765718, 30.7296772 ] } },
{ "type": "Feature", "properties": { "name": "PQJG+798", "primary_type": "Tourism", "sector_name": "21", "secondary_type": "park" }, "geometry": { "type": "Point", "coordinates": [ 76.7758956, 30.7306216 ] } },
{ "type": "Feature", "properties": { "name": "Park Opposite Rama Store", "primary_type": "Tourism", "sector_name": "21", "secondary_type": "park" }, "geometry": { "type": "Point", "coordinates": [ 76.7759666, 30.7306561 ] } },
{ "type": "Feature", "properties": { "name": "Children's park", "primary_type": "Tourism", "sector_name": "21", "secondary_type": "park" }, "geometry": { "type": "Point", "coordinates": [ 76.7772188, 30.7310829 ] } },
{ "type": "Feature", "properties": { "name": "Sector 21A Park", "primary_type": "Tourism", "sector_name": "21", "secondary_type": "park" }, "geometry": { "type": "Point", "coordinates": [ 76.7775206, 30.7293067 ] } },
{ "type": "Feature", "properties": { "name": "IDFC FIRST Bank ATM", "primary_type": "Essential Services", "sector_name": "22", "secondary_type": "atm" }, "geometry": { "type": "Point", "coordinates": [ 76.7760511, 30.7314641 ] } },
{ "type": "Feature", "properties": { "name": "Singh's Chicken Corner", "primary_type": "Food and Drinks", "sector_name": "22", "secondary_type": "restaurant" }, "geometry": { "type": "Point", "coordinates": [ 76.7753705, 30.7311193 ] } },
{ "type": "Feature", "properties": { "name": "KINGSWAY Chandigarh School Uniforms", "primary_type": "Shopping", "sector_name": "22", "secondary_type": "clothing_store" }, "geometry": { "type": "Point", "coordinates": [ 76.7758643, 30.731489 ] } },
{ "type": "Feature", "properties": { "name": "Kingsway", "primary_type": "Shopping", "sector_name": "22", "secondary_type": "clothing_store" }, "geometry": { "type": "Point", "coordinates": [ 76.7759086, 30.7315178 ] } },
{ "type": "Feature", "properties": { "name": "IDFC FIRST Bank - Chandigarh, Sector 22 B Branch", "primary_type": "Essential Services", "sector_name": "22", "secondary_type": "bank" }, "geometry": { "type": "Point", "coordinates": [ 76.7760369, 30.7315785 ] } },
{ "type": "Feature", "properties": { "name": "Akashdeep 22 Hotel", "primary_type": "Tourism", "sector_name": "22", "secondary_type": "hotel" }, "geometry": { "type": "Point", "coordinates": [ 76.7750974, 30.7309659 ] } },
{ "type": "Feature", "properties": { "name": "Punjab Book Centre", "primary_type": "Shopping", "sector_name": "22", "secondary_type": "book_store" }, "geometry": { "type": "Point", "coordinates": [ 76.7751123, 30.7309999 ] } },
{ "type": "Feature", "properties": { "name": "aayam healthways", "primary_type": "Essential Services", "sector_name": "22", "secondary_type": "doctor" }, "geometry": { "type": "Point", "coordinates": [ 76.7754674, 30.731349 ] } },
{ "type": "Feature", "properties": { "name": "Tehal Singh’s Dhaba & Restaurant", "primary_type": "Food and Drinks", "sector_name": "22", "secondary_type": "indian_restaurant" }, "geometry": { "type": "Point", "coordinates": [ 76.7753106, 30.731229 ] } },
{ "type": "Feature", "properties": { "name": "DEE SINGH'S KITCHEN", "primary_type": "Food and Drinks", "sector_name": "22", "secondary_type": "indian_restaurant" }, "geometry": { "type": "Point", "coordinates": [ 76.7752246, 30.7311457 ] } },
{ "type": "Feature", "properties": { "name": "1044", "primary_type": "Tourism", "sector_name": "21", "secondary_type": "park" }, "geometry": { "type": "Point", "coordinates": [ 76.7804933, 30.7269511 ] } },
{ "type": "Feature", "properties": { "name": "Drajay", "primary_type": "Essential Services", "sector_name": "21", "secondary_type": "doctor" }, "geometry": { "type": "Point", "coordinates": [ 76.7801341, 30.726618 ] } },
{ "type": "Feature", "properties": { "name": "Dr Honney Sawhney", "primary_type": "Essential Services", "sector_name": "21", "secondary_type": "doctor" }, "geometry": { "type": "Point", "coordinates": [ 76.7801553, 30.7265855 ] } },
{ "type": "Feature", "properties": { "name": "Meraki Boutique", "primary_type": "Shopping", "sector_name": "21", "secondary_type": "clothing_store" }, "geometry": { "type": "Point", "coordinates": [ 76.7816878, 30.7270523 ] } },
{ "type": "Feature", "properties": { "name": "Label Nishtha Bansal", "primary_type": "Shopping", "sector_name": "21", "secondary_type": "clothing_store" }, "geometry": { "type": "Point", "coordinates": [ 76.7815754, 30.7274035 ] } },
{ "type": "Feature", "properties": { "name": "ADC- Centre for Restorative and Implant Dentistry", "primary_type": "Essential Services", "sector_name": "21", "secondary_type": "dentist" }, "geometry": { "type": "Point", "coordinates": [ 76.7790392, 30.7262367 ] } },
{ "type": "Feature", "properties": { "name": "Taneja's", "primary_type": "Entertainment", "sector_name": "21", "secondary_type": "historical_place" }, "geometry": { "type": "Point", "coordinates": [ 76.7789903, 30.7259216 ] } },
{ "type": "Feature", "properties": { "name": "PQGH+4GX", "primary_type": "Tourism", "sector_name": "21", "secondary_type": "park" }, "geometry": { "type": "Point", "coordinates": [ 76.7788256, 30.7254121 ] } },
{ "type": "Feature", "properties": { "name": "City Bird Sanctuary 21 Chd", "primary_type": "Tourism", "sector_name": "21", "secondary_type": "park" }, "geometry": { "type": "Point", "coordinates": [ 76.7794501, 30.7285807 ] } },
{ "type": "Feature", "properties": { "name": "BANI FASHIONS", "primary_type": "Shopping", "sector_name": "21", "secondary_type": "clothing_store" }, "geometry": { "type": "Point", "coordinates": [ 76.7786227, 30.72581 ] } },
{ "type": "Feature", "properties": { "name": "Dr Kochar's Pet's Mart Multi Speciality Hospital And Vet Lab", "primary_type": "Essential Services", "sector_name": "21", "secondary_type": "veterinary_care" }, "geometry": { "type": "Point", "coordinates": [ 76.7791667, 30.7252854 ] } },
{ "type": "Feature", "properties": { "name": "Doctor Gyne", "primary_type": "Essential Services", "sector_name": "21", "secondary_type": "doctor" }, "geometry": { "type": "Point", "coordinates": [ 76.7801407, 30.730598 ] } },
{ "type": "Feature", "properties": { "name": "Raju bahri", "primary_type": "Essential Services", "sector_name": "21", "secondary_type": "hospital" }, "geometry": { "type": "Point", "coordinates": [ 76.7800178, 30.7300131 ] } },
{ "type": "Feature", "properties": { "name": "Chote Lal", "primary_type": "Essential Services", "sector_name": "21", "secondary_type": "hospital" }, "geometry": { "type": "Point", "coordinates": [ 76.7800113, 30.7300069 ] } },
{ "type": "Feature", "properties": { "name": "R.M.L Hospital Delhi", "primary_type": "Essential Services", "sector_name": "21", "secondary_type": "hospital" }, "geometry": { "type": "Point", "coordinates": [ 76.7800113, 30.7300069 ] } },
{ "type": "Feature", "properties": { "name": "Bahadurgarh Near Bus Stand", "primary_type": "Essential Services", "sector_name": "21", "secondary_type": "hospital" }, "geometry": { "type": "Point", "coordinates": [ 76.7800113, 30.7300069 ] } },
{ "type": "Feature", "properties": { "name": "Teacher Park", "primary_type": "Tourism", "sector_name": "21", "secondary_type": "park" }, "geometry": { "type": "Point", "coordinates": [ 76.78, 30.73 ] } },
{ "type": "Feature", "properties": { "name": "Skin Hauz", "primary_type": "Essential Services", "sector_name": "21", "secondary_type": "doctor" }, "geometry": { "type": "Point", "coordinates": [ 76.7806223, 30.7309304 ] } },
{ "type": "Feature", "properties": { "name": "Harpreet tiffin", "primary_type": "Food and Drinks", "sector_name": "21", "secondary_type": "breakfast_restaurant" }, "geometry": { "type": "Point", "coordinates": [ 76.7800092, 30.7295957 ] } },
{ "type": "Feature", "properties": { "name": "Eyecare 21 - Eye Hospital", "primary_type": "Essential Services", "sector_name": "21", "secondary_type": "hospital" }, "geometry": { "type": "Point", "coordinates": [ 76.781662, 30.7308095 ] } },
{ "type": "Feature", "properties": { "name": "Vitamec Healthcare Private Limited", "primary_type": "Essential Services", "sector_name": "21", "secondary_type": "pharmacy" }, "geometry": { "type": "Point", "coordinates": [ 76.7798397, 30.7310066 ] } },
{ "type": "Feature", "properties": { "name": "Los Fraile", "primary_type": "Essential Services", "sector_name": "21", "secondary_type": "drugstore" }, "geometry": { "type": "Point", "coordinates": [ 76.7796307, 30.7295418 ] } },
{ "type": "Feature", "properties": { "name": "Park 7", "primary_type": "Tourism", "sector_name": "21", "secondary_type": "park" }, "geometry": { "type": "Point", "coordinates": [ 76.782086, 30.7299632 ] } },
{ "type": "Feature", "properties": { "name": "Old Kajal Nursing Home Now Closed", "primary_type": "Essential Services", "sector_name": "21", "secondary_type": "hospital" }, "geometry": { "type": "Point", "coordinates": [ 76.7807529, 30.7315089 ] } },
{ "type": "Feature", "properties": { "name": "House Of Suraabee", "primary_type": "Shopping", "sector_name": "21", "secondary_type": "clothing_store" }, "geometry": { "type": "Point", "coordinates": [ 76.7796747, 30.7311986 ] } },
{ "type": "Feature", "properties": { "name": "ARORA ENTERPRISES SECTOR 22B", "primary_type": "Shopping", "sector_name": "21", "secondary_type": "clothing_store" }, "geometry": { "type": "Point", "coordinates": [ 76.7790993, 30.731232 ] } },
{ "type": "Feature", "properties": { "name": "Jindal private property", "primary_type": "Essential Services", "sector_name": "21", "secondary_type": "pharmacy" }, "geometry": { "type": "Point", "coordinates": [ 76.7788114, 30.7293266 ] } },
{ "type": "Feature", "properties": { "name": "NGOFEE", "primary_type": "Food and Drinks", "sector_name": "21", "secondary_type": "cafe" }, "geometry": { "type": "Point", "coordinates": [ 76.7787781, 30.7292373 ] } },
{ "type": "Feature", "properties": { "name": "Anil", "primary_type": "Food and Drinks", "sector_name": "21", "secondary_type": "restaurant" }, "geometry": { "type": "Point", "coordinates": [ 76.7800703, 30.7323688 ] } },
{ "type": "Feature", "properties": { "name": "Breast clinic", "primary_type": "Essential Services", "sector_name": "19", "secondary_type": "hospital" }, "geometry": { "type": "Point", "coordinates": [ 76.7904974, 30.7247527 ] } },
{ "type": "Feature", "properties": { "name": "Chaudhary Fashion Corner", "primary_type": "Shopping", "sector_name": "19", "secondary_type": "clothing_store" }, "geometry": { "type": "Point", "coordinates": [ 76.790636, 30.724373 ] } },
{ "type": "Feature", "properties": { "name": "Kamal Garments", "primary_type": "Shopping", "sector_name": "19", "secondary_type": "clothing_store" }, "geometry": { "type": "Point", "coordinates": [ 76.790821, 30.724457 ] } },
{ "type": "Feature", "properties": { "name": "Vishal Collection", "primary_type": "Shopping", "sector_name": "19", "secondary_type": "clothing_store" }, "geometry": { "type": "Point", "coordinates": [ 76.7908892, 30.7257942 ] } },
{ "type": "Feature", "properties": { "name": "Diagnocare Medi Lab | Blood Tests at charitable rates | Best Diagnostic Centre | Blood test in Chandigarh, Mohali", "primary_type": "Essential Services", "sector_name": "19", "secondary_type": "medical_lab" }, "geometry": { "type": "Point", "coordinates": [ 76.7885961, 30.726985 ] } },
{ "type": "Feature", "properties": { "name": "Dr. GUPTA'S CLINIC & E.E.G CENTRE", "primary_type": "Essential Services", "sector_name": "19", "secondary_type": "doctor" }, "geometry": { "type": "Point", "coordinates": [ 76.7892407, 30.7271272 ] } },
{ "type": "Feature", "properties": { "name": "Sai Garment's", "primary_type": "Shopping", "sector_name": "19", "secondary_type": "clothing_store" }, "geometry": { "type": "Point", "coordinates": [ 76.791657, 30.725005 ] } },
{ "type": "Feature", "properties": { "name": "Dentalign Dental Clinic", "primary_type": "Essential Services", "sector_name": "19", "secondary_type": "dentist" }, "geometry": { "type": "Point", "coordinates": [ 76.7889694, 30.7275977 ] } },
{ "type": "Feature", "properties": { "name": "Sandeep Hosiery", "primary_type": "Shopping", "sector_name": "19", "secondary_type": "clothing_store" }, "geometry": { "type": "Point", "coordinates": [ 76.7917436, 30.724208 ] } },
{ "type": "Feature", "properties": { "name": "Dr Parth's Orthopaedic and Spine Clinic", "primary_type": "Essential Services", "sector_name": "19", "secondary_type": "doctor" }, "geometry": { "type": "Point", "coordinates": [ 76.7881644, 30.727613 ] } },
{ "type": "Feature", "properties": { "name": "Dr Guptas Clinic And ENT Care Center", "primary_type": "Essential Services", "sector_name": "19", "secondary_type": "hospital" }, "geometry": { "type": "Point", "coordinates": [ 76.7920283, 30.724779 ] } },
{ "type": "Feature", "properties": { "name": "Shree balaji garments", "primary_type": "Shopping", "sector_name": "19", "secondary_type": "clothing_store" }, "geometry": { "type": "Point", "coordinates": [ 76.7919643, 30.7259053 ] } },
{ "type": "Feature", "properties": { "name": "Dr. Chander Hospital", "primary_type": "Essential Services", "sector_name": "19", "secondary_type": "hospital" }, "geometry": { "type": "Point", "coordinates": [ 76.789546, 30.7284818 ] } },
{ "type": "Feature", "properties": { "name": "Healthy Heart", "primary_type": "Essential Services", "sector_name": "19", "secondary_type": "doctor" }, "geometry": { "type": "Point", "coordinates": [ 76.789711, 30.7285348 ] } },
{ "type": "Feature", "properties": { "name": "Kare partner heart centre", "primary_type": "Essential Services", "sector_name": "19", "secondary_type": "hospital" }, "geometry": { "type": "Point", "coordinates": [ 76.7898532, 30.7286042 ] } },
{ "type": "Feature", "properties": { "name": "Dr NEHA GARG DM Nephrology", "primary_type": "Essential Services", "sector_name": "19", "secondary_type": "doctor" }, "geometry": { "type": "Point", "coordinates": [ 76.789846, 30.728687 ] } },
{ "type": "Feature", "properties": { "name": "Dr Rahul Katyal", "primary_type": "Essential Services", "sector_name": "19", "secondary_type": "doctor" }, "geometry": { "type": "Point", "coordinates": [ 76.789891, 30.7286921 ] } },
{ "type": "Feature", "properties": { "name": "Ganpati KK Fast Food and Tiffin services", "primary_type": "Food and Drinks", "sector_name": "19", "secondary_type": "fast_food_restaurant" }, "geometry": { "type": "Point", "coordinates": [ 76.7889458, 30.7292847 ] } },
{ "type": "Feature", "properties": { "name": "Sardar Ji TANDOOR - 19 sector wale", "primary_type": "Food and Drinks", "sector_name": "19", "secondary_type": "restaurant" }, "geometry": { "type": "Point", "coordinates": [ 76.7901048, 30.72836 ] } },
{ "type": "Feature", "properties": { "name": "Dr. Sanjay Gupta Homeo Pathy care", "primary_type": "Essential Services", "sector_name": "19", "secondary_type": "drugstore" }, "geometry": { "type": "Point", "coordinates": [ 76.7884539, 30.7293625 ] } },
{ "type": "Feature", "properties": { "name": "Dr Rajdeep Singh, Gastro, Liver & Endoscopy Centre", "primary_type": "Essential Services", "sector_name": "19", "secondary_type": "doctor" }, "geometry": { "type": "Point", "coordinates": [ 76.7876472, 30.7285364 ] } },
{ "type": "Feature", "properties": { "name": "Dr.Gunjan Baweja - Pediatrician, Child Specialist, Vaccination Centre for newborns, Children, Adults amd Travelers", "primary_type": "Essential Services", "sector_name": "19", "secondary_type": "doctor" }, "geometry": { "type": "Point", "coordinates": [ 76.7874269, 30.72875 ] } },
{ "type": "Feature", "properties": { "name": "Guru Ram Dass Molecular Imaging and Diagnostic Centre", "primary_type": "Essential Services", "sector_name": "19", "secondary_type": "doctor" }, "geometry": { "type": "Point", "coordinates": [ 76.7902242, 30.7293088 ] } },
{ "type": "Feature", "properties": { "name": "Dr J P Singh", "primary_type": "Essential Services", "sector_name": "19", "secondary_type": "hospital" }, "geometry": { "type": "Point", "coordinates": [ 76.787395, 30.728805 ] } },
{ "type": "Feature", "properties": { "name": "Dr Rattan Khurana", "primary_type": "Essential Services", "sector_name": "19", "secondary_type": "dentist" }, "geometry": { "type": "Point", "coordinates": [ 76.7870505, 30.728154 ] } },
{ "type": "Feature", "properties": { "name": "ANSHU COLLECTION", "primary_type": "Shopping", "sector_name": "19", "secondary_type": "clothing_store" }, "geometry": { "type": "Point", "coordinates": [ 76.7931585, 30.7251678 ] } },
{ "type": "Feature", "properties": { "name": "AJASSI TRADERS", "primary_type": "Shopping", "sector_name": "19", "secondary_type": "clothing_store" }, "geometry": { "type": "Point", "coordinates": [ 76.7931417, 30.7251758 ] } },
{ "type": "Feature", "properties": { "name": "Batra Dupattas Center", "primary_type": "Shopping", "sector_name": "19", "secondary_type": "clothing_store" }, "geometry": { "type": "Point", "coordinates": [ 76.7931719, 30.7251775 ] } },
{ "type": "Feature", "properties": { "name": "Jai ambe textile", "primary_type": "Shopping", "sector_name": "19", "secondary_type": "clothing_store" }, "geometry": { "type": "Point", "coordinates": [ 76.7930103, 30.7250846 ] } },
{ "type": "Feature", "properties": { "name": "Bhalla Garments", "primary_type": "Shopping", "sector_name": "19", "secondary_type": "clothing_store" }, "geometry": { "type": "Point", "coordinates": [ 76.7930134, 30.7250637 ] } },
{ "type": "Feature", "properties": { "name": "OM GARMENTS", "primary_type": "Shopping", "sector_name": "19", "secondary_type": "clothing_store" }, "geometry": { "type": "Point", "coordinates": [ 76.7930804, 30.7252923 ] } },
{ "type": "Feature", "properties": { "name": "S K Traders", "primary_type": "Shopping", "sector_name": "19", "secondary_type": "clothing_store" }, "geometry": { "type": "Point", "coordinates": [ 76.7929451, 30.7251726 ] } },
{ "type": "Feature", "properties": { "name": "Om Cosmetics", "primary_type": "Shopping", "sector_name": "19", "secondary_type": "clothing_store" }, "geometry": { "type": "Point", "coordinates": [ 76.7933027, 30.7252403 ] } },
{ "type": "Feature", "properties": { "name": "Shivvas Garments", "primary_type": "Shopping", "sector_name": "19", "secondary_type": "clothing_store" }, "geometry": { "type": "Point", "coordinates": [ 76.7933372, 30.7252471 ] } },
{ "type": "Feature", "properties": { "name": "Shri Ratan Undergarments", "primary_type": "Shopping", "sector_name": "19", "secondary_type": "clothing_store" }, "geometry": { "type": "Point", "coordinates": [ 76.7930687, 30.7253383 ] } },
{ "type": "Feature", "properties": { "name": "Jeans Palace", "primary_type": "Shopping", "sector_name": "19", "secondary_type": "clothing_store" }, "geometry": { "type": "Point", "coordinates": [ 76.7931494, 30.7253523 ] } },
{ "type": "Feature", "properties": { "name": "Raju garments( mantelao)", "primary_type": "Shopping", "sector_name": "19", "secondary_type": "clothing_store" }, "geometry": { "type": "Point", "coordinates": [ 76.7933811, 30.7250937 ] } },
{ "type": "Feature", "properties": { "name": "Raju traders 128", "primary_type": "Shopping", "sector_name": "19", "secondary_type": "clothing_store" }, "geometry": { "type": "Point", "coordinates": [ 76.793415, 30.7251374 ] } },
{ "type": "Feature", "properties": { "name": "Karan Garments", "primary_type": "Shopping", "sector_name": "19", "secondary_type": "clothing_store" }, "geometry": { "type": "Point", "coordinates": [ 76.7934425, 30.7251349 ] } },
{ "type": "Feature", "properties": { "name": "B.K. Garments", "primary_type": "Shopping", "sector_name": "19", "secondary_type": "clothing_store" }, "geometry": { "type": "Point", "coordinates": [ 76.7932573, 30.7254032 ] } },
{ "type": "Feature", "properties": { "name": "Special Collection", "primary_type": "Shopping", "sector_name": "19", "secondary_type": "clothing_store" }, "geometry": { "type": "Point", "coordinates": [ 76.793442, 30.7253084 ] } },
{ "type": "Feature", "properties": { "name": "THAKUR GARMENTS", "primary_type": "Shopping", "sector_name": "19", "secondary_type": "clothing_store" }, "geometry": { "type": "Point", "coordinates": [ 76.7934955, 30.7251379 ] } },
{ "type": "Feature", "properties": { "name": "Mayra collection", "primary_type": "Shopping", "sector_name": "19", "secondary_type": "clothing_store" }, "geometry": { "type": "Point", "coordinates": [ 76.7934506, 30.7253132 ] } },
{ "type": "Feature", "properties": { "name": "BANSAL HOSIERY", "primary_type": "Shopping", "sector_name": "19", "secondary_type": "clothing_store" }, "geometry": { "type": "Point", "coordinates": [ 76.7935344, 30.7251975 ] } },
{ "type": "Feature", "properties": { "name": "Sanjay Clinic", "primary_type": "Essential Services", "sector_name": "19", "secondary_type": "hospital" }, "geometry": { "type": "Point", "coordinates": [ 76.7932238, 30.7282196 ] } },
{ "type": "Feature", "properties": { "name": "Dr. Nagpal's Elite Clinic", "primary_type": "Essential Services", "sector_name": "19", "secondary_type": "hospital" }, "geometry": { "type": "Point", "coordinates": [ 76.7932238, 30.7282196 ] } },
{ "type": "Feature", "properties": { "name": "Government Hospital Chandigarh", "primary_type": "Essential Services", "sector_name": "19", "secondary_type": "hospital" }, "geometry": { "type": "Point", "coordinates": [ 76.7928286, 30.728226 ] } },
{ "type": "Feature", "properties": { "name": "Impressions Boutique", "primary_type": "Shopping", "sector_name": "19", "secondary_type": "clothing_store" }, "geometry": { "type": "Point", "coordinates": [ 76.7927981, 30.728176 ] } },
{ "type": "Feature", "properties": { "name": "Palika Bazar Shopping", "primary_type": "Shopping", "sector_name": "19", "secondary_type": "shopping_mall" }, "geometry": { "type": "Point", "coordinates": [ 76.7930566, 30.7279992 ] } },
{ "type": "Feature", "properties": { "name": "Bajaj Textiles", "primary_type": "Shopping", "sector_name": "19", "secondary_type": "clothing_store" }, "geometry": { "type": "Point", "coordinates": [ 76.79307, 30.7279807 ] } },
{ "type": "Feature", "properties": { "name": "Lovely Textiles & Garments", "primary_type": "Shopping", "sector_name": "19", "secondary_type": "clothing_store" }, "geometry": { "type": "Point", "coordinates": [ 76.792935, 30.728012 ] } },
{ "type": "Feature", "properties": { "name": "Oberoi Fashion Corner", "primary_type": "Shopping", "sector_name": "19", "secondary_type": "clothing_store" }, "geometry": { "type": "Point", "coordinates": [ 76.7930892, 30.7279569 ] } },
{ "type": "Feature", "properties": { "name": "Indertex", "primary_type": "Shopping", "sector_name": "19", "secondary_type": "clothing_store" }, "geometry": { "type": "Point", "coordinates": [ 76.7929496, 30.727991 ] } },
{ "type": "Feature", "properties": { "name": "Palika Market", "primary_type": "Shopping", "sector_name": "19", "secondary_type": "market" }, "geometry": { "type": "Point", "coordinates": [ 76.7930879, 30.7279513 ] } },
{ "type": "Feature", "properties": { "name": "JAIN GARMENTS - MELINI NIGHT SUITS (Factory outlet)", "primary_type": "Shopping", "sector_name": "19", "secondary_type": "clothing_store" }, "geometry": { "type": "Point", "coordinates": [ 76.7929848, 30.7279582 ] } },
{ "type": "Feature", "properties": { "name": "Bansal Fashioner", "primary_type": "Shopping", "sector_name": "19", "secondary_type": "clothing_store" }, "geometry": { "type": "Point", "coordinates": [ 76.7929815, 30.727955 ] } },
{ "type": "Feature", "properties": { "name": "Deep Jeans Centre", "primary_type": "Shopping", "sector_name": "19", "secondary_type": "clothing_store" }, "geometry": { "type": "Point", "coordinates": [ 76.7929835, 30.727949 ] } },
{ "type": "Feature", "properties": { "name": "Vinod chat corner", "primary_type": "Food and Drinks", "sector_name": "19", "secondary_type": "fast_food_restaurant" }, "geometry": { "type": "Point", "coordinates": [ 76.793121, 30.7279179 ] } },
{ "type": "Feature", "properties": { "name": "Jai Maa Collections", "primary_type": "Shopping", "sector_name": "19", "secondary_type": "clothing_store" }, "geometry": { "type": "Point", "coordinates": [ 76.792962, 30.7279464 ] } },
{ "type": "Feature", "properties": { "name": "Sehgal Sons", "primary_type": "Shopping", "sector_name": "19", "secondary_type": "clothing_store" }, "geometry": { "type": "Point", "coordinates": [ 76.792909, 30.727963 ] } },
{ "type": "Feature", "properties": { "name": "Singla Collection", "primary_type": "Shopping", "sector_name": "19", "secondary_type": "clothing_store" }, "geometry": { "type": "Point", "coordinates": [ 76.792909, 30.7279204 ] } },
{ "type": "Feature", "properties": { "name": "Sandeep Collection", "primary_type": "Shopping", "sector_name": "19", "secondary_type": "clothing_store" }, "geometry": { "type": "Point", "coordinates": [ 76.7928883, 30.7279288 ] } },
{ "type": "Feature", "properties": { "name": "Morpheme Remedies Private Limited", "primary_type": "Essential Services", "sector_name": "19", "secondary_type": "pharmacy" }, "geometry": { "type": "Point", "coordinates": [ 76.793918, 30.730839 ] } },
{ "type": "Feature", "properties": { "name": "Bombay Creations", "primary_type": "Shopping", "sector_name": "19", "secondary_type": "clothing_store" }, "geometry": { "type": "Point", "coordinates": [ 76.793749, 30.7306748 ] } },
{ "type": "Feature", "properties": { "name": "Dr CP Bansal clinic", "primary_type": "Essential Services", "sector_name": "19", "secondary_type": "hospital" }, "geometry": { "type": "Point", "coordinates": [ 76.793806, 30.7306982 ] } },
{ "type": "Feature", "properties": { "name": "Dr Surinder Bansal", "primary_type": "Essential Services", "sector_name": "19", "secondary_type": "doctor" }, "geometry": { "type": "Point", "coordinates": [ 76.7925135, 30.7302987 ] } },
{ "type": "Feature", "properties": { "name": "Anti rabies clinic", "primary_type": "Essential Services", "sector_name": "19", "secondary_type": "hospital" }, "geometry": { "type": "Point", "coordinates": [ 76.7946464, 30.7307734 ] } },
{ "type": "Feature", "properties": { "name": "Grace House", "primary_type": "Shopping", "sector_name": "19", "secondary_type": "clothing_store" }, "geometry": { "type": "Point", "coordinates": [ 76.7949026, 30.732 ] } },
{ "type": "Feature", "properties": { "name": "Dr S Satija", "primary_type": "Essential Services", "sector_name": "19", "secondary_type": "doctor" }, "geometry": { "type": "Point", "coordinates": [ 76.7931888, 30.7298129 ] } },
{ "type": "Feature", "properties": { "name": "Gambhir Selections", "primary_type": "Shopping", "sector_name": "19", "secondary_type": "clothing_store" }, "geometry": { "type": "Point", "coordinates": [ 76.795111, 30.7318 ] } },
{ "type": "Feature", "properties": { "name": "Sham Mind Neuropsychiatry And De Addiction Clinic", "primary_type": "Essential Services", "sector_name": "19", "secondary_type": "doctor" }, "geometry": { "type": "Point", "coordinates": [ 76.7924464, 30.7298679 ] } },
{ "type": "Feature", "properties": { "name": "Amayra Health Care", "primary_type": "Essential Services", "sector_name": "19", "secondary_type": "doctor" }, "geometry": { "type": "Point", "coordinates": [ 76.7914024, 30.7303938 ] } },
{ "type": "Feature", "properties": { "name": "Chandigarh ENT Clinic - Dr. Rishi Raj", "primary_type": "Essential Services", "sector_name": "19", "secondary_type": "doctor" }, "geometry": { "type": "Point", "coordinates": [ 76.7913897, 30.7303936 ] } },
{ "type": "Feature", "properties": { "name": "Dr Ajay Aggarwal (Best Gynaecologist and Laparoscopic Surgeon)", "primary_type": "Essential Services", "sector_name": "19", "secondary_type": "doctor" }, "geometry": { "type": "Point", "coordinates": [ 76.7914087, 30.7303701 ] } },
{ "type": "Feature", "properties": { "name": "ChraYou Cardiac Care | EECP Treatment in Chandigarh", "primary_type": "Essential Services", "sector_name": "19", "secondary_type": "doctor" }, "geometry": { "type": "Point", "coordinates": [ 76.7913819, 30.7303895 ] } },
{ "type": "Feature", "properties": { "name": "Guneety's Invogue", "primary_type": "Shopping", "sector_name": "19", "secondary_type": "clothing_store" }, "geometry": { "type": "Point", "coordinates": [ 76.7978164, 30.728341 ] } },
{ "type": "Feature", "properties": { "name": "small tree park", "primary_type": "Tourism", "sector_name": "19", "secondary_type": "park" }, "geometry": { "type": "Point", "coordinates": [ 76.7951223, 30.7287511 ] } },
{ "type": "Feature", "properties": { "name": "park near community center", "primary_type": "Tourism", "sector_name": "19", "secondary_type": "park" }, "geometry": { "type": "Point", "coordinates": [ 76.7970658, 30.7302538 ] } },
{ "type": "Feature", "properties": { "name": "Dr. Mehta's Medical Clinic", "primary_type": "Essential Services", "sector_name": "19", "secondary_type": "dental_clinic" }, "geometry": { "type": "Point", "coordinates": [ 76.7958357, 30.7266665 ] } },
{ "type": "Feature", "properties": { "name": "Sector 19", "primary_type": "Tourism", "sector_name": "19", "secondary_type": "park" }, "geometry": { "type": "Point", "coordinates": [ 76.795998, 30.7304019 ] } },
{ "type": "Feature", "properties": { "name": "Sitting Area Park 19c", "primary_type": "Sports", "sector_name": "19", "secondary_type": "playground" }, "geometry": { "type": "Point", "coordinates": [ 76.7950361, 30.7295321 ] } },
{ "type": "Feature", "properties": { "name": "Sansar Dr Chandra", "primary_type": "Essential Services", "sector_name": "19", "secondary_type": "doctor" }, "geometry": { "type": "Point", "coordinates": [ 76.795998, 30.7304019 ] } },
{ "type": "Feature", "properties": { "name": "Dr R M Singh", "primary_type": "Essential Services", "sector_name": "19", "secondary_type": "doctor" }, "geometry": { "type": "Point", "coordinates": [ 76.795998, 30.7304019 ] } },
{ "type": "Feature", "properties": { "name": "Le Corbusier Centre", "primary_type": "Entertainment", "sector_name": "19", "secondary_type": "museum" }, "geometry": { "type": "Point", "coordinates": [ 76.7995423, 30.7298194 ] } },
{ "type": "Feature", "properties": { "name": "Photostate Shop", "primary_type": "Food and Drinks", "sector_name": "19", "secondary_type": "cafe" }, "geometry": { "type": "Point", "coordinates": [ 76.7958509, 30.726018 ] } },
{ "type": "Feature", "properties": { "name": "Dr. Gurwinder Kaur", "primary_type": "Essential Services", "sector_name": "19", "secondary_type": "doctor" }, "geometry": { "type": "Point", "coordinates": [ 76.7969219, 30.7314893 ] } },
{ "type": "Feature", "properties": { "name": "Yog dhara academy", "primary_type": "Sports", "sector_name": "19", "secondary_type": "yoga_studio" }, "geometry": { "type": "Point", "coordinates": [ 76.7973289, 30.7310584 ] } },
{ "type": "Feature", "properties": { "name": "Sunder Medical Store", "primary_type": "Essential Services", "sector_name": "19", "secondary_type": "drugstore" }, "geometry": { "type": "Point", "coordinates": [ 76.7962243, 30.7309099 ] } },
{ "type": "Feature", "properties": { "name": "Kilol Chandigarh", "primary_type": "Shopping", "sector_name": "7", "secondary_type": "clothing_store" }, "geometry": { "type": "Point", "coordinates": [ 76.79836, 30.732657 ] } },
{ "type": "Feature", "properties": { "name": "State Bank of India SME BRANCH CHANDIGARH", "primary_type": "Essential Services", "sector_name": "7", "secondary_type": "bank" }, "geometry": { "type": "Point", "coordinates": [ 76.7986788, 30.7323577 ] } },
{ "type": "Feature", "properties": { "name": "Kamaa Café", "primary_type": "Food and Drinks", "sector_name": "7", "secondary_type": "cafe" }, "geometry": { "type": "Point", "coordinates": [ 76.79883, 30.7322244 ] } },
{ "type": "Feature", "properties": { "name": "Sip 'n' Dine", "primary_type": "Food and Drinks", "sector_name": "7", "secondary_type": "indian_restaurant" }, "geometry": { "type": "Point", "coordinates": [ 76.7990075, 30.7320531 ] } },
{ "type": "Feature", "properties": { "name": "Tiwari juice bar", "primary_type": "Food and Drinks", "sector_name": "7", "secondary_type": "bar" }, "geometry": { "type": "Point", "coordinates": [ 76.7990906, 30.7318336 ] } },
{ "type": "Feature", "properties": { "name": "Malleshwaram", "primary_type": "Food and Drinks", "sector_name": "7", "secondary_type": "indian_restaurant" }, "geometry": { "type": "Point", "coordinates": [ 76.7982095, 30.7329175 ] } },
{ "type": "Feature", "properties": { "name": "Revive Pilates and Yoga Studio", "primary_type": "Sports", "sector_name": "7", "secondary_type": "fitness_center" }, "geometry": { "type": "Point", "coordinates": [ 76.7993267, 30.731797 ] } },
{ "type": "Feature", "properties": { "name": "I d e a s", "primary_type": "Shopping", "sector_name": "7", "secondary_type": "market" }, "geometry": { "type": "Point", "coordinates": [ 76.7978531, 30.733351 ] } },
{ "type": "Feature", "properties": { "name": "BUNS BISTRO", "primary_type": "Food and Drinks", "sector_name": "19", "secondary_type": "cafe" }, "geometry": { "type": "Point", "coordinates": [ 76.7992314, 30.7306483 ] } },
{ "type": "Feature", "properties": { "name": "Bargain Booze", "primary_type": "Food and Drinks", "sector_name": "26", "secondary_type": "bar" }, "geometry": { "type": "Point", "coordinates": [ 76.8053144, 30.7264332 ] } },
{ "type": "Feature", "properties": { "name": "Blur Room", "primary_type": "Food and Drinks", "sector_name": "26", "secondary_type": "restaurant" }, "geometry": { "type": "Point", "coordinates": [ 76.8053519, 30.7263885 ] } },
{ "type": "Feature", "properties": { "name": "ICICI Bank Chandigarh Sector 26", "primary_type": "Essential Services", "sector_name": "26", "secondary_type": "bank" }, "geometry": { "type": "Point", "coordinates": [ 76.804937, 30.7260539 ] } },
{ "type": "Feature", "properties": { "name": "Barbeque Nation - Chandigarh - Sector 26", "primary_type": "Food and Drinks", "sector_name": "26", "secondary_type": "barbecue_restaurant" }, "geometry": { "type": "Point", "coordinates": [ 76.8049551, 30.7260024 ] } },
{ "type": "Feature", "properties": { "name": "Eddies Chandigarh", "primary_type": "Food and Drinks", "sector_name": "26", "secondary_type": "restaurant" }, "geometry": { "type": "Point", "coordinates": [ 76.8046867, 30.7271153 ] } },
{ "type": "Feature", "properties": { "name": "Sundarams South Indian Food | Best South Indian Food Restaurant in Chandigarh | Best South Indian Cuisine in Tricity", "primary_type": "Food and Drinks", "sector_name": "26", "secondary_type": "indian_restaurant" }, "geometry": { "type": "Point", "coordinates": [ 76.8050333, 30.7259066 ] } },
{ "type": "Feature", "properties": { "name": "Soh koh Clothing Designer Store", "primary_type": "Shopping", "sector_name": "26", "secondary_type": "clothing_store" }, "geometry": { "type": "Point", "coordinates": [ 76.8051338, 30.7257949 ] } },
{ "type": "Feature", "properties": { "name": "Harri Hyperstore", "primary_type": "Essential Services", "sector_name": "26", "secondary_type": "grocery_store" }, "geometry": { "type": "Point", "coordinates": [ 76.8053078, 30.7257272 ] } },
{ "type": "Feature", "properties": { "name": "Salva Bar & Lounge", "primary_type": "Food and Drinks", "sector_name": "26", "secondary_type": "bar" }, "geometry": { "type": "Point", "coordinates": [ 76.8052952, 30.7256621 ] } },
{ "type": "Feature", "properties": { "name": "Satva", "primary_type": "Food and Drinks", "sector_name": "26", "secondary_type": "bar" }, "geometry": { "type": "Point", "coordinates": [ 76.8053581, 30.7256063 ] } },
{ "type": "Feature", "properties": { "name": "Oh Calcutta", "primary_type": "Food and Drinks", "sector_name": "26", "secondary_type": "indian_restaurant" }, "geometry": { "type": "Point", "coordinates": [ 76.8053696, 30.725594 ] } },
{ "type": "Feature", "properties": { "name": "Urban Street", "primary_type": "Food and Drinks", "sector_name": "26", "secondary_type": "fast_food_restaurant" }, "geometry": { "type": "Point", "coordinates": [ 76.8057379, 30.729511 ] } },
{ "type": "Feature", "properties": { "name": "Sector 26 Park", "primary_type": "Tourism", "sector_name": "26", "secondary_type": "park" }, "geometry": { "type": "Point", "coordinates": [ 76.8057763, 30.7298808 ] } },
{ "type": "Feature", "properties": { "name": "Tera hi tera mission hospital", "primary_type": "Essential Services", "sector_name": "26", "secondary_type": "hospital" }, "geometry": { "type": "Point", "coordinates": [ 76.8049513, 30.7305248 ] } },
{ "type": "Feature", "properties": { "name": "Rajiv Trehan", "primary_type": "Essential Services", "sector_name": "26", "secondary_type": "hospital" }, "geometry": { "type": "Point", "coordinates": [ 76.8062568, 30.7293493 ] } },
{ "type": "Feature", "properties": { "name": "Rebel Hospitality", "primary_type": "Food and Drinks", "sector_name": "26", "secondary_type": "restaurant" }, "geometry": { "type": "Point", "coordinates": [ 76.8032556, 30.7296384 ] } },
{ "type": "Feature", "properties": { "name": "The Finch Chandigarh", "primary_type": "Food and Drinks", "sector_name": "26", "secondary_type": "restaurant" }, "geometry": { "type": "Point", "coordinates": [ 76.8033154, 30.7286404 ] } },
{ "type": "Feature", "properties": { "name": "Whistling Duck", "primary_type": "Food and Drinks", "sector_name": "26", "secondary_type": "restaurant" }, "geometry": { "type": "Point", "coordinates": [ 76.8031703, 30.7285709 ] } },
{ "type": "Feature", "properties": { "name": "Seville - Bar & Lounge", "primary_type": "Food and Drinks", "sector_name": "26", "secondary_type": "bar" }, "geometry": { "type": "Point", "coordinates": [ 76.8036398, 30.7281534 ] } },
{ "type": "Feature", "properties": { "name": "Hdfc Bank", "primary_type": "Essential Services", "sector_name": "26", "secondary_type": "bank" }, "geometry": { "type": "Point", "coordinates": [ 76.8042093, 30.7278997 ] } },
{ "type": "Feature", "properties": { "name": "Sukhna Path", "primary_type": "Tourism", "sector_name": "26", "secondary_type": "park" }, "geometry": { "type": "Point", "coordinates": [ 76.8071521, 30.7296327 ] } },
{ "type": "Feature", "properties": { "name": "BABA’S (A venture of Baba Chicken, Ishmeet Chowk Ludhiana)", "primary_type": "Food and Drinks", "sector_name": "26", "secondary_type": "indian_restaurant" }, "geometry": { "type": "Point", "coordinates": [ 76.8039078, 30.727942 ] } },
{ "type": "Feature", "properties": { "name": "Ahatta Sector 26 alongside Bottle Room", "primary_type": "Food and Drinks", "sector_name": "26", "secondary_type": "bar" }, "geometry": { "type": "Point", "coordinates": [ 76.803075, 30.7285641 ] } },
{ "type": "Feature", "properties": { "name": "Olive Café & Bar", "primary_type": "Food and Drinks", "sector_name": "26", "secondary_type": "mediterranean_restaurant" }, "geometry": { "type": "Point", "coordinates": [ 76.8027892, 30.7290908 ] } },
{ "type": "Feature", "properties": { "name": "H2O Cafe", "primary_type": "Food and Drinks", "sector_name": "26", "secondary_type": "cafe" }, "geometry": { "type": "Point", "coordinates": [ 76.8039474, 30.7278961 ] } },
{ "type": "Feature", "properties": { "name": "S Lounge", "primary_type": "Food and Drinks", "sector_name": "26", "secondary_type": "bar" }, "geometry": { "type": "Point", "coordinates": [ 76.802926, 30.728645 ] } },
{ "type": "Feature", "properties": { "name": "Caffeena 26", "primary_type": "Food and Drinks", "sector_name": "26", "secondary_type": "indian_restaurant" }, "geometry": { "type": "Point", "coordinates": [ 76.8042009, 30.7277429 ] } },
{ "type": "Feature", "properties": { "name": "26 BOULEVARD", "primary_type": "Food and Drinks", "sector_name": "26", "secondary_type": "bar" }, "geometry": { "type": "Point", "coordinates": [ 76.8039271, 30.7277942 ] } },
{ "type": "Feature", "properties": { "name": "Rawat Snacks Bar", "primary_type": "Food and Drinks", "sector_name": "26", "secondary_type": "bar" }, "geometry": { "type": "Point", "coordinates": [ 76.8030525, 30.7283637 ] } },
{ "type": "Feature", "properties": { "name": "Diploma Canteen", "primary_type": "Food and Drinks", "sector_name": "26", "secondary_type": "fast_food_restaurant" }, "geometry": { "type": "Point", "coordinates": [ 76.8082513, 30.7262103 ] } },
{ "type": "Feature", "properties": { "name": "Mukesh Cloth House", "primary_type": "Shopping", "sector_name": "26", "secondary_type": "clothing_store" }, "geometry": { "type": "Point", "coordinates": [ 76.8094677, 30.7256946 ] } },
{ "type": "Feature", "properties": { "name": "CHANDIGARH MANDI", "primary_type": "Shopping", "sector_name": "26", "secondary_type": "market" }, "geometry": { "type": "Point", "coordinates": [ 76.8092167, 30.7250633 ] } },
{ "type": "Feature", "properties": { "name": "Playground Cafe and Bar", "primary_type": "Food and Drinks", "sector_name": "26", "secondary_type": "cafe" }, "geometry": { "type": "Point", "coordinates": [ 76.8064071, 30.7253255 ] } },
{ "type": "Feature", "properties": { "name": "Bombay Dyeing", "primary_type": "Shopping", "sector_name": "26", "secondary_type": "clothing_store" }, "geometry": { "type": "Point", "coordinates": [ 76.8068353, 30.7249054 ] } },
{ "type": "Feature", "properties": { "name": "Talatum Chandigarh", "primary_type": "Entertainment", "sector_name": "26", "secondary_type": "night_club" }, "geometry": { "type": "Point", "coordinates": [ 76.8067286, 30.7249654 ] } },
{ "type": "Feature", "properties": { "name": "Qizo", "primary_type": "Food and Drinks", "sector_name": "26", "secondary_type": "bar" }, "geometry": { "type": "Point", "coordinates": [ 76.806026, 30.7257296 ] } },
{ "type": "Feature", "properties": { "name": "Lazy Shack", "primary_type": "Food and Drinks", "sector_name": "26", "secondary_type": "restaurant" }, "geometry": { "type": "Point", "coordinates": [ 76.8060653, 30.7256145 ] } },
{ "type": "Feature", "properties": { "name": "Barrio by bodega", "primary_type": "Food and Drinks", "sector_name": "26", "secondary_type": "indian_restaurant" }, "geometry": { "type": "Point", "coordinates": [ 76.8060673, 30.7256107 ] } },
{ "type": "Feature", "properties": { "name": "Ministry Of Bar Exchange - Lounge Bar in Chandigarh", "primary_type": "Food and Drinks", "sector_name": "26", "secondary_type": "bar" }, "geometry": { "type": "Point", "coordinates": [ 76.8057905, 30.7257688 ] } },
{ "type": "Feature", "properties": { "name": "RichFeel Trichology Center", "primary_type": "Essential Services", "sector_name": "26", "secondary_type": "hospital" }, "geometry": { "type": "Point", "coordinates": [ 76.8067256, 30.7245847 ] } },
{ "type": "Feature", "properties": { "name": "Pizza Hut | Sector 26, Chandigarh", "primary_type": "Food and Drinks", "sector_name": "26", "secondary_type": "pizza_restaurant" }, "geometry": { "type": "Point", "coordinates": [ 76.8060583, 30.7251012 ] } },
{ "type": "Feature", "properties": { "name": "CHANDRASHEKAR HALL", "primary_type": "Tourism", "sector_name": "26", "secondary_type": "park" }, "geometry": { "type": "Point", "coordinates": [ 76.808166, 30.7293622 ] } },
{ "type": "Feature", "properties": { "name": "NITTTR mess", "primary_type": "Food and Drinks", "sector_name": "26", "secondary_type": "cafe" }, "geometry": { "type": "Point", "coordinates": [ 76.8077481, 30.7301099 ] } },
{ "type": "Feature", "properties": { "name": "Ashok Kumar Dr Mantro", "primary_type": "Essential Services", "sector_name": "26", "secondary_type": "doctor" }, "geometry": { "type": "Point", "coordinates": [ 76.8072196, 30.7296617 ] } },
{ "type": "Feature", "properties": { "name": "Dr Chandra Hospital", "primary_type": "Essential Services", "sector_name": "26", "secondary_type": "hospital" }, "geometry": { "type": "Point", "coordinates": [ 76.8072196, 30.7296617 ] } },
{ "type": "Feature", "properties": { "name": "Aruna Mrs Dr Gupta", "primary_type": "Essential Services", "sector_name": "26", "secondary_type": "doctor" }, "geometry": { "type": "Point", "coordinates": [ 76.8072196, 30.7296617 ] } },
{ "type": "Feature", "properties": { "name": "Denticare", "primary_type": "Essential Services", "sector_name": "26", "secondary_type": "dentist" }, "geometry": { "type": "Point", "coordinates": [ 76.8072196, 30.7296617 ] } },
{ "type": "Feature", "properties": { "name": "Medical Centre", "primary_type": "Essential Services", "sector_name": "26", "secondary_type": "hospital" }, "geometry": { "type": "Point", "coordinates": [ 76.8072196, 30.7296617 ] } },
{ "type": "Feature", "properties": { "name": "Lakshmi Medicine Traders", "primary_type": "Essential Services", "sector_name": "26", "secondary_type": "pharmacy" }, "geometry": { "type": "Point", "coordinates": [ 76.8072196, 30.7296617 ] } },
{ "type": "Feature", "properties": { "name": "Singla Kirana Store", "primary_type": "Essential Services", "sector_name": "26", "secondary_type": "grocery_store" }, "geometry": { "type": "Point", "coordinates": [ 76.8072196, 30.7296617 ] } },
{ "type": "Feature", "properties": { "name": "Veena Mrs Dr Gupta", "primary_type": "Essential Services", "sector_name": "26", "secondary_type": "doctor" }, "geometry": { "type": "Point", "coordinates": [ 76.8072196, 30.7296617 ] } },
{ "type": "Feature", "properties": { "name": "Om Parkash Amit Kumar", "primary_type": "Essential Services", "sector_name": "26", "secondary_type": "grocery_store" }, "geometry": { "type": "Point", "coordinates": [ 76.8072196, 30.7296617 ] } },
{ "type": "Feature", "properties": { "name": "Aggarwal Clinic", "primary_type": "Essential Services", "sector_name": "26", "secondary_type": "doctor" }, "geometry": { "type": "Point", "coordinates": [ 76.8072196, 30.7296617 ] } },
{ "type": "Feature", "properties": { "name": "Virasat - Sikh Heritage Center", "primary_type": "Entertainment", "sector_name": "26", "secondary_type": "museum" }, "geometry": { "type": "Point", "coordinates": [ 76.8080689, 30.7318756 ] } },
{ "type": "Feature", "properties": { "name": "Pure Ayurveda", "primary_type": "Essential Services", "sector_name": "7", "secondary_type": "hospital" }, "geometry": { "type": "Point", "coordinates": [ 76.8078134, 30.7338964 ] } },
{ "type": "Feature", "properties": { "name": "Football Playground", "primary_type": "Sports", "sector_name": "26", "secondary_type": "playground" }, "geometry": { "type": "Point", "coordinates": [ 76.8103445, 30.7337484 ] } },
{ "type": "Feature", "properties": { "name": "Vaid Jagmeet Grewal", "primary_type": "Essential Services", "sector_name": "26", "secondary_type": "hospital" }, "geometry": { "type": "Point", "coordinates": [ 76.8104937, 30.7312794 ] } },
{ "type": "Feature", "properties": { "name": "Parkhi Unique Collection", "primary_type": "Shopping", "sector_name": "26", "secondary_type": "clothing_store" }, "geometry": { "type": "Point", "coordinates": [ 76.8105319, 30.7313036 ] } },
{ "type": "Feature", "properties": { "name": "438", "primary_type": "Tourism", "sector_name": "7", "secondary_type": "park" }, "geometry": { "type": "Point", "coordinates": [ 76.8078506, 30.7356357 ] } },
{ "type": "Feature", "properties": { "name": "Bandhan Bank", "primary_type": "Essential Services", "sector_name": "26", "secondary_type": "bank" }, "geometry": { "type": "Point", "coordinates": [ 76.810725, 30.7303819 ] } },
{ "type": "Feature", "properties": { "name": "Mankotia Fruits And Vegetables Supplier", "primary_type": "Shopping", "sector_name": "26", "secondary_type": "wholesaler" }, "geometry": { "type": "Point", "coordinates": [ 76.8107261, 30.7303797 ] } },
{ "type": "Feature", "properties": { "name": "Arun karyana store", "primary_type": "Essential Services", "sector_name": "26", "secondary_type": "grocery_store" }, "geometry": { "type": "Point", "coordinates": [ 76.8101037, 30.7299618 ] } },
{ "type": "Feature", "properties": { "name": "Butterfly Park, 26 Chandigarh", "primary_type": "Tourism", "sector_name": "26", "secondary_type": "park" }, "geometry": { "type": "Point", "coordinates": [ 76.8105262, 30.729599 ] } },
{ "type": "Feature", "properties": { "name": "swimming pool", "primary_type": "Sports", "sector_name": "26", "secondary_type": "swimming_pool" }, "geometry": { "type": "Point", "coordinates": [ 76.8132855, 30.7291727 ] } },
{ "type": "Feature", "properties": { "name": "Spicy spoon", "primary_type": "Food and Drinks", "sector_name": "26", "secondary_type": "restaurant" }, "geometry": { "type": "Point", "coordinates": [ 76.8101038, 30.7299586 ] } },
{ "type": "Feature", "properties": { "name": "Spicy Sutra", "primary_type": "Food and Drinks", "sector_name": "26", "secondary_type": "restaurant" }, "geometry": { "type": "Point", "coordinates": [ 76.8101038, 30.7299586 ] } },
{ "type": "Feature", "properties": { "name": "Club area", "primary_type": "Food and Drinks", "sector_name": "26", "secondary_type": "bar" }, "geometry": { "type": "Point", "coordinates": [ 76.8101038, 30.7299586 ] } },
{ "type": "Feature", "properties": { "name": "SHREEJI HOMEOPATHIC PHARMACY", "primary_type": "Essential Services", "sector_name": "26", "secondary_type": "pharmacy" }, "geometry": { "type": "Point", "coordinates": [ 76.8101038, 30.7299586 ] } },
{ "type": "Feature", "properties": { "name": "AAM Ayushman arogya mandir", "primary_type": "Essential Services", "sector_name": "26", "secondary_type": "hospital" }, "geometry": { "type": "Point", "coordinates": [ 76.8101038, 30.7299586 ] } },
{ "type": "Feature", "properties": { "name": "Canteen", "primary_type": "Food and Drinks", "sector_name": "26", "secondary_type": "restaurant" }, "geometry": { "type": "Point", "coordinates": [ 76.8101037, 30.7299586 ] } },
{ "type": "Feature", "properties": { "name": "awesome Park", "primary_type": "Tourism", "sector_name": "26", "secondary_type": "park" }, "geometry": { "type": "Point", "coordinates": [ 76.8097654, 30.7289756 ] } },
{ "type": "Feature", "properties": { "name": "SIDDHARTH PHUTELA SQUASH ACADEMY", "primary_type": "Sports", "sector_name": "26", "secondary_type": "sports_complex" }, "geometry": { "type": "Point", "coordinates": [ 76.812239, 30.7336642 ] } },
{ "type": "Feature", "properties": { "name": "Golf club", "primary_type": "Sports", "sector_name": "6", "secondary_type": "playground" }, "geometry": { "type": "Point", "coordinates": [ 76.8126572, 30.7354305 ] } },
{ "type": "Feature", "properties": { "name": "Park1", "primary_type": "Tourism", "sector_name": "55", "secondary_type": "park" }, "geometry": { "type": "Point", "coordinates": [ 76.7219432, 30.7318426 ] } },
{ "type": "Feature", "properties": { "name": "Cricket ground", "primary_type": "Sports", "sector_name": "55", "secondary_type": "playground" }, "geometry": { "type": "Point", "coordinates": [ 76.722976, 30.733224 ] } },
{ "type": "Feature", "properties": { "name": "Triangular Park Phase 1", "primary_type": "Tourism", "sector_name": "55", "secondary_type": "park" }, "geometry": { "type": "Point", "coordinates": [ 76.7217662, 30.7309449 ] } },
{ "type": "Feature", "properties": { "name": "Baba Ajit Singh Auto Stand", "primary_type": "Public Transport", "sector_name": "55", "secondary_type": "taxi_stand" }, "geometry": { "type": "Point", "coordinates": [ 76.7211335, 30.7309001 ] } },
{ "type": "Feature", "properties": { "name": "Wine shop", "primary_type": "Food and Drinks", "sector_name": "55", "secondary_type": "bar" }, "geometry": { "type": "Point", "coordinates": [ 76.7213267, 30.7306425 ] } },
{ "type": "Feature", "properties": { "name": "Aman Dhaba", "primary_type": "Food and Drinks", "sector_name": "55", "secondary_type": "vegetarian_restaurant" }, "geometry": { "type": "Point", "coordinates": [ 76.7255859, 30.7304973 ] } },
{ "type": "Feature", "properties": { "name": "Extreme fitness gym & spa", "primary_type": "Sports", "sector_name": "55", "secondary_type": "gym" }, "geometry": { "type": "Point", "coordinates": [ 76.7255833, 30.7305049 ] } },
{ "type": "Feature", "properties": { "name": "SHIV CONFECTIONERY", "primary_type": "Essential Services", "sector_name": "55", "secondary_type": "grocery_store" }, "geometry": { "type": "Point", "coordinates": [ 76.7262482, 30.7308607 ] } },
{ "type": "Feature", "properties": { "name": "Shiva Medical Store", "primary_type": "Essential Services", "sector_name": "55", "secondary_type": "pharmacy" }, "geometry": { "type": "Point", "coordinates": [ 76.7261038, 30.7313279 ] } },
{ "type": "Feature", "properties": { "name": "Sukhman Pharma", "primary_type": "Essential Services", "sector_name": "55", "secondary_type": "pharmacy" }, "geometry": { "type": "Point", "coordinates": [ 76.7260301, 30.731465 ] } },
{ "type": "Feature", "properties": { "name": "Jason Vegetable Furet Sohp", "primary_type": "Essential Services", "sector_name": "55", "secondary_type": "grocery_store" }, "geometry": { "type": "Point", "coordinates": [ 76.7260313, 30.7318876 ] } },
{ "type": "Feature", "properties": { "name": "Machhi kukkad", "primary_type": "Food and Drinks", "sector_name": "55", "secondary_type": "restaurant" }, "geometry": { "type": "Point", "coordinates": [ 76.7259069, 30.7319588 ] } },
{ "type": "Feature", "properties": { "name": "Garg Departmental store", "primary_type": "Essential Services", "sector_name": "55", "secondary_type": "grocery_store" }, "geometry": { "type": "Point", "coordinates": [ 76.7267492, 30.7324453 ] } },
{ "type": "Feature", "properties": { "name": "UNSHA PHARMA", "primary_type": "Essential Services", "sector_name": "55", "secondary_type": "pharmacy" }, "geometry": { "type": "Point", "coordinates": [ 76.7270327, 30.7323339 ] } },
{ "type": "Feature", "properties": { "name": "New life care Health centre", "primary_type": "Essential Services", "sector_name": "55", "secondary_type": "doctor" }, "geometry": { "type": "Point", "coordinates": [ 76.7274342, 30.7324708 ] } },
{ "type": "Feature", "properties": { "name": "KPR Cloth house", "primary_type": "Shopping", "sector_name": "55", "secondary_type": "clothing_store" }, "geometry": { "type": "Point", "coordinates": [ 76.7274926, 30.7321315 ] } },
{ "type": "Feature", "properties": { "name": "Shree Ji Medicos", "primary_type": "Essential Services", "sector_name": "55", "secondary_type": "pharmacy" }, "geometry": { "type": "Point", "coordinates": [ 76.727482, 30.7325116 ] } },
{ "type": "Feature", "properties": { "name": "Muskan Sweet & Dhaba", "primary_type": "Food and Drinks", "sector_name": "55", "secondary_type": "restaurant" }, "geometry": { "type": "Point", "coordinates": [ 76.7275581, 30.732008 ] } },
{ "type": "Feature", "properties": { "name": "Equus Caballus Pharma", "primary_type": "Essential Services", "sector_name": "55", "secondary_type": "pharmacy" }, "geometry": { "type": "Point", "coordinates": [ 76.7276321, 30.7326186 ] } },
{ "type": "Feature", "properties": { "name": "Sabji Mandi Sector 56", "primary_type": "Shopping", "sector_name": "56", "secondary_type": "market" }, "geometry": { "type": "Point", "coordinates": [ 76.7231914, 30.7352003 ] } },
{ "type": "Feature", "properties": { "name": "Golu kriyana Store", "primary_type": "Essential Services", "sector_name": "56", "secondary_type": "grocery_store" }, "geometry": { "type": "Point", "coordinates": [ 76.7223664, 30.735088 ] } },
{ "type": "Feature", "properties": { "name": "Sector-56 New Sport Complex", "primary_type": "Sports", "sector_name": "56", "secondary_type": "sports_complex" }, "geometry": { "type": "Point", "coordinates": [ 76.7222376, 30.7361074 ] } },
{ "type": "Feature", "properties": { "name": "Tarini's Health Care", "primary_type": "Essential Services", "sector_name": "40", "secondary_type": "hospital" }, "geometry": { "type": "Point", "coordinates": [ 76.7282038, 30.7358329 ] } },
{ "type": "Feature", "properties": { "name": "Sai Enterprises", "primary_type": "Essential Services", "sector_name": "55", "secondary_type": "pharmacy" }, "geometry": { "type": "Point", "coordinates": [ 76.7276323, 30.7313402 ] } },
{ "type": "Feature", "properties": { "name": "Designer boutique", "primary_type": "Shopping", "sector_name": "55", "secondary_type": "clothing_store" }, "geometry": { "type": "Point", "coordinates": [ 76.7278022, 30.7314809 ] } },
{ "type": "Feature", "properties": { "name": "Roll on fire", "primary_type": "Food and Drinks", "sector_name": "40", "secondary_type": "fast_food_restaurant" }, "geometry": { "type": "Point", "coordinates": [ 76.7297397, 30.7355803 ] } },
{ "type": "Feature", "properties": { "name": "Street Side Park", "primary_type": "Tourism", "sector_name": "40", "secondary_type": "park" }, "geometry": { "type": "Point", "coordinates": [ 76.7309015, 30.7357569 ] } },
{ "type": "Feature", "properties": { "name": "Digital Marketing Course In Chandigarh", "primary_type": "Food and Drinks", "sector_name": "40", "secondary_type": "cafe" }, "geometry": { "type": "Point", "coordinates": [ 76.7297785, 30.7357312 ] } },
{ "type": "Feature", "properties": { "name": "Charitable Homoeopathic Dispenasary", "primary_type": "Essential Services", "sector_name": "40", "secondary_type": "pharmacy" }, "geometry": { "type": "Point", "coordinates": [ 76.7291594, 30.7367254 ] } },
{ "type": "Feature", "properties": { "name": "Park 4(1)", "primary_type": "Tourism", "sector_name": "40", "secondary_type": "park" }, "geometry": { "type": "Point", "coordinates": [ 76.7308961, 30.7353282 ] } },
{ "type": "Feature", "properties": { "name": "Central Park", "primary_type": "Tourism", "sector_name": "40", "secondary_type": "park" }, "geometry": { "type": "Point", "coordinates": [ 76.7313976, 30.734618 ] } },
{ "type": "Feature", "properties": { "name": "Park 4(2)", "primary_type": "Tourism", "sector_name": "40", "secondary_type": "park" }, "geometry": { "type": "Point", "coordinates": [ 76.730816, 30.7356625 ] } },
{ "type": "Feature", "properties": { "name": "Dr. Jatin Garg", "primary_type": "Essential Services", "sector_name": "40", "secondary_type": "doctor" }, "geometry": { "type": "Point", "coordinates": [ 76.7311608, 30.7351335 ] } },
{ "type": "Feature", "properties": { "name": "Sardana Cloth House", "primary_type": "Shopping", "sector_name": "41", "secondary_type": "clothing_store" }, "geometry": { "type": "Point", "coordinates": [ 76.735417, 30.7314031 ] } },
{ "type": "Feature", "properties": { "name": "JR Book & STATIONARY SHOP", "primary_type": "Shopping", "sector_name": "41", "secondary_type": "book_store" }, "geometry": { "type": "Point", "coordinates": [ 76.7365022, 30.730803 ] } },
{ "type": "Feature", "properties": { "name": "Swami Medicos", "primary_type": "Essential Services", "sector_name": "41", "secondary_type": "pharmacy" }, "geometry": { "type": "Point", "coordinates": [ 76.7342025, 30.7313316 ] } },
{ "type": "Feature", "properties": { "name": "Sood Department Store", "primary_type": "Shopping", "sector_name": "41", "secondary_type": "market" }, "geometry": { "type": "Point", "coordinates": [ 76.7340899, 30.7313319 ] } },
{ "type": "Feature", "properties": { "name": "RAJU KARYANA STORE", "primary_type": "Shopping", "sector_name": "41", "secondary_type": "department_store" }, "geometry": { "type": "Point", "coordinates": [ 76.7339117, 30.7312385 ] } },
{ "type": "Feature", "properties": { "name": "Shama dhaba", "primary_type": "Food and Drinks", "sector_name": "41", "secondary_type": "indian_restaurant" }, "geometry": { "type": "Point", "coordinates": [ 76.7355621, 30.7316394 ] } },
{ "type": "Feature", "properties": { "name": "Raj fresh chicken shop", "primary_type": "Food and Drinks", "sector_name": "41", "secondary_type": "restaurant" }, "geometry": { "type": "Point", "coordinates": [ 76.7334807, 30.7311428 ] } },
{ "type": "Feature", "properties": { "name": "Punjabi Chole Bhature", "primary_type": "Food and Drinks", "sector_name": "41", "secondary_type": "restaurant" }, "geometry": { "type": "Point", "coordinates": [ 76.7349306, 30.7327828 ] } },
{ "type": "Feature", "properties": { "name": "Elegant Dresses & Boutique", "primary_type": "Shopping", "sector_name": "41", "secondary_type": "clothing_store" }, "geometry": { "type": "Point", "coordinates": [ 76.7351693, 30.7325806 ] } },
{ "type": "Feature", "properties": { "name": "Js Karyana", "primary_type": "Essential Services", "sector_name": "41", "secondary_type": "grocery_store" }, "geometry": { "type": "Point", "coordinates": [ 76.7349498, 30.7329435 ] } },
{ "type": "Feature", "properties": { "name": "SOOD CLINIC", "primary_type": "Essential Services", "sector_name": "41", "secondary_type": "doctor" }, "geometry": { "type": "Point", "coordinates": [ 76.7346439, 30.7328879 ] } },
{ "type": "Feature", "properties": { "name": "Gopal Vaishno Dhaba", "primary_type": "Food and Drinks", "sector_name": "41", "secondary_type": "indian_restaurant" }, "geometry": { "type": "Point", "coordinates": [ 76.7345667, 30.732749 ] } },
{ "type": "Feature", "properties": { "name": "Navrang Dhaba", "primary_type": "Food and Drinks", "sector_name": "41", "secondary_type": "indian_restaurant" }, "geometry": { "type": "Point", "coordinates": [ 76.734577, 30.732894 ] } },
{ "type": "Feature", "properties": { "name": "Riti Riwaz", "primary_type": "Shopping", "sector_name": "41", "secondary_type": "clothing_store" }, "geometry": { "type": "Point", "coordinates": [ 76.7350833, 30.7332042 ] } },
{ "type": "Feature", "properties": { "name": "chandigarh organics", "primary_type": "Essential Services", "sector_name": "41", "secondary_type": "grocery_store" }, "geometry": { "type": "Point", "coordinates": [ 76.734532, 30.7328507 ] } },
{ "type": "Feature", "properties": { "name": "Super Care Pharmacy", "primary_type": "Essential Services", "sector_name": "41", "secondary_type": "drugstore" }, "geometry": { "type": "Point", "coordinates": [ 76.7345608, 30.7329229 ] } },
{ "type": "Feature", "properties": { "name": "Riwaaz boutique", "primary_type": "Shopping", "sector_name": "41", "secondary_type": "clothing_store" }, "geometry": { "type": "Point", "coordinates": [ 76.7356502, 30.7327552 ] } },
{ "type": "Feature", "properties": { "name": "Badheri Branch Office", "primary_type": "Essential Services", "sector_name": "41", "secondary_type": "post_office" }, "geometry": { "type": "Point", "coordinates": [ 76.7348135, 30.7322258 ] } },
{ "type": "Feature", "properties": { "name": "Bebey", "primary_type": "Food and Drinks", "sector_name": "41", "secondary_type": "restaurant" }, "geometry": { "type": "Point", "coordinates": [ 76.7351296, 30.7332757 ] } },
{ "type": "Feature", "properties": { "name": "Parm Boutique", "primary_type": "Shopping", "sector_name": "41", "secondary_type": "clothing_store" }, "geometry": { "type": "Point", "coordinates": [ 76.7355044, 30.7323082 ] } },
{ "type": "Feature", "properties": { "name": "Guliani General, Ayurvedic & Dental Clinic", "primary_type": "Essential Services", "sector_name": "41", "secondary_type": "doctor" }, "geometry": { "type": "Point", "coordinates": [ 76.735718, 30.7325899 ] } },
{ "type": "Feature", "properties": { "name": "BMK MEDICOS", "primary_type": "Essential Services", "sector_name": "41", "secondary_type": "drugstore" }, "geometry": { "type": "Point", "coordinates": [ 76.734379, 30.7327802 ] } },
{ "type": "Feature", "properties": { "name": "Gurung bites", "primary_type": "Food and Drinks", "sector_name": "41", "secondary_type": "fast_food_restaurant" }, "geometry": { "type": "Point", "coordinates": [ 76.735393, 30.7332696 ] } },
{ "type": "Feature", "properties": { "name": "Go Delicious", "primary_type": "Food and Drinks", "sector_name": "41", "secondary_type": "restaurant" }, "geometry": { "type": "Point", "coordinates": [ 76.7400987, 30.731187 ] } },
{ "type": "Feature", "properties": { "name": "Body Skin", "primary_type": "Shopping", "sector_name": "41", "secondary_type": "clothing_store" }, "geometry": { "type": "Point", "coordinates": [ 76.738385, 30.731406 ] } },
{ "type": "Feature", "properties": { "name": "Sachin Garments", "primary_type": "Shopping", "sector_name": "41", "secondary_type": "clothing_store" }, "geometry": { "type": "Point", "coordinates": [ 76.738385, 30.731406 ] } },
{ "type": "Feature", "properties": { "name": "Ambe Cloth House", "primary_type": "Shopping", "sector_name": "41", "secondary_type": "clothing_store" }, "geometry": { "type": "Point", "coordinates": [ 76.7383853, 30.7314064 ] } },
{ "type": "Feature", "properties": { "name": "Flavours", "primary_type": "Food and Drinks", "sector_name": "41", "secondary_type": "restaurant" }, "geometry": { "type": "Point", "coordinates": [ 76.7390994, 30.7326209 ] } },
{ "type": "Feature", "properties": { "name": "Zeba Boutique", "primary_type": "Shopping", "sector_name": "41", "secondary_type": "clothing_store" }, "geometry": { "type": "Point", "coordinates": [ 76.7391178, 30.7325709 ] } },
{ "type": "Feature", "properties": { "name": "Chawala Eating Corner", "primary_type": "Food and Drinks", "sector_name": "41", "secondary_type": "restaurant" }, "geometry": { "type": "Point", "coordinates": [ 76.739118, 30.7325708 ] } },
{ "type": "Feature", "properties": { "name": "Childrens Bookstop", "primary_type": "Shopping", "sector_name": "41", "secondary_type": "book_store" }, "geometry": { "type": "Point", "coordinates": [ 76.7394155, 30.7325512 ] } },
{ "type": "Feature", "properties": { "name": "Nakul Medicos, Village Attawa Sector 42b", "primary_type": "Essential Services", "sector_name": "41", "secondary_type": "pharmacy" }, "geometry": { "type": "Point", "coordinates": [ 76.7394155, 30.7325511 ] } },
{ "type": "Feature", "properties": { "name": "tours", "primary_type": "Entertainment", "sector_name": "41", "secondary_type": "museum" }, "geometry": { "type": "Point", "coordinates": [ 76.7394155, 30.7325511 ] } },
{ "type": "Feature", "properties": { "name": "H M Garments", "primary_type": "Shopping", "sector_name": "41", "secondary_type": "clothing_store" }, "geometry": { "type": "Point", "coordinates": [ 76.7394182, 30.7325526 ] } },
{ "type": "Feature", "properties": { "name": "Tyagi Departmental Store", "primary_type": "Essential Services", "sector_name": "41", "secondary_type": "grocery_store" }, "geometry": { "type": "Point", "coordinates": [ 76.739444, 30.732893 ] } },
{ "type": "Feature", "properties": { "name": "Gupta Dr D S", "primary_type": "Essential Services", "sector_name": "41", "secondary_type": "doctor" }, "geometry": { "type": "Point", "coordinates": [ 76.7394203, 30.7325442 ] } },
{ "type": "Feature", "properties": { "name": "Hans medicos", "primary_type": "Essential Services", "sector_name": "41", "secondary_type": "drugstore" }, "geometry": { "type": "Point", "coordinates": [ 76.7396717, 30.7328956 ] } },
{ "type": "Feature", "properties": { "name": "DEEP TAILORS", "primary_type": "Shopping", "sector_name": "41", "secondary_type": "clothing_store" }, "geometry": { "type": "Point", "coordinates": [ 76.7396654, 30.7330358 ] } },
{ "type": "Feature", "properties": { "name": "Chicken kukdu ku", "primary_type": "Food and Drinks", "sector_name": "41", "secondary_type": "restaurant" }, "geometry": { "type": "Point", "coordinates": [ 76.7382093, 30.7328602 ] } },
{ "type": "Feature", "properties": { "name": "SUNDAY SHOP", "primary_type": "Shopping", "sector_name": "41", "secondary_type": "clothing_store" }, "geometry": { "type": "Point", "coordinates": [ 76.738191, 30.7329255 ] } },
{ "type": "Feature", "properties": { "name": "Sood Medicos", "primary_type": "Essential Services", "sector_name": "41", "secondary_type": "pharmacy" }, "geometry": { "type": "Point", "coordinates": [ 76.7381357, 30.7329825 ] } },
{ "type": "Feature", "properties": { "name": "All Well Medicos", "primary_type": "Essential Services", "sector_name": "41", "secondary_type": "pharmacy" }, "geometry": { "type": "Point", "coordinates": [ 76.7380984, 30.7330019 ] } },
{ "type": "Feature", "properties": { "name": "DUREJA PROVISION STORE", "primary_type": "Essential Services", "sector_name": "41", "secondary_type": "grocery_store" }, "geometry": { "type": "Point", "coordinates": [ 76.7399672, 30.7330787 ] } },
{ "type": "Feature", "properties": { "name": "Amritsari Zaika", "primary_type": "Food and Drinks", "sector_name": "41", "secondary_type": "asian_restaurant" }, "geometry": { "type": "Point", "coordinates": [ 76.7389701, 30.7353008 ] } },
{ "type": "Feature", "properties": { "name": "Park No.7", "primary_type": "Tourism", "sector_name": "41", "secondary_type": "park" }, "geometry": { "type": "Point", "coordinates": [ 76.7389065, 30.7349561 ] } },
{ "type": "Feature", "properties": { "name": "Park No. 6", "primary_type": "Tourism", "sector_name": "41", "secondary_type": "park" }, "geometry": { "type": "Point", "coordinates": [ 76.7399787, 30.7355065 ] } },
{ "type": "Feature", "properties": { "name": "Park 2 Parking", "primary_type": "Tourism", "sector_name": "41", "secondary_type": "park" }, "geometry": { "type": "Point", "coordinates": [ 76.7401289, 30.7356541 ] } },
{ "type": "Feature", "properties": { "name": "Sultana Medical Center", "primary_type": "Essential Services", "sector_name": "41", "secondary_type": "hospital" }, "geometry": { "type": "Point", "coordinates": [ 76.738448, 30.734551 ] } },
{ "type": "Feature", "properties": { "name": "The Offbeat Fashion | Bespoke tailoring | Ladies tailor - Women's Punjabi Suits , Lehenga Choli & Western Dresses", "primary_type": "Shopping", "sector_name": "41", "secondary_type": "clothing_store" }, "geometry": { "type": "Point", "coordinates": [ 76.739911, 30.7362146 ] } },
{ "type": "Feature", "properties": { "name": "Park No. 8", "primary_type": "Tourism", "sector_name": "41", "secondary_type": "park" }, "geometry": { "type": "Point", "coordinates": [ 76.7395726, 30.7342388 ] } },
{ "type": "Feature", "properties": { "name": "Dr. Inderpreet kaur", "primary_type": "Essential Services", "sector_name": "40", "secondary_type": "doctor" }, "geometry": { "type": "Point", "coordinates": [ 76.7390699, 30.737053 ] } },
{ "type": "Feature", "properties": { "name": "Dr. JASMEET KAUR MD DM (PGI) | Best Diabetes Doctor | Thyroid PCOS Pituitary Growth Puberty | Best Endocrinologist", "primary_type": "Essential Services", "sector_name": "40", "secondary_type": "doctor" }, "geometry": { "type": "Point", "coordinates": [ 76.7390699, 30.737053 ] } },
{ "type": "Feature", "properties": { "name": "Dr. Tanujveer Singh Chandok | Psychiatrist | Tricity", "primary_type": "Essential Services", "sector_name": "40", "secondary_type": "doctor" }, "geometry": { "type": "Point", "coordinates": [ 76.7390699, 30.737053 ] } },
{ "type": "Feature", "properties": { "name": "jain traders", "primary_type": "Shopping", "sector_name": "41", "secondary_type": "department_store" }, "geometry": { "type": "Point", "coordinates": [ 76.73832, 30.733824 ] } },
{ "type": "Feature", "properties": { "name": "American Sweet Corn", "primary_type": "Food and Drinks", "sector_name": "41", "secondary_type": "fast_food_restaurant" }, "geometry": { "type": "Point", "coordinates": [ 76.7379701, 30.7339701 ] } },
{ "type": "Feature", "properties": { "name": "playground shivalik school", "primary_type": "Sports", "sector_name": "41", "secondary_type": "playground" }, "geometry": { "type": "Point", "coordinates": [ 76.7406862, 30.7335518 ] } },
{ "type": "Feature", "properties": { "name": "Park Number 3", "primary_type": "Tourism", "sector_name": "41", "secondary_type": "park" }, "geometry": { "type": "Point", "coordinates": [ 76.7401537, 30.7336774 ] } },
{ "type": "Feature", "properties": { "name": "Sikkim Girls fast Food", "primary_type": "Food and Drinks", "sector_name": "40", "secondary_type": "fast_food_restaurant" }, "geometry": { "type": "Point", "coordinates": [ 76.7367077, 30.7349908 ] } },
{ "type": "Feature", "properties": { "name": "Bhagwant Vaishno Dhaba", "primary_type": "Food and Drinks", "sector_name": "41", "secondary_type": "indian_restaurant" }, "geometry": { "type": "Point", "coordinates": [ 76.7380149, 30.7335522 ] } },
{ "type": "Feature", "properties": { "name": "Mukesh Choudry Chole Bhature", "primary_type": "Food and Drinks", "sector_name": "40", "secondary_type": "restaurant" }, "geometry": { "type": "Point", "coordinates": [ 76.7366129, 30.7353622 ] } },
{ "type": "Feature", "properties": { "name": "Hotel Silver Moon", "primary_type": "Food and Drinks", "sector_name": "41", "secondary_type": "restaurant" }, "geometry": { "type": "Point", "coordinates": [ 76.7424719, 30.7320196 ] } },
{ "type": "Feature", "properties": { "name": "PPMV+H4R", "primary_type": "Tourism", "sector_name": "41", "secondary_type": "park" }, "geometry": { "type": "Point", "coordinates": [ 76.7428054, 30.7340797 ] } },
{ "type": "Feature", "properties": { "name": "Park outside shivalik school", "primary_type": "Tourism", "sector_name": "41", "secondary_type": "park" }, "geometry": { "type": "Point", "coordinates": [ 76.7419753, 30.7334147 ] } },
{ "type": "Feature", "properties": { "name": "Park No. 1", "primary_type": "Tourism", "sector_name": "41", "secondary_type": "park" }, "geometry": { "type": "Point", "coordinates": [ 76.7427641, 30.7339924 ] } },
{ "type": "Feature", "properties": { "name": "Park outside aksips school", "primary_type": "Tourism", "sector_name": "41", "secondary_type": "park" }, "geometry": { "type": "Point", "coordinates": [ 76.7449374, 30.7324806 ] } },
{ "type": "Feature", "properties": { "name": "Herbal", "primary_type": "Tourism", "sector_name": "41", "secondary_type": "park" }, "geometry": { "type": "Point", "coordinates": [ 76.7446159, 30.7339564 ] } },
{ "type": "Feature", "properties": { "name": "PPMV+WHF", "primary_type": "Tourism", "sector_name": "41", "secondary_type": "park" }, "geometry": { "type": "Point", "coordinates": [ 76.7440678, 30.7348276 ] } },
{ "type": "Feature", "properties": { "name": "Vansh Garments", "primary_type": "Shopping", "sector_name": "41", "secondary_type": "clothing_store" }, "geometry": { "type": "Point", "coordinates": [ 76.740687, 30.732626 ] } },
{ "type": "Feature", "properties": { "name": "Krishna Medicos", "primary_type": "Essential Services", "sector_name": "41", "secondary_type": "pharmacy" }, "geometry": { "type": "Point", "coordinates": [ 76.740844, 30.7319111 ] } },
{ "type": "Feature", "properties": { "name": "Sector 41 B butela", "primary_type": "Essential Services", "sector_name": "41", "secondary_type": "hospital" }, "geometry": { "type": "Point", "coordinates": [ 76.7405884, 30.7329456 ] } },
{ "type": "Feature", "properties": { "name": "Rawat Tempo Traveller / Taxi Service In Chandigarh", "primary_type": "Public Transport", "sector_name": "41", "secondary_type": "taxi_stand" }, "geometry": { "type": "Point", "coordinates": [ 76.742403, 30.734851 ] } },
{ "type": "Feature", "properties": { "name": "PPPR+FW9", "primary_type": "Tourism", "sector_name": "41", "secondary_type": "park" }, "geometry": { "type": "Point", "coordinates": [ 76.7422192, 30.7360912 ] } },
{ "type": "Feature", "properties": { "name": "Park No. 2", "primary_type": "Tourism", "sector_name": "41", "secondary_type": "park" }, "geometry": { "type": "Point", "coordinates": [ 76.7439232, 30.7348008 ] } },
{ "type": "Feature", "properties": { "name": "Park No. 4", "primary_type": "Tourism", "sector_name": "41", "secondary_type": "park" }, "geometry": { "type": "Point", "coordinates": [ 76.7423544, 30.7361587 ] } },
{ "type": "Feature", "properties": { "name": "Park No. 5", "primary_type": "Tourism", "sector_name": "41", "secondary_type": "park" }, "geometry": { "type": "Point", "coordinates": [ 76.7418137, 30.7366331 ] } },
{ "type": "Feature", "properties": { "name": "Public Park Sector 37", "primary_type": "Tourism", "sector_name": "37", "secondary_type": "park" }, "geometry": { "type": "Point", "coordinates": [ 76.7454655, 30.7360745 ] } },
{ "type": "Feature", "properties": { "name": "Chandigarh Wholesale Suits", "primary_type": "Shopping", "sector_name": "37", "secondary_type": "clothing_store" }, "geometry": { "type": "Point", "coordinates": [ 76.7447369, 30.7365198 ] } },
{ "type": "Feature", "properties": { "name": "Kaur Fashions", "primary_type": "Shopping", "sector_name": "37", "secondary_type": "clothing_store" }, "geometry": { "type": "Point", "coordinates": [ 76.7447369, 30.7365198 ] } },
{ "type": "Feature", "properties": { "name": "Dr. Arora's Clinic | Sexologist in Chandigarh | Sex specialist doctor in chandigarh", "primary_type": "Essential Services", "sector_name": "37", "secondary_type": "doctor" }, "geometry": { "type": "Point", "coordinates": [ 76.7456814, 30.735393 ] } },
{ "type": "Feature", "properties": { "name": "Alka Fashion Boutique", "primary_type": "Shopping", "sector_name": "37", "secondary_type": "clothing_store" }, "geometry": { "type": "Point", "coordinates": [ 76.7458644, 30.7350899 ] } },
{ "type": "Feature", "properties": { "name": "KALA SAGAR", "primary_type": "Entertainment", "sector_name": "36", "secondary_type": "museum" }, "geometry": { "type": "Point", "coordinates": [ 76.751142, 30.729533 ] } },
{ "type": "Feature", "properties": { "name": "CSD Canteen DSOI", "primary_type": "Essential Services", "sector_name": "36", "secondary_type": "convenience_store" }, "geometry": { "type": "Point", "coordinates": [ 76.7516999, 30.7288383 ] } },
{ "type": "Feature", "properties": { "name": "CSD", "primary_type": "Shopping", "sector_name": "36", "secondary_type": "clothing_store" }, "geometry": { "type": "Point", "coordinates": [ 76.7510906, 30.7282681 ] } },
{ "type": "Feature", "properties": { "name": "WOW Delicious", "primary_type": "Food and Drinks", "sector_name": "42", "secondary_type": "restaurant" }, "geometry": { "type": "Point", "coordinates": [ 76.7497192, 30.7282308 ] } },
{ "type": "Feature", "properties": { "name": "Dr. Jagatjit Singh Kohli", "primary_type": "Essential Services", "sector_name": "36", "secondary_type": "doctor" }, "geometry": { "type": "Point", "coordinates": [ 76.7517052, 30.7278586 ] } },
{ "type": "Feature", "properties": { "name": "Agelock Skin and Hair Clinic", "primary_type": "Essential Services", "sector_name": "36", "secondary_type": "doctor" }, "geometry": { "type": "Point", "coordinates": [ 76.7517074, 30.7278536 ] } },
{ "type": "Feature", "properties": { "name": "Ganpati Book Shop", "primary_type": "Shopping", "sector_name": "42", "secondary_type": "book_store" }, "geometry": { "type": "Point", "coordinates": [ 76.7498343, 30.7280091 ] } },
{ "type": "Feature", "properties": { "name": "Mahajan Book Centre & Stationery", "primary_type": "Shopping", "sector_name": "42", "secondary_type": "book_store" }, "geometry": { "type": "Point", "coordinates": [ 76.7498455, 30.7279906 ] } },
{ "type": "Feature", "properties": { "name": "HEALTH FIRST CHEMIST", "primary_type": "Essential Services", "sector_name": "42", "secondary_type": "pharmacy" }, "geometry": { "type": "Point", "coordinates": [ 76.7503578, 30.7273818 ] } },
{ "type": "Feature", "properties": { "name": "Raj Book Shop", "primary_type": "Shopping", "sector_name": "42", "secondary_type": "book_store" }, "geometry": { "type": "Point", "coordinates": [ 76.7503973, 30.7273389 ] } },
{ "type": "Feature", "properties": { "name": "Hungry Head", "primary_type": "Food and Drinks", "sector_name": "36", "secondary_type": "restaurant" }, "geometry": { "type": "Point", "coordinates": [ 76.7502004, 30.7316248 ] } },
{ "type": "Feature", "properties": { "name": "Dharambir kumar Home Chandigarh", "primary_type": "Food and Drinks", "sector_name": "36", "secondary_type": "fast_food_restaurant" }, "geometry": { "type": "Point", "coordinates": [ 76.7502447, 30.7315427 ] } },
{ "type": "Feature", "properties": { "name": "DRUMFIRE- THE GRILLING FURY", "primary_type": "Food and Drinks", "sector_name": "36", "secondary_type": "restaurant" }, "geometry": { "type": "Point", "coordinates": [ 76.7521905, 30.7330028 ] } },
{ "type": "Feature", "properties": { "name": "Jasbir Books", "primary_type": "Shopping", "sector_name": "36", "secondary_type": "book_store" }, "geometry": { "type": "Point", "coordinates": [ 76.749627, 30.732803 ] } },
{ "type": "Feature", "properties": { "name": "Ess Ess Distributors", "primary_type": "Shopping", "sector_name": "36", "secondary_type": "wholesaler" }, "geometry": { "type": "Point", "coordinates": [ 76.749887, 30.731405 ] } },
{ "type": "Feature", "properties": { "name": "Meenakshi Traders", "primary_type": "Shopping", "sector_name": "36", "secondary_type": "home_goods_store" }, "geometry": { "type": "Point", "coordinates": [ 76.7528227, 30.7336972 ] } },
{ "type": "Feature", "properties": { "name": "Pooja Agency", "primary_type": "Essential Services", "sector_name": "36", "secondary_type": "pharmacy" }, "geometry": { "type": "Point", "coordinates": [ 76.7529358, 30.7336634 ] } },
{ "type": "Feature", "properties": { "name": "Shree Ji Foods", "primary_type": "Food and Drinks", "sector_name": "36", "secondary_type": "indian_restaurant" }, "geometry": { "type": "Point", "coordinates": [ 76.7529264, 30.733704 ] } },
{ "type": "Feature", "properties": { "name": "Malik Dr G P", "primary_type": "Essential Services", "sector_name": "36", "secondary_type": "doctor" }, "geometry": { "type": "Point", "coordinates": [ 76.7527454, 30.7339224 ] } },
{ "type": "Feature", "properties": { "name": "Chandigarh Chemist Association", "primary_type": "Essential Services", "sector_name": "36", "secondary_type": "pharmacy" }, "geometry": { "type": "Point", "coordinates": [ 76.7527454, 30.7339224 ] } },
{ "type": "Feature", "properties": { "name": "Heart Care Centre", "primary_type": "Essential Services", "sector_name": "36", "secondary_type": "hospital" }, "geometry": { "type": "Point", "coordinates": [ 76.7527454, 30.7339224 ] } },
{ "type": "Feature", "properties": { "name": "Jhoola", "primary_type": "Sports", "sector_name": "35", "secondary_type": "playground" }, "geometry": { "type": "Point", "coordinates": [ 76.7550745, 30.727728 ] } },
{ "type": "Feature", "properties": { "name": "Umeed Snacks Corner", "primary_type": "Food and Drinks", "sector_name": "36", "secondary_type": "cafe" }, "geometry": { "type": "Point", "coordinates": [ 76.7549149, 30.7315642 ] } },
{ "type": "Feature", "properties": { "name": "Rose N Petal - Online Flower & Cake Delivery in Chandigarh /Same Day Flower Delivery in Chandigarh", "primary_type": "Shopping", "sector_name": "35", "secondary_type": "florist" }, "geometry": { "type": "Point", "coordinates": [ 76.7577686, 30.7292973 ] } },
{ "type": "Feature", "properties": { "name": "RAABTA CREATION", "primary_type": "Shopping", "sector_name": "35", "secondary_type": "clothing_store" }, "geometry": { "type": "Point", "coordinates": [ 76.7569206, 30.72723 ] } },
{ "type": "Feature", "properties": { "name": "Vibrant Graphics", "primary_type": "Shopping", "sector_name": "35", "secondary_type": "store" }, "geometry": { "type": "Point", "coordinates": [ 76.7579922, 30.7288426 ] } },
{ "type": "Feature", "properties": { "name": "Vinu Medicos", "primary_type": "Essential Services", "sector_name": "36", "secondary_type": "pharmacy" }, "geometry": { "type": "Point", "coordinates": [ 76.754847, 30.73331 ] } },
{ "type": "Feature", "properties": { "name": "Walia Medicare", "primary_type": "Essential Services", "sector_name": "36", "secondary_type": "hospital" }, "geometry": { "type": "Point", "coordinates": [ 76.754847, 30.73331 ] } },
{ "type": "Feature", "properties": { "name": "Goodwill Medicos", "primary_type": "Essential Services", "sector_name": "36", "secondary_type": "pharmacy" }, "geometry": { "type": "Point", "coordinates": [ 76.7548468, 30.7333102 ] } },
{ "type": "Feature", "properties": { "name": "shalu medical hall", "primary_type": "Essential Services", "sector_name": "36", "secondary_type": "pharmacy" }, "geometry": { "type": "Point", "coordinates": [ 76.7548468, 30.7333102 ] } },
{ "type": "Feature", "properties": { "name": "The roll times", "primary_type": "Food and Drinks", "sector_name": "36", "secondary_type": "fast_food_restaurant" }, "geometry": { "type": "Point", "coordinates": [ 76.754019, 30.7335926 ] } },
{ "type": "Feature", "properties": { "name": "Raymond-22", "primary_type": "Shopping", "sector_name": "36", "secondary_type": "clothing_store" }, "geometry": { "type": "Point", "coordinates": [ 76.7551814, 30.7340152 ] } },
{ "type": "Feature", "properties": { "name": "Bombay Textile Agency", "primary_type": "Shopping", "sector_name": "36", "secondary_type": "clothing_store" }, "geometry": { "type": "Point", "coordinates": [ 76.7551814, 30.7340152 ] } },
{ "type": "Feature", "properties": { "name": "Relationship", "primary_type": "Food and Drinks", "sector_name": "36", "secondary_type": "bar" }, "geometry": { "type": "Point", "coordinates": [ 76.7532741, 30.7333505 ] } },
{ "type": "Feature", "properties": { "name": "Barista", "primary_type": "Food and Drinks", "sector_name": "36", "secondary_type": "coffee_shop" }, "geometry": { "type": "Point", "coordinates": [ 76.7532741, 30.7333505 ] } },
{ "type": "Feature", "properties": { "name": "Dr Sandeep Kaura", "primary_type": "Essential Services", "sector_name": "36", "secondary_type": "doctor" }, "geometry": { "type": "Point", "coordinates": [ 76.7532741, 30.7333505 ] } },
{ "type": "Feature", "properties": { "name": "DON CLOONEY PIZZERIA & CAFE", "primary_type": "Food and Drinks", "sector_name": "36", "secondary_type": "restaurant" }, "geometry": { "type": "Point", "coordinates": [ 76.7534064, 30.7335473 ] } },
{ "type": "Feature", "properties": { "name": "Churi house, Sector 36 Chandigarh", "primary_type": "Food and Drinks", "sector_name": "36", "secondary_type": "fast_food_restaurant" }, "geometry": { "type": "Point", "coordinates": [ 76.7536357, 30.7338361 ] } },
{ "type": "Feature", "properties": { "name": "Moose Cafe", "primary_type": "Food and Drinks", "sector_name": "36", "secondary_type": "coffee_shop" }, "geometry": { "type": "Point", "coordinates": [ 76.7534841, 30.733773 ] } },
{ "type": "Feature", "properties": { "name": "The Existential Cafe", "primary_type": "Food and Drinks", "sector_name": "36", "secondary_type": "cafe" }, "geometry": { "type": "Point", "coordinates": [ 76.7532178, 30.7335172 ] } },
{ "type": "Feature", "properties": { "name": "Barsana Aahaar✨", "primary_type": "Food and Drinks", "sector_name": "36", "secondary_type": "restaurant" }, "geometry": { "type": "Point", "coordinates": [ 76.7534356, 30.7337596 ] } },
{ "type": "Feature", "properties": { "name": "NAWABI KUKKAD", "primary_type": "Food and Drinks", "sector_name": "36", "secondary_type": "restaurant" }, "geometry": { "type": "Point", "coordinates": [ 76.7535818, 30.7338782 ] } },
{ "type": "Feature", "properties": { "name": "mg Pharmacy", "primary_type": "Essential Services", "sector_name": "36", "secondary_type": "pharmacy" }, "geometry": { "type": "Point", "coordinates": [ 76.7543996, 30.7361629 ] } },
{ "type": "Feature", "properties": { "name": "Dr Sandhu Residence", "primary_type": "Essential Services", "sector_name": "36", "secondary_type": "doctor" }, "geometry": { "type": "Point", "coordinates": [ 76.755396, 30.7364356 ] } },
{ "type": "Feature", "properties": { "name": "Dr. Khurana Residence", "primary_type": "Essential Services", "sector_name": "36", "secondary_type": "doctor" }, "geometry": { "type": "Point", "coordinates": [ 76.754634, 30.7347379 ] } },
{ "type": "Feature", "properties": { "name": "Canara Bank", "primary_type": "Essential Services", "sector_name": "36", "secondary_type": "bank" }, "geometry": { "type": "Point", "coordinates": [ 76.7560155, 30.7349612 ] } },
{ "type": "Feature", "properties": { "name": "DrPradeep Sharma. GENERAL SURGEON And PHYSICIAN .Former Head Surgery at GMSH Chandigarh", "primary_type": "Essential Services", "sector_name": "37", "secondary_type": "doctor" }, "geometry": { "type": "Point", "coordinates": [ 76.7538577, 30.736818 ] } },
{ "type": "Feature", "properties": { "name": "Rantika Thakur Clothing", "primary_type": "Shopping", "sector_name": "37", "secondary_type": "clothing_store" }, "geometry": { "type": "Point", "coordinates": [ 76.753769, 30.7368838 ] } },
{ "type": "Feature", "properties": { "name": "1456", "primary_type": "Tourism", "sector_name": "37", "secondary_type": "park" }, "geometry": { "type": "Point", "coordinates": [ 76.7529047, 30.736359 ] } },
{ "type": "Feature", "properties": { "name": "Chai Pindan di", "primary_type": "Food and Drinks", "sector_name": "36", "secondary_type": "coffee_shop" }, "geometry": { "type": "Point", "coordinates": [ 76.753081, 30.7350032 ] } },
{ "type": "Feature", "properties": { "name": "Stuu-c (student corner)", "primary_type": "Food and Drinks", "sector_name": "36", "secondary_type": "fast_food_restaurant" }, "geometry": { "type": "Point", "coordinates": [ 76.7531668, 30.7347905 ] } },
{ "type": "Feature", "properties": { "name": "Chai churi", "primary_type": "Food and Drinks", "sector_name": "36", "secondary_type": "coffee_shop" }, "geometry": { "type": "Point", "coordinates": [ 76.7534219, 30.7343098 ] } },
{ "type": "Feature", "properties": { "name": "Dr. Dhillon", "primary_type": "Essential Services", "sector_name": "36", "secondary_type": "hospital" }, "geometry": { "type": "Point", "coordinates": [ 76.7589788, 30.7327058 ] } },
{ "type": "Feature", "properties": { "name": "Kids playing area", "primary_type": "Sports", "sector_name": "36", "secondary_type": "playground" }, "geometry": { "type": "Point", "coordinates": [ 76.7596673, 30.7330032 ] } },
{ "type": "Feature", "properties": { "name": "Children Playing Park", "primary_type": "Tourism", "sector_name": "36", "secondary_type": "park" }, "geometry": { "type": "Point", "coordinates": [ 76.7601851, 30.7322953 ] } },
{ "type": "Feature", "properties": { "name": "Dental Clinic", "primary_type": "Essential Services", "sector_name": "36", "secondary_type": "hospital" }, "geometry": { "type": "Point", "coordinates": [ 76.7599018, 30.7317068 ] } },
{ "type": "Feature", "properties": { "name": "Garden of Fragrance", "primary_type": "Tourism", "sector_name": "36", "secondary_type": "park" }, "geometry": { "type": "Point", "coordinates": [ 76.7572113, 30.7326709 ] } },
{ "type": "Feature", "properties": { "name": "...", "primary_type": "Tourism", "sector_name": "36", "secondary_type": "park" }, "geometry": { "type": "Point", "coordinates": [ 76.759935, 30.7337737 ] } },
{ "type": "Feature", "properties": { "name": "Dr. S.K. Bhandari Clinic", "primary_type": "Essential Services", "sector_name": "36", "secondary_type": "doctor" }, "geometry": { "type": "Point", "coordinates": [ 76.7607399, 30.7318849 ] } },
{ "type": "Feature", "properties": { "name": "Allergy Doc- Allergy Specialist in Chandigarh, Allergy Docor, Allergy Treatment", "primary_type": "Essential Services", "sector_name": "35", "secondary_type": "doctor" }, "geometry": { "type": "Point", "coordinates": [ 76.7614966, 30.7312469 ] } },
{ "type": "Feature", "properties": { "name": "GOVINDA'S FOOD COURT", "primary_type": "Food and Drinks", "sector_name": "36", "secondary_type": "food_court" }, "geometry": { "type": "Point", "coordinates": [ 76.7610748, 30.7342075 ] } },
{ "type": "Feature", "properties": { "name": "Sunny house", "primary_type": "Shopping", "sector_name": "23", "secondary_type": "clothing_store" }, "geometry": { "type": "Point", "coordinates": [ 76.7597767, 30.737925 ] } },
{ "type": "Feature", "properties": { "name": "Table Tennis Hall", "primary_type": "Sports", "sector_name": "23", "secondary_type": "sports_complex" }, "geometry": { "type": "Point", "coordinates": [ 76.7618337, 30.7362348 ] } },
{ "type": "Feature", "properties": { "name": "Public Park - Sector 23-D", "primary_type": "Tourism", "sector_name": "23", "secondary_type": "park" }, "geometry": { "type": "Point", "coordinates": [ 76.7597385, 30.7383874 ] } },
{ "type": "Feature", "properties": { "name": "Modern Sports Center and Gift Shop", "primary_type": "Shopping", "sector_name": "36", "secondary_type": "clothing_store" }, "geometry": { "type": "Point", "coordinates": [ 76.7581014, 30.7385716 ] } },
{ "type": "Feature", "properties": { "name": "Govt. Swimming Pool, Sector 23", "primary_type": "Sports", "sector_name": "23", "secondary_type": "sports_complex" }, "geometry": { "type": "Point", "coordinates": [ 76.7622693, 30.7365255 ] } },
{ "type": "Feature", "properties": { "name": "YAVA DESIGNS", "primary_type": "Shopping", "sector_name": "22", "secondary_type": "clothing_store" }, "geometry": { "type": "Point", "coordinates": [ 76.766881, 30.729587 ] } },
{ "type": "Feature", "properties": { "name": "MEDICAM CILINICAL LAB.", "primary_type": "Essential Services", "sector_name": "22", "secondary_type": "hospital" }, "geometry": { "type": "Point", "coordinates": [ 76.7674602, 30.7297035 ] } },
{ "type": "Feature", "properties": { "name": "Sector 22D Park", "primary_type": "Tourism", "sector_name": "22", "secondary_type": "park" }, "geometry": { "type": "Point", "coordinates": [ 76.7667726, 30.7300379 ] } },
{ "type": "Feature", "properties": { "name": "Markfed Bazaar", "primary_type": "Essential Services", "sector_name": "22", "secondary_type": "grocery_store" }, "geometry": { "type": "Point", "coordinates": [ 76.7667046, 30.729158 ] } },
{ "type": "Feature", "properties": { "name": "IDBI Bank - Sector 22, Chandigarh", "primary_type": "Essential Services", "sector_name": "22", "secondary_type": "bank" }, "geometry": { "type": "Point", "coordinates": [ 76.766971, 30.729025 ] } },
{ "type": "Feature", "properties": { "name": "Abhi Food Court", "primary_type": "Food and Drinks", "sector_name": "22", "secondary_type": "restaurant" }, "geometry": { "type": "Point", "coordinates": [ 76.7679488, 30.729424 ] } },
{ "type": "Feature", "properties": { "name": "Uco Bank 22", "primary_type": "Essential Services", "sector_name": "22", "secondary_type": "bank" }, "geometry": { "type": "Point", "coordinates": [ 76.766865, 30.7289976 ] } },
{ "type": "Feature", "properties": { "name": "Ashtavinayak Pav Wale", "primary_type": "Food and Drinks", "sector_name": "22", "secondary_type": "restaurant" }, "geometry": { "type": "Point", "coordinates": [ 76.7662051, 30.7300704 ] } },
{ "type": "Feature", "properties": { "name": "Rama Kant Morya", "primary_type": "Essential Services", "sector_name": "22", "secondary_type": "grocery_store" }, "geometry": { "type": "Point", "coordinates": [ 76.7661751, 30.7300783 ] } },
{ "type": "Feature", "properties": { "name": "Hotel Pukhraj", "primary_type": "Tourism", "sector_name": "22", "secondary_type": "hotel" }, "geometry": { "type": "Point", "coordinates": [ 76.7670562, 30.7288416 ] } },
{ "type": "Feature", "properties": { "name": "Café Well Being", "primary_type": "Food and Drinks", "sector_name": "22", "secondary_type": "cafe" }, "geometry": { "type": "Point", "coordinates": [ 76.7671109, 30.7287923 ] } },
{ "type": "Feature", "properties": { "name": "Beauty Parlour", "primary_type": "Sports", "sector_name": "22", "secondary_type": "gym" }, "geometry": { "type": "Point", "coordinates": [ 76.7680223, 30.7303068 ] } },
{ "type": "Feature", "properties": { "name": "Master Shakes (VK)", "primary_type": "Food and Drinks", "sector_name": "22", "secondary_type": "juice_shop" }, "geometry": { "type": "Point", "coordinates": [ 76.7661159, 30.7302167 ] } },
{ "type": "Feature", "properties": { "name": "Pizza Buddy's", "primary_type": "Food and Drinks", "sector_name": "22", "secondary_type": "pizza_restaurant" }, "geometry": { "type": "Point", "coordinates": [ 76.7660933, 30.7302264 ] } },
{ "type": "Feature", "properties": { "name": "JIMMYS KITCHEN", "primary_type": "Food and Drinks", "sector_name": "22", "secondary_type": "fast_food_restaurant" }, "geometry": { "type": "Point", "coordinates": [ 76.7660844, 30.7302543 ] } },
{ "type": "Feature", "properties": { "name": "Tarun Creations", "primary_type": "Shopping", "sector_name": "22", "secondary_type": "clothing_store" }, "geometry": { "type": "Point", "coordinates": [ 76.7660647, 30.7302602 ] } },
{ "type": "Feature", "properties": { "name": "Shiv Namkeen", "primary_type": "Essential Services", "sector_name": "22", "secondary_type": "grocery_store" }, "geometry": { "type": "Point", "coordinates": [ 76.7674887, 30.7332909 ] } },
{ "type": "Feature", "properties": { "name": "Sec 22D Chandigarh", "primary_type": "Shopping", "sector_name": "22", "secondary_type": "shopping_mall" }, "geometry": { "type": "Point", "coordinates": [ 76.7675391, 30.7332704 ] } },
{ "type": "Feature", "properties": { "name": "Randhir Flowers", "primary_type": "Shopping", "sector_name": "22", "secondary_type": "market" }, "geometry": { "type": "Point", "coordinates": [ 76.7675563, 30.733332 ] } },
{ "type": "Feature", "properties": { "name": "Shishu Niketan Model Sr Secondary School Park", "primary_type": "Tourism", "sector_name": "22", "secondary_type": "park" }, "geometry": { "type": "Point", "coordinates": [ 76.7675563, 30.733332 ] } },
{ "type": "Feature", "properties": { "name": "Pranav Rayat's Park", "primary_type": "Tourism", "sector_name": "22", "secondary_type": "park" }, "geometry": { "type": "Point", "coordinates": [ 76.7662727, 30.7329481 ] } },
{ "type": "Feature", "properties": { "name": "Sensory park", "primary_type": "Tourism", "sector_name": "22", "secondary_type": "park" }, "geometry": { "type": "Point", "coordinates": [ 76.767962, 30.7337708 ] } },
{ "type": "Feature", "properties": { "name": "Sukhmani Homoeo Pharmacy & Dr. Chadha Homoeopathic Clinic", "primary_type": "Essential Services", "sector_name": "22", "secondary_type": "drugstore" }, "geometry": { "type": "Point", "coordinates": [ 76.767962, 30.7337708 ] } },
{ "type": "Feature", "properties": { "name": "22 Street Bistro", "primary_type": "Food and Drinks", "sector_name": "22", "secondary_type": "fast_food_restaurant" }, "geometry": { "type": "Point", "coordinates": [ 76.7661108, 30.7323543 ] } },
{ "type": "Feature", "properties": { "name": "PUNJABI PRANTHA SPECIAL - Prantha Dhaba in Chandigarh", "primary_type": "Food and Drinks", "sector_name": "22", "secondary_type": "indian_restaurant" }, "geometry": { "type": "Point", "coordinates": [ 76.7658432, 30.732185 ] } },
{ "type": "Feature", "properties": { "name": "Chatni ka Chaska", "primary_type": "Food and Drinks", "sector_name": "22", "secondary_type": "fast_food_restaurant" }, "geometry": { "type": "Point", "coordinates": [ 76.7658432, 30.732185 ] } },
{ "type": "Feature", "properties": { "name": "Moonlight Park", "primary_type": "Tourism", "sector_name": "22", "secondary_type": "park" }, "geometry": { "type": "Point", "coordinates": [ 76.768743, 30.732077 ] } },
{ "type": "Feature", "properties": { "name": "Canteen 24/7 Snack bar", "primary_type": "Food and Drinks", "sector_name": "22", "secondary_type": "meal_takeaway" }, "geometry": { "type": "Point", "coordinates": [ 76.768475, 30.734503 ] } },
{ "type": "Feature", "properties": { "name": "rocksams pizza's", "primary_type": "Food and Drinks", "sector_name": "22", "secondary_type": "pizza_restaurant" }, "geometry": { "type": "Point", "coordinates": [ 76.76675, 30.73496 ] } },
{ "type": "Feature", "properties": { "name": "Mini Park", "primary_type": "Tourism", "sector_name": "22", "secondary_type": "park" }, "geometry": { "type": "Point", "coordinates": [ 76.7671893, 30.7352175 ] } },
{ "type": "Feature", "properties": { "name": "Mongas Kitchen", "primary_type": "Food and Drinks", "sector_name": "22", "secondary_type": "indian_restaurant" }, "geometry": { "type": "Point", "coordinates": [ 76.7685112, 30.7349226 ] } },
{ "type": "Feature", "properties": { "name": "KRISHNA ENTERPRISES", "primary_type": "Essential Services", "sector_name": "22", "secondary_type": "grocery_store" }, "geometry": { "type": "Point", "coordinates": [ 76.769376, 30.7344416 ] } },
{ "type": "Feature", "properties": { "name": "Toy store", "primary_type": "Essential Services", "sector_name": "22", "secondary_type": "convenience_store" }, "geometry": { "type": "Point", "coordinates": [ 76.7644913, 30.7324816 ] } },
{ "type": "Feature", "properties": { "name": "Fast Food Ponit", "primary_type": "Food and Drinks", "sector_name": "22", "secondary_type": "fast_food_restaurant" }, "geometry": { "type": "Point", "coordinates": [ 76.7687728, 30.7350483 ] } },
{ "type": "Feature", "properties": { "name": "Matka Park", "primary_type": "Tourism", "sector_name": "22", "secondary_type": "park" }, "geometry": { "type": "Point", "coordinates": [ 76.771437, 30.7300039 ] } },
{ "type": "Feature", "properties": { "name": "Om Sai Traders | Best Ladies Garment Wholesaler in Chandigarh", "primary_type": "Shopping", "sector_name": "22", "secondary_type": "wholesaler" }, "geometry": { "type": "Point", "coordinates": [ 76.7707988, 30.729675 ] } },
{ "type": "Feature", "properties": { "name": "Soul Sisters Boutique", "primary_type": "Shopping", "sector_name": "22", "secondary_type": "clothing_store" }, "geometry": { "type": "Point", "coordinates": [ 76.7717606, 30.7302787 ] } },
{ "type": "Feature", "properties": { "name": "Dr. Ashwin Mohan", "primary_type": "Essential Services", "sector_name": "22", "secondary_type": "doctor" }, "geometry": { "type": "Point", "coordinates": [ 76.7719705, 30.7292226 ] } },
{ "type": "Feature", "properties": { "name": "Aroma Taxi Stand", "primary_type": "Public Transport", "sector_name": "22", "secondary_type": "taxi_stand" }, "geometry": { "type": "Point", "coordinates": [ 76.7719263, 30.7291479 ] } },
{ "type": "Feature", "properties": { "name": "Equitas Small Finance Bank", "primary_type": "Essential Services", "sector_name": "22", "secondary_type": "bank" }, "geometry": { "type": "Point", "coordinates": [ 76.7718176, 30.7290559 ] } },
{ "type": "Feature", "properties": { "name": "Ropar Central Cooperative Bank", "primary_type": "Essential Services", "sector_name": "22", "secondary_type": "bank" }, "geometry": { "type": "Point", "coordinates": [ 76.7718534, 30.7290436 ] } },
{ "type": "Feature", "properties": { "name": "CBCT Radiance 3D Dental Scan & Diagnostic Centre", "primary_type": "Essential Services", "sector_name": "22", "secondary_type": "dentist" }, "geometry": { "type": "Point", "coordinates": [ 76.7720623, 30.7291313 ] } },
{ "type": "Feature", "properties": { "name": "Abrol ENT Institute & Research Centre | ENT Specialist In Chandigarh", "primary_type": "Essential Services", "sector_name": "22", "secondary_type": "doctor" }, "geometry": { "type": "Point", "coordinates": [ 76.7720601, 30.7291287 ] } },
{ "type": "Feature", "properties": { "name": "Pumping Weapons Gym BEST GYM IN SECTOR 22", "primary_type": "Sports", "sector_name": "22", "secondary_type": "gym" }, "geometry": { "type": "Point", "coordinates": [ 76.7722118, 30.7292942 ] } },
{ "type": "Feature", "properties": { "name": "Dr Naresh Sharma MBBS, MD", "primary_type": "Essential Services", "sector_name": "22", "secondary_type": "doctor" }, "geometry": { "type": "Point", "coordinates": [ 76.7719749, 30.7290349 ] } },
{ "type": "Feature", "properties": { "name": "Dr. Rachna Abrol | Best Gynaecologist in Chandigarh", "primary_type": "Essential Services", "sector_name": "22", "secondary_type": "doctor" }, "geometry": { "type": "Point", "coordinates": [ 76.7721006, 30.7291214 ] } },
{ "type": "Feature", "properties": { "name": "Happy Book Depot", "primary_type": "Shopping", "sector_name": "22", "secondary_type": "book_store" }, "geometry": { "type": "Point", "coordinates": [ 76.7723389, 30.7294406 ] } },
{ "type": "Feature", "properties": { "name": "Shagun Flexi Jet-Places to visit HP", "primary_type": "Tourism", "sector_name": "22", "secondary_type": "tourist_attraction" }, "geometry": { "type": "Point", "coordinates": [ 76.7703941, 30.7291779 ] } },
{ "type": "Feature", "properties": { "name": "Yoga of Mind", "primary_type": "Sports", "sector_name": "22", "secondary_type": "yoga_studio" }, "geometry": { "type": "Point", "coordinates": [ 76.7717111, 30.7306656 ] } },
{ "type": "Feature", "properties": { "name": "iii Pharma Consulting", "primary_type": "Essential Services", "sector_name": "22", "secondary_type": "pharmacy" }, "geometry": { "type": "Point", "coordinates": [ 76.771163, 30.732999 ] } },
{ "type": "Feature", "properties": { "name": "Medicare Chemists & Druggists", "primary_type": "Essential Services", "sector_name": "22", "secondary_type": "hospital" }, "geometry": { "type": "Point", "coordinates": [ 76.7711626, 30.732999 ] } },
{ "type": "Feature", "properties": { "name": "कांसुल्टिंग होमिओ फ्य्सिचियन", "primary_type": "Essential Services", "sector_name": "22", "secondary_type": "hospital" }, "geometry": { "type": "Point", "coordinates": [ 76.7711626, 30.732999 ] } },
{ "type": "Feature", "properties": { "name": "Anand Kumar Dr Sharma", "primary_type": "Essential Services", "sector_name": "22", "secondary_type": "doctor" }, "geometry": { "type": "Point", "coordinates": [ 76.7711626, 30.732999 ] } },
{ "type": "Feature", "properties": { "name": "Renu Kaila (Dr)", "primary_type": "Essential Services", "sector_name": "22", "secondary_type": "doctor" }, "geometry": { "type": "Point", "coordinates": [ 76.7711626, 30.732999 ] } },
{ "type": "Feature", "properties": { "name": "Singh Dr Parminder", "primary_type": "Essential Services", "sector_name": "22", "secondary_type": "doctor" }, "geometry": { "type": "Point", "coordinates": [ 76.7711626, 30.732999 ] } },
{ "type": "Feature", "properties": { "name": "Inder Lal Dr Gulati", "primary_type": "Essential Services", "sector_name": "22", "secondary_type": "doctor" }, "geometry": { "type": "Point", "coordinates": [ 76.7711626, 30.732999 ] } },
{ "type": "Feature", "properties": { "name": "Deep Clinic", "primary_type": "Essential Services", "sector_name": "22", "secondary_type": "doctor" }, "geometry": { "type": "Point", "coordinates": [ 76.7711626, 30.732999 ] } },
{ "type": "Feature", "properties": { "name": "Bhandari Dr Mrs Anju", "primary_type": "Essential Services", "sector_name": "22", "secondary_type": "doctor" }, "geometry": { "type": "Point", "coordinates": [ 76.7711626, 30.732999 ] } },
{ "type": "Feature", "properties": { "name": "Radhey Shyam Saree Centre", "primary_type": "Shopping", "sector_name": "22", "secondary_type": "clothing_store" }, "geometry": { "type": "Point", "coordinates": [ 76.7711626, 30.732999 ] } },
{ "type": "Feature", "properties": { "name": "Singh Dr Gurvinder", "primary_type": "Essential Services", "sector_name": "22", "secondary_type": "doctor" }, "geometry": { "type": "Point", "coordinates": [ 76.7711626, 30.732999 ] } },
{ "type": "Feature", "properties": { "name": "20-20 Punjabi Restaurant", "primary_type": "Food and Drinks", "sector_name": "22", "secondary_type": "indian_restaurant" }, "geometry": { "type": "Point", "coordinates": [ 76.771141, 30.7333438 ] } },
{ "type": "Feature", "properties": { "name": "Chandigarh billiard and sooker association", "primary_type": "Sports", "sector_name": "22", "secondary_type": "sports_complex" }, "geometry": { "type": "Point", "coordinates": [ 76.7710534, 30.7332657 ] } },
{ "type": "Feature", "properties": { "name": "Catch 22", "primary_type": "Food and Drinks", "sector_name": "22", "secondary_type": "fast_food_restaurant" }, "geometry": { "type": "Point", "coordinates": [ 76.7710063, 30.7330711 ] } },
{ "type": "Feature", "properties": { "name": "Kaku 22", "primary_type": "Food and Drinks", "sector_name": "22", "secondary_type": "indian_restaurant" }, "geometry": { "type": "Point", "coordinates": [ 76.7713546, 30.7334014 ] } },
{ "type": "Feature", "properties": { "name": "Government Maternity Hospital", "primary_type": "Essential Services", "sector_name": "22", "secondary_type": "hospital" }, "geometry": { "type": "Point", "coordinates": [ 76.7713545, 30.7334015 ] } },
{ "type": "Feature", "properties": { "name": "Sub Post Office sector 22", "primary_type": "Essential Services", "sector_name": "22", "secondary_type": "post_office" }, "geometry": { "type": "Point", "coordinates": [ 76.7710995, 30.733344 ] } },
{ "type": "Feature", "properties": { "name": "S. YADAV JI PARK", "primary_type": "Tourism", "sector_name": "22", "secondary_type": "park" }, "geometry": { "type": "Point", "coordinates": [ 76.7716435, 30.7332244 ] } },
{ "type": "Feature", "properties": { "name": "Sec 22 Flee Market", "primary_type": "Shopping", "sector_name": "22", "secondary_type": "clothing_store" }, "geometry": { "type": "Point", "coordinates": [ 76.7709299, 30.7331383 ] } },
{ "type": "Feature", "properties": { "name": "Sri Shri Medicals Branch C M C", "primary_type": "Essential Services", "sector_name": "22", "secondary_type": "hospital" }, "geometry": { "type": "Point", "coordinates": [ 76.772208, 30.7360829 ] } },
{ "type": "Feature", "properties": { "name": "CRECHE PARK", "primary_type": "Tourism", "sector_name": "22", "secondary_type": "park" }, "geometry": { "type": "Point", "coordinates": [ 76.7723919, 30.7359818 ] } },
{ "type": "Feature", "properties": { "name": "Arya Samaj Mandir And Free Clinic", "primary_type": "Essential Services", "sector_name": "22", "secondary_type": "hospital" }, "geometry": { "type": "Point", "coordinates": [ 76.7726159, 30.7366861 ] } },
{ "type": "Feature", "properties": { "name": "Park 22A", "primary_type": "Tourism", "sector_name": "22", "secondary_type": "park" }, "geometry": { "type": "Point", "coordinates": [ 76.7728123, 30.7369057 ] } },
{ "type": "Feature", "properties": { "name": "Best Tandoor - Food", "primary_type": "Food and Drinks", "sector_name": "22", "secondary_type": "indian_restaurant" }, "geometry": { "type": "Point", "coordinates": [ 76.7710773, 30.7348962 ] } },
{ "type": "Feature", "properties": { "name": "Verka Park", "primary_type": "Tourism", "sector_name": "22", "secondary_type": "park" }, "geometry": { "type": "Point", "coordinates": [ 76.7735999, 30.7368146 ] } },
{ "type": "Feature", "properties": { "name": "coffee cafe", "primary_type": "Food and Drinks", "sector_name": "22", "secondary_type": "coffee_shop" }, "geometry": { "type": "Point", "coordinates": [ 76.7703807, 30.7346323 ] } },
{ "type": "Feature", "properties": { "name": "Eating House sec 22 D chandigarh", "primary_type": "Food and Drinks", "sector_name": "22", "secondary_type": "indian_restaurant" }, "geometry": { "type": "Point", "coordinates": [ 76.7696657, 30.7349068 ] } },
{ "type": "Feature", "properties": { "name": "Pizza Galleria Sector -22", "primary_type": "Food and Drinks", "sector_name": "22", "secondary_type": "pizza_restaurant" }, "geometry": { "type": "Point", "coordinates": [ 76.7698621, 30.7347719 ] } },
{ "type": "Feature", "properties": { "name": "Katoch online shopping Centre", "primary_type": "Shopping", "sector_name": "22", "secondary_type": "shopping_mall" }, "geometry": { "type": "Point", "coordinates": [ 76.7724736, 30.7345471 ] } },
{ "type": "Feature", "properties": { "name": "Volleyball Park", "primary_type": "Tourism", "sector_name": "22", "secondary_type": "park" }, "geometry": { "type": "Point", "coordinates": [ 76.7738983, 30.7364469 ] } },
{ "type": "Feature", "properties": { "name": "Nirmal Medical Store", "primary_type": "Essential Services", "sector_name": "22", "secondary_type": "drugstore" }, "geometry": { "type": "Point", "coordinates": [ 76.76885, 30.7358705 ] } },
{ "type": "Feature", "properties": { "name": "Chai Sutta Bar", "primary_type": "Food and Drinks", "sector_name": "22", "secondary_type": "cafe" }, "geometry": { "type": "Point", "coordinates": [ 76.7688661, 30.7358127 ] } },
{ "type": "Feature", "properties": { "name": "Dr Inder Mohan", "primary_type": "Essential Services", "sector_name": "22", "secondary_type": "doctor" }, "geometry": { "type": "Point", "coordinates": [ 76.769221, 30.735215 ] } },
{ "type": "Feature", "properties": { "name": "Suri Clinic", "primary_type": "Essential Services", "sector_name": "22", "secondary_type": "doctor" }, "geometry": { "type": "Point", "coordinates": [ 76.7692208, 30.7352147 ] } },
{ "type": "Feature", "properties": { "name": "Dr Goel Vinay", "primary_type": "Essential Services", "sector_name": "22", "secondary_type": "doctor" }, "geometry": { "type": "Point", "coordinates": [ 76.7692208, 30.7352147 ] } },
{ "type": "Feature", "properties": { "name": "Banaras Silk Store", "primary_type": "Shopping", "sector_name": "22", "secondary_type": "clothing_store" }, "geometry": { "type": "Point", "coordinates": [ 76.7688661, 30.7357879 ] } },
{ "type": "Feature", "properties": { "name": "Gulati Editions", "primary_type": "Shopping", "sector_name": "22", "secondary_type": "clothing_store" }, "geometry": { "type": "Point", "coordinates": [ 76.7690817, 30.7353631 ] } },
{ "type": "Feature", "properties": { "name": "Best Surgeon in Chandigarh - Circumcision | Phimosis | Fissure | Foreskin removal", "primary_type": "Essential Services", "sector_name": "22", "secondary_type": "doctor" }, "geometry": { "type": "Point", "coordinates": [ 76.775203, 30.733101 ] } },
{ "type": "Feature", "properties": { "name": "Dr Aastha Likhyani", "primary_type": "Essential Services", "sector_name": "22", "secondary_type": "doctor" }, "geometry": { "type": "Point", "coordinates": [ 76.775203, 30.733101 ] } },
{ "type": "Feature", "properties": { "name": "Best Laparoscopic surgeon in Chandigarh - Hernia | Gall Stone | Appendicities", "primary_type": "Essential Services", "sector_name": "22", "secondary_type": "doctor" }, "geometry": { "type": "Point", "coordinates": [ 76.775202, 30.733115 ] } },
{ "type": "Feature", "properties": { "name": "Dr. Avril Dhar", "primary_type": "Essential Services", "sector_name": "22", "secondary_type": "doctor" }, "geometry": { "type": "Point", "coordinates": [ 76.7751873, 30.7330649 ] } },
{ "type": "Feature", "properties": { "name": "Doctor Tamanna Sharma", "primary_type": "Essential Services", "sector_name": "22", "secondary_type": "dentist" }, "geometry": { "type": "Point", "coordinates": [ 76.7751715, 30.7330601 ] } },
{ "type": "Feature", "properties": { "name": "PQMF+6P6", "primary_type": "Tourism", "sector_name": "22", "secondary_type": "park" }, "geometry": { "type": "Point", "coordinates": [ 76.7742546, 30.7330341 ] } },
{ "type": "Feature", "properties": { "name": "Opolis Dental clinic", "primary_type": "Essential Services", "sector_name": "22", "secondary_type": "dental_clinic" }, "geometry": { "type": "Point", "coordinates": [ 76.7751033, 30.7331641 ] } },
{ "type": "Feature", "properties": { "name": "Pristyn Care - Laparoscopy", "primary_type": "Essential Services", "sector_name": "22", "secondary_type": "doctor" }, "geometry": { "type": "Point", "coordinates": [ 76.7750833, 30.7330787 ] } },
{ "type": "Feature", "properties": { "name": "Sector 22B - Mini Park 5", "primary_type": "Tourism", "sector_name": "22", "secondary_type": "park" }, "geometry": { "type": "Point", "coordinates": [ 76.7757577, 30.7327302 ] } },
{ "type": "Feature", "properties": { "name": "home", "primary_type": "Shopping", "sector_name": "22", "secondary_type": "clothing_store" }, "geometry": { "type": "Point", "coordinates": [ 76.7754576, 30.7335567 ] } },
{ "type": "Feature", "properties": { "name": "D Selrz", "primary_type": "Essential Services", "sector_name": "22", "secondary_type": "hospital" }, "geometry": { "type": "Point", "coordinates": [ 76.775324, 30.732689 ] } },
{ "type": "Feature", "properties": { "name": "DR.Randeep's Neuro & Physio Clinic", "primary_type": "Essential Services", "sector_name": "22", "secondary_type": "doctor" }, "geometry": { "type": "Point", "coordinates": [ 76.7762112, 30.7328147 ] } },
{ "type": "Feature", "properties": { "name": "PALMS ROOF TOP LOUNGE", "primary_type": "Food and Drinks", "sector_name": "22", "secondary_type": "restaurant" }, "geometry": { "type": "Point", "coordinates": [ 76.7762112, 30.7328147 ] } },
{ "type": "Feature", "properties": { "name": "Suhel", "primary_type": "Tourism", "sector_name": "22", "secondary_type": "campground" }, "geometry": { "type": "Point", "coordinates": [ 76.7762112, 30.7328147 ] } },
{ "type": "Feature", "properties": { "name": "Corner Park 2", "primary_type": "Tourism", "sector_name": "22", "secondary_type": "park" }, "geometry": { "type": "Point", "coordinates": [ 76.7759019, 30.7362366 ] } },
{ "type": "Feature", "properties": { "name": "Government Housing Playground", "primary_type": "Sports", "sector_name": "22", "secondary_type": "playground" }, "geometry": { "type": "Point", "coordinates": [ 76.7750788, 30.7368031 ] } },
{ "type": "Feature", "properties": { "name": "G G ENTERPRISES", "primary_type": "Shopping", "sector_name": "22", "secondary_type": "clothing_store" }, "geometry": { "type": "Point", "coordinates": [ 76.7759422, 30.7369975 ] } },
{ "type": "Feature", "properties": { "name": "V K textile", "primary_type": "Shopping", "sector_name": "22", "secondary_type": "wholesaler" }, "geometry": { "type": "Point", "coordinates": [ 76.7759202, 30.7370116 ] } },
{ "type": "Feature", "properties": { "name": "Makkar Sons", "primary_type": "Shopping", "sector_name": "22", "secondary_type": "clothing_store" }, "geometry": { "type": "Point", "coordinates": [ 76.7760007, 30.7370131 ] } },
{ "type": "Feature", "properties": { "name": "Shree Arihant Textiles", "primary_type": "Shopping", "sector_name": "22", "secondary_type": "clothing_store" }, "geometry": { "type": "Point", "coordinates": [ 76.7761037, 30.7369348 ] } },
{ "type": "Feature", "properties": { "name": "Ajeet Sons", "primary_type": "Shopping", "sector_name": "22", "secondary_type": "clothing_store" }, "geometry": { "type": "Point", "coordinates": [ 76.7757373, 30.7371483 ] } },
{ "type": "Feature", "properties": { "name": "Rubaiyat", "primary_type": "Shopping", "sector_name": "22", "secondary_type": "clothing_store" }, "geometry": { "type": "Point", "coordinates": [ 76.7759468, 30.7371711 ] } },
{ "type": "Feature", "properties": { "name": "The Raymond shop", "primary_type": "Shopping", "sector_name": "22", "secondary_type": "clothing_store" }, "geometry": { "type": "Point", "coordinates": [ 76.7759664, 30.737184 ] } },
{ "type": "Feature", "properties": { "name": "Bhatti enterprises", "primary_type": "Shopping", "sector_name": "22", "secondary_type": "clothing_store" }, "geometry": { "type": "Point", "coordinates": [ 76.7759008, 30.7372172 ] } },
{ "type": "Feature", "properties": { "name": "TURBAN STUDIO, A unit of Ajeet Group", "primary_type": "Shopping", "sector_name": "22", "secondary_type": "clothing_store" }, "geometry": { "type": "Point", "coordinates": [ 76.775646, 30.737309 ] } },
{ "type": "Feature", "properties": { "name": "Ansuvin Enterprises", "primary_type": "Shopping", "sector_name": "22", "secondary_type": "shopping_mall" }, "geometry": { "type": "Point", "coordinates": [ 76.7757821, 30.7372858 ] } },
{ "type": "Feature", "properties": { "name": "Exclusives By AmarSons", "primary_type": "Shopping", "sector_name": "22", "secondary_type": "clothing_store" }, "geometry": { "type": "Point", "coordinates": [ 76.7758799, 30.7372632 ] } },
{ "type": "Feature", "properties": { "name": "The Dressing Table", "primary_type": "Shopping", "sector_name": "22", "secondary_type": "clothing_store" }, "geometry": { "type": "Point", "coordinates": [ 76.7755614, 30.7373896 ] } },
{ "type": "Feature", "properties": { "name": "Meri Bulbul | Piyara Lal Jain and Associates", "primary_type": "Shopping", "sector_name": "22", "secondary_type": "clothing_store" }, "geometry": { "type": "Point", "coordinates": [ 76.7758345, 30.7373477 ] } },
{ "type": "Feature", "properties": { "name": "Jugnu Snacks", "primary_type": "Food and Drinks", "sector_name": "22", "secondary_type": "bar" }, "geometry": { "type": "Point", "coordinates": [ 76.7754599, 30.7374078 ] } },
{ "type": "Feature", "properties": { "name": "Hira Handloom House", "primary_type": "Shopping", "sector_name": "22", "secondary_type": "clothing_store" }, "geometry": { "type": "Point", "coordinates": [ 76.7757087, 30.7373994 ] } },
{ "type": "Feature", "properties": { "name": "Ravindranath", "primary_type": "Essential Services", "sector_name": "22", "secondary_type": "doctor" }, "geometry": { "type": "Point", "coordinates": [ 76.77627, 30.7372919 ] } },
{ "type": "Feature", "properties": { "name": "Narayan Hospital Ortho & Gynae Clinic", "primary_type": "Essential Services", "sector_name": "18", "secondary_type": "hospital" }, "geometry": { "type": "Point", "coordinates": [ 76.7834654, 30.7302174 ] } },
{ "type": "Feature", "properties": { "name": "1215", "primary_type": "Tourism", "sector_name": "18", "secondary_type": "park" }, "geometry": { "type": "Point", "coordinates": [ 76.7852711, 30.7308834 ] } },
{ "type": "Feature", "properties": { "name": "PQJM+VPF", "primary_type": "Tourism", "sector_name": "18", "secondary_type": "park" }, "geometry": { "type": "Point", "coordinates": [ 76.7844598, 30.732299 ] } },
{ "type": "Feature", "properties": { "name": "Mamta Child Health Care Centre", "primary_type": "Essential Services", "sector_name": "18", "secondary_type": "hospital" }, "geometry": { "type": "Point", "coordinates": [ 76.7849906, 30.731424 ] } },
{ "type": "Feature", "properties": { "name": "Park Sector 18C", "primary_type": "Tourism", "sector_name": "18", "secondary_type": "park" }, "geometry": { "type": "Point", "coordinates": [ 76.7852661, 30.7307903 ] } },
{ "type": "Feature", "properties": { "name": "Kk park", "primary_type": "Tourism", "sector_name": "18", "secondary_type": "park" }, "geometry": { "type": "Point", "coordinates": [ 76.7842958, 30.7321881 ] } },
{ "type": "Feature", "properties": { "name": "sparkling smiles", "primary_type": "Essential Services", "sector_name": "18", "secondary_type": "dental_clinic" }, "geometry": { "type": "Point", "coordinates": [ 76.7861406, 30.7308154 ] } },
{ "type": "Feature", "properties": { "name": "Tiger theatre", "primary_type": "Essential Services", "sector_name": "18", "secondary_type": "doctor" }, "geometry": { "type": "Point", "coordinates": [ 76.7863608, 30.7309718 ] } },
{ "type": "Feature", "properties": { "name": "Pk panvadi", "primary_type": "Food and Drinks", "sector_name": "18", "secondary_type": "bar" }, "geometry": { "type": "Point", "coordinates": [ 76.7863608, 30.7309718 ] } },
{ "type": "Feature", "properties": { "name": "Smoke shop", "primary_type": "Shopping", "sector_name": "18", "secondary_type": "shopping_mall" }, "geometry": { "type": "Point", "coordinates": [ 76.7826012, 30.7334934 ] } },
{ "type": "Feature", "properties": { "name": "AA Creations", "primary_type": "Shopping", "sector_name": "18", "secondary_type": "clothing_store" }, "geometry": { "type": "Point", "coordinates": [ 76.7826012, 30.7334934 ] } },
{ "type": "Feature", "properties": { "name": "Zoya The Label by Seema", "primary_type": "Shopping", "sector_name": "18", "secondary_type": "clothing_store" }, "geometry": { "type": "Point", "coordinates": [ 76.7826012, 30.7334934 ] } },
{ "type": "Feature", "properties": { "name": "Wear Your Mark", "primary_type": "Shopping", "sector_name": "18", "secondary_type": "clothing_store" }, "geometry": { "type": "Point", "coordinates": [ 76.784653, 30.7345848 ] } },
{ "type": "Feature", "properties": { "name": "धूरन यादव", "primary_type": "Essential Services", "sector_name": "18", "secondary_type": "pharmacy" }, "geometry": { "type": "Point", "coordinates": [ 76.7826777, 30.7335381 ] } },
{ "type": "Feature", "properties": { "name": "Mongia Dr H S", "primary_type": "Essential Services", "sector_name": "17", "secondary_type": "doctor" }, "geometry": { "type": "Point", "coordinates": [ 76.7821943, 30.7350143 ] } },
{ "type": "Feature", "properties": { "name": "O'Chicken", "primary_type": "Food and Drinks", "sector_name": "18", "secondary_type": "fast_food_restaurant" }, "geometry": { "type": "Point", "coordinates": [ 76.785898, 30.7354567 ] } },
{ "type": "Feature", "properties": { "name": "Wazwan Legacy", "primary_type": "Food and Drinks", "sector_name": "18", "secondary_type": "restaurant" }, "geometry": { "type": "Point", "coordinates": [ 76.7859328, 30.7354959 ] } },
{ "type": "Feature", "properties": { "name": "LUXELIVING", "primary_type": "Shopping", "sector_name": "18", "secondary_type": "shopping_mall" }, "geometry": { "type": "Point", "coordinates": [ 76.7863434, 30.7348993 ] } },
{ "type": "Feature", "properties": { "name": "Sub Post Office", "primary_type": "Essential Services", "sector_name": "18", "secondary_type": "post_office" }, "geometry": { "type": "Point", "coordinates": [ 76.7862315, 30.7353154 ] } },
{ "type": "Feature", "properties": { "name": "L A Pharma", "primary_type": "Essential Services", "sector_name": "18", "secondary_type": "pharmacy" }, "geometry": { "type": "Point", "coordinates": [ 76.7866844, 30.734687 ] } },
{ "type": "Feature", "properties": { "name": "Paratha point", "primary_type": "Food and Drinks", "sector_name": "18", "secondary_type": "asian_restaurant" }, "geometry": { "type": "Point", "coordinates": [ 76.7864698, 30.7352285 ] } },
{ "type": "Feature", "properties": { "name": "Pamma Tawa Chicken", "primary_type": "Food and Drinks", "sector_name": "18", "secondary_type": "indian_restaurant" }, "geometry": { "type": "Point", "coordinates": [ 76.7865897, 30.7350774 ] } },
{ "type": "Feature", "properties": { "name": "Fry High Cafe", "primary_type": "Food and Drinks", "sector_name": "18", "secondary_type": "restaurant" }, "geometry": { "type": "Point", "coordinates": [ 76.7867488, 30.7347574 ] } },
{ "type": "Feature", "properties": { "name": "Sarovar Park - Sector 18", "primary_type": "Tourism", "sector_name": "18", "secondary_type": "park" }, "geometry": { "type": "Point", "coordinates": [ 76.7883463, 30.7301753 ] } },
{ "type": "Feature", "properties": { "name": "Jaat mehkma Chandigarh", "primary_type": "Food and Drinks", "sector_name": "18", "secondary_type": "bar" }, "geometry": { "type": "Point", "coordinates": [ 76.787998, 30.731677 ] } },
{ "type": "Feature", "properties": { "name": "Crazy Chandigarh Food Corner", "primary_type": "Food and Drinks", "sector_name": "18", "secondary_type": "restaurant" }, "geometry": { "type": "Point", "coordinates": [ 76.7879263, 30.7300224 ] } },
{ "type": "Feature", "properties": { "name": "SHERIFF", "primary_type": "Tourism", "sector_name": "19", "secondary_type": "park" }, "geometry": { "type": "Point", "coordinates": [ 76.7893338, 30.7304464 ] } },
{ "type": "Feature", "properties": { "name": "CHIKKU", "primary_type": "Shopping", "sector_name": "18", "secondary_type": "shopping_mall" }, "geometry": { "type": "Point", "coordinates": [ 76.7892231, 30.7316232 ] } },
{ "type": "Feature", "properties": { "name": "fashion master", "primary_type": "Shopping", "sector_name": "18", "secondary_type": "clothing_store" }, "geometry": { "type": "Point", "coordinates": [ 76.7894946, 30.730666 ] } },
{ "type": "Feature", "properties": { "name": "Shiv- The Personal Fitness Trainer | Weight loss & strength training | Trinity", "primary_type": "Sports", "sector_name": "18", "secondary_type": "fitness_center" }, "geometry": { "type": "Point", "coordinates": [ 76.7892774, 30.7316381 ] } },
{ "type": "Feature", "properties": { "name": "Dr. Maleeka Sachdev", "primary_type": "Essential Services", "sector_name": "18", "secondary_type": "doctor" }, "geometry": { "type": "Point", "coordinates": [ 76.7886102, 30.7321518 ] } },
{ "type": "Feature", "properties": { "name": "Indian Plywood Company", "primary_type": "Shopping", "sector_name": "18", "secondary_type": "store" }, "geometry": { "type": "Point", "coordinates": [ 76.7894772, 30.7313393 ] } },
{ "type": "Feature", "properties": { "name": "Ambika Namkeens House", "primary_type": "Essential Services", "sector_name": "18", "secondary_type": "grocery_store" }, "geometry": { "type": "Point", "coordinates": [ 76.7888847, 30.7320397 ] } },
{ "type": "Feature", "properties": { "name": "Advance Dermatology Clinic (Sachdev Clinic)", "primary_type": "Essential Services", "sector_name": "18", "secondary_type": "doctor" }, "geometry": { "type": "Point", "coordinates": [ 76.7887545, 30.7321189 ] } },
{ "type": "Feature", "properties": { "name": "Gulzar Heritage Home and Fashion", "primary_type": "Shopping", "sector_name": "18", "secondary_type": "home_improvement_store" }, "geometry": { "type": "Point", "coordinates": [ 76.7890475, 30.7319433 ] } },
{ "type": "Feature", "properties": { "name": "OK FASHION BOUTIQUE", "primary_type": "Shopping", "sector_name": "18", "secondary_type": "clothing_store" }, "geometry": { "type": "Point", "coordinates": [ 76.7896083, 30.7309999 ] } },
{ "type": "Feature", "properties": { "name": "Gupta Medical Store", "primary_type": "Essential Services", "sector_name": "18", "secondary_type": "pharmacy" }, "geometry": { "type": "Point", "coordinates": [ 76.7886409, 30.7322263 ] } },
{ "type": "Feature", "properties": { "name": "The Papa Ji", "primary_type": "Food and Drinks", "sector_name": "18", "secondary_type": "indian_restaurant" }, "geometry": { "type": "Point", "coordinates": [ 76.7896589, 30.730952 ] } },
{ "type": "Feature", "properties": { "name": "𝐃𝐄𝐍𝐓𝐀𝐋 𝐋𝐈𝐅𝐄𝐋𝐈𝐍𝐄 Clinic Chandigarh : Best Dentist & Dental Clinic In Chandigarh | Rct Treatment | Dental Implants Chandigarh", "primary_type": "Essential Services", "sector_name": "18", "secondary_type": "dental_clinic" }, "geometry": { "type": "Point", "coordinates": [ 76.7877502, 30.7342071 ] } },
{ "type": "Feature", "properties": { "name": "Dr. Abhishek Tayal", "primary_type": "Essential Services", "sector_name": "18", "secondary_type": "dentist" }, "geometry": { "type": "Point", "coordinates": [ 76.7877566, 30.7342442 ] } },
{ "type": "Feature", "properties": { "name": "Gupta dental center", "primary_type": "Essential Services", "sector_name": "18", "secondary_type": "dental_clinic" }, "geometry": { "type": "Point", "coordinates": [ 76.7876654, 30.7343145 ] } },
{ "type": "Feature", "properties": { "name": "Joshi Pharma", "primary_type": "Essential Services", "sector_name": "18", "secondary_type": "drugstore" }, "geometry": { "type": "Point", "coordinates": [ 76.7873518, 30.7338024 ] } },
{ "type": "Feature", "properties": { "name": "Sector 18 Electrical Market", "primary_type": "Shopping", "sector_name": "18", "secondary_type": "market" }, "geometry": { "type": "Point", "coordinates": [ 76.7872389, 30.7342041 ] } },
{ "type": "Feature", "properties": { "name": "Utkarsh Small Finance Bank (Sector 18D, Chandigarh)", "primary_type": "Essential Services", "sector_name": "18", "secondary_type": "bank" }, "geometry": { "type": "Point", "coordinates": [ 76.787187, 30.7341975 ] } },
{ "type": "Feature", "properties": { "name": "Utkarsh Small Finance Bank ATM (Sector 18D, Chandigarh)", "primary_type": "Essential Services", "sector_name": "18", "secondary_type": "atm" }, "geometry": { "type": "Point", "coordinates": [ 76.7871806, 30.7341952 ] } },
{ "type": "Feature", "properties": { "name": "Apna Tashan", "primary_type": "Food and Drinks", "sector_name": "18", "secondary_type": "fast_food_restaurant" }, "geometry": { "type": "Point", "coordinates": [ 76.7870769, 30.7342346 ] } },
{ "type": "Feature", "properties": { "name": "Krishan Chat Bhandar", "primary_type": "Food and Drinks", "sector_name": "18", "secondary_type": "indian_restaurant" }, "geometry": { "type": "Point", "coordinates": [ 76.7870595, 30.7343561 ] } },
{ "type": "Feature", "properties": { "name": "Sunil Kumar", "primary_type": "Essential Services", "sector_name": "18", "secondary_type": "post_office" }, "geometry": { "type": "Point", "coordinates": [ 76.7887264, 30.7345107 ] } },
{ "type": "Feature", "properties": { "name": "Market 18dmalipsale", "primary_type": "Shopping", "sector_name": "18", "secondary_type": "market" }, "geometry": { "type": "Point", "coordinates": [ 76.7869543, 30.734185 ] } },
{ "type": "Feature", "properties": { "name": "Deepak Medicals", "primary_type": "Essential Services", "sector_name": "18", "secondary_type": "drugstore" }, "geometry": { "type": "Point", "coordinates": [ 76.7869533, 30.7342937 ] } },
{ "type": "Feature", "properties": { "name": "National Medical Store", "primary_type": "Essential Services", "sector_name": "18", "secondary_type": "pharmacy" }, "geometry": { "type": "Point", "coordinates": [ 76.7884713, 30.7347851 ] } },
{ "type": "Feature", "properties": { "name": "Sawhney Brothers", "primary_type": "Essential Services", "sector_name": "18", "secondary_type": "doctor" }, "geometry": { "type": "Point", "coordinates": [ 76.7884713, 30.7347851 ] } },
{ "type": "Feature", "properties": { "name": "Chandigadh Nursing Home", "primary_type": "Essential Services", "sector_name": "18", "secondary_type": "doctor" }, "geometry": { "type": "Point", "coordinates": [ 76.7884713, 30.7347851 ] } },
{ "type": "Feature", "properties": { "name": "Dr J S Dargan", "primary_type": "Essential Services", "sector_name": "18", "secondary_type": "doctor" }, "geometry": { "type": "Point", "coordinates": [ 76.7884713, 30.7347851 ] } },
{ "type": "Feature", "properties": { "name": "Get Well Clinic - 2", "primary_type": "Essential Services", "sector_name": "18", "secondary_type": "hospital" }, "geometry": { "type": "Point", "coordinates": [ 76.7884713, 30.7347851 ] } },
{ "type": "Feature", "properties": { "name": "Singh Dr Harbhajan", "primary_type": "Essential Services", "sector_name": "18", "secondary_type": "doctor" }, "geometry": { "type": "Point", "coordinates": [ 76.7884713, 30.7347851 ] } },
{ "type": "Feature", "properties": { "name": "Goyal Dr J M", "primary_type": "Essential Services", "sector_name": "18", "secondary_type": "doctor" }, "geometry": { "type": "Point", "coordinates": [ 76.7884713, 30.7347851 ] } },
{ "type": "Feature", "properties": { "name": "G C Dr Bansal", "primary_type": "Essential Services", "sector_name": "18", "secondary_type": "doctor" }, "geometry": { "type": "Point", "coordinates": [ 76.7884713, 30.7347851 ] } },
{ "type": "Feature", "properties": { "name": "58", "primary_type": "Tourism", "sector_name": "18", "secondary_type": "park" }, "geometry": { "type": "Point", "coordinates": [ 76.7871191, 30.7377322 ] } },
{ "type": "Feature", "properties": { "name": "Skin Geniee", "primary_type": "Essential Services", "sector_name": "18", "secondary_type": "doctor" }, "geometry": { "type": "Point", "coordinates": [ 76.7886527, 30.7363927 ] } },
{ "type": "Feature", "properties": { "name": "Government Press Post Office", "primary_type": "Essential Services", "sector_name": "18", "secondary_type": "post_office" }, "geometry": { "type": "Point", "coordinates": [ 76.7886567, 30.736395 ] } },
{ "type": "Feature", "properties": { "name": "The Art Of Living", "primary_type": "Sports", "sector_name": "18", "secondary_type": "yoga_studio" }, "geometry": { "type": "Point", "coordinates": [ 76.7863416, 30.7374499 ] } },
{ "type": "Feature", "properties": { "name": "VERO MODA", "primary_type": "Shopping", "sector_name": "18", "secondary_type": "clothing_store" }, "geometry": { "type": "Point", "coordinates": [ 76.7863416, 30.7374499 ] } },
{ "type": "Feature", "properties": { "name": "Patch Of Grass", "primary_type": "Tourism", "sector_name": "18", "secondary_type": "park" }, "geometry": { "type": "Point", "coordinates": [ 76.7860374, 30.7370915 ] } },
{ "type": "Feature", "properties": { "name": "71, Himalaya Marg", "primary_type": "Tourism", "sector_name": "18", "secondary_type": "park" }, "geometry": { "type": "Point", "coordinates": [ 76.7896431, 30.7379925 ] } },
{ "type": "Feature", "properties": { "name": "Mehar SuJok Therapy Center", "primary_type": "Essential Services", "sector_name": "18", "secondary_type": "doctor" }, "geometry": { "type": "Point", "coordinates": [ 76.7866461, 30.7360665 ] } },
{ "type": "Feature", "properties": { "name": "वाटिका", "primary_type": "Tourism", "sector_name": "18", "secondary_type": "park" }, "geometry": { "type": "Point", "coordinates": [ 76.7895714, 30.7380339 ] } },
{ "type": "Feature", "properties": { "name": "Ayu Health Hospital", "primary_type": "Essential Services", "sector_name": "18", "secondary_type": "doctor" }, "geometry": { "type": "Point", "coordinates": [ 76.7859167, 30.737185 ] } },
{ "type": "Feature", "properties": { "name": "Dr Ruchi Rai Ahuja", "primary_type": "Essential Services", "sector_name": "18", "secondary_type": "doctor" }, "geometry": { "type": "Point", "coordinates": [ 76.7898809, 30.7368086 ] } },
{ "type": "Feature", "properties": { "name": "Dr. Alok Ahuja - Surgeon In Chandigarh", "primary_type": "Essential Services", "sector_name": "18", "secondary_type": "doctor" }, "geometry": { "type": "Point", "coordinates": [ 76.7898809, 30.7368086 ] } },
{ "type": "Feature", "properties": { "name": "R S COOK N CATTRERS", "primary_type": "Food and Drinks", "sector_name": "17", "secondary_type": "restaurant" }, "geometry": { "type": "Point", "coordinates": [ 76.7861184, 30.7382528 ] } },
{ "type": "Feature", "properties": { "name": "Jaswal Laser and Skin Clinic", "primary_type": "Shopping", "sector_name": "18", "secondary_type": "skin_care_clinic" }, "geometry": { "type": "Point", "coordinates": [ 76.789088, 30.738835 ] } },
{ "type": "Feature", "properties": { "name": "The Cafe Mocha", "primary_type": "Food and Drinks", "sector_name": "17", "secondary_type": "cafe" }, "geometry": { "type": "Point", "coordinates": [ 76.7875335, 30.7392866 ] } },
{ "type": "Feature", "properties": { "name": "Small Industries Development Bank of India", "primary_type": "Essential Services", "sector_name": "17", "secondary_type": "bank" }, "geometry": { "type": "Point", "coordinates": [ 76.7880681, 30.739334 ] } },
{ "type": "Feature", "properties": { "name": "Bobcard Limited", "primary_type": "Essential Services", "sector_name": "17", "secondary_type": "bank" }, "geometry": { "type": "Point", "coordinates": [ 76.7881108, 30.7393337 ] } },
{ "type": "Feature", "properties": { "name": "Patyala Royal Couture", "primary_type": "Shopping", "sector_name": "18", "secondary_type": "clothing_store" }, "geometry": { "type": "Point", "coordinates": [ 76.7862172, 30.7357745 ] } },
{ "type": "Feature", "properties": { "name": "Park Sector-18B", "primary_type": "Tourism", "sector_name": "18", "secondary_type": "park" }, "geometry": { "type": "Point", "coordinates": [ 76.7910291, 30.7330434 ] } },
{ "type": "Feature", "properties": { "name": "Guru Ka Langar Eye Hospital", "primary_type": "Essential Services", "sector_name": "18", "secondary_type": "hospital" }, "geometry": { "type": "Point", "coordinates": [ 76.7921382, 30.7354825 ] } },
{ "type": "Feature", "properties": { "name": "More Soul", "primary_type": "Shopping", "sector_name": "18", "secondary_type": "clothing_store" }, "geometry": { "type": "Point", "coordinates": [ 76.7929074, 30.7357043 ] } },
{ "type": "Feature", "properties": { "name": "Needlebox", "primary_type": "Shopping", "sector_name": "18", "secondary_type": "clothing_store" }, "geometry": { "type": "Point", "coordinates": [ 76.79377, 30.735118 ] } },
{ "type": "Feature", "properties": { "name": "Mera Qi", "primary_type": "Sports", "sector_name": "18", "secondary_type": "yoga_studio" }, "geometry": { "type": "Point", "coordinates": [ 76.7928008, 30.7357887 ] } },
{ "type": "Feature", "properties": { "name": "UT State Guest House - 2", "primary_type": "Tourism", "sector_name": "18", "secondary_type": "park" }, "geometry": { "type": "Point", "coordinates": [ 76.7925276, 30.7367026 ] } },
{ "type": "Feature", "properties": { "name": "Life Care Masonic Charitable Hospital", "primary_type": "Essential Services", "sector_name": "18", "secondary_type": "hospital" }, "geometry": { "type": "Point", "coordinates": [ 76.7920629, 30.7359876 ] } },
{ "type": "Feature", "properties": { "name": "Public Park-Sector 18A", "primary_type": "Tourism", "sector_name": "18", "secondary_type": "park" }, "geometry": { "type": "Point", "coordinates": [ 76.7922717, 30.7364668 ] } },
{ "type": "Feature", "properties": { "name": "Thaliwala", "primary_type": "Food and Drinks", "sector_name": "19", "secondary_type": "restaurant" }, "geometry": { "type": "Point", "coordinates": [ 76.7949281, 30.7339004 ] } },
{ "type": "Feature", "properties": { "name": "Park, Chandigarh", "primary_type": "Tourism", "sector_name": "18", "secondary_type": "park" }, "geometry": { "type": "Point", "coordinates": [ 76.792484, 30.7366321 ] } },
{ "type": "Feature", "properties": { "name": "Sangam Neuro Hospital", "primary_type": "Essential Services", "sector_name": "18", "secondary_type": "hospital" }, "geometry": { "type": "Point", "coordinates": [ 76.7898141, 30.7317226 ] } },
{ "type": "Feature", "properties": { "name": "Dr Vijita Mehta", "primary_type": "Essential Services", "sector_name": "18", "secondary_type": "dentist" }, "geometry": { "type": "Point", "coordinates": [ 76.789885, 30.731655 ] } },
{ "type": "Feature", "properties": { "name": "Sector 19A Park", "primary_type": "Tourism", "sector_name": "19", "secondary_type": "park" }, "geometry": { "type": "Point", "coordinates": [ 76.7950522, 30.7324406 ] } },
{ "type": "Feature", "properties": { "name": "Ritu Kumar", "primary_type": "Shopping", "sector_name": "18", "secondary_type": "clothing_store" }, "geometry": { "type": "Point", "coordinates": [ 76.7925325, 30.7383268 ] } },
{ "type": "Feature", "properties": { "name": "Anand marg", "primary_type": "Tourism", "sector_name": "18", "secondary_type": "tourist_attraction" }, "geometry": { "type": "Point", "coordinates": [ 76.792957, 30.7381477 ] } },
{ "type": "Feature", "properties": { "name": "Prakriti Brain Nerve centre", "primary_type": "Essential Services", "sector_name": "18", "secondary_type": "doctor" }, "geometry": { "type": "Point", "coordinates": [ 76.7934951, 30.7375403 ] } },
{ "type": "Feature", "properties": { "name": "Allahabad Bank", "primary_type": "Essential Services", "sector_name": "8", "secondary_type": "bank" }, "geometry": { "type": "Point", "coordinates": [ 76.7938411, 30.7380501 ] } },
{ "type": "Feature", "properties": { "name": "Craaazy Cafe & Juice Bar", "primary_type": "Food and Drinks", "sector_name": "8", "secondary_type": "cafe" }, "geometry": { "type": "Point", "coordinates": [ 76.7934425, 30.7385592 ] } },
{ "type": "Feature", "properties": { "name": "HearClear Chandigarh - Hearing Diagnostic & Hearing Aids Clinic", "primary_type": "Essential Services", "sector_name": "7", "secondary_type": "doctor" }, "geometry": { "type": "Point", "coordinates": [ 76.8007301, 30.7325211 ] } },
{ "type": "Feature", "properties": { "name": "PHYSIO AT HOME", "primary_type": "Essential Services", "sector_name": "7", "secondary_type": "physiotherapist" }, "geometry": { "type": "Point", "coordinates": [ 76.8007096, 30.7325757 ] } },
{ "type": "Feature", "properties": { "name": "Dr. Surinder", "primary_type": "Essential Services", "sector_name": "7", "secondary_type": "doctor" }, "geometry": { "type": "Point", "coordinates": [ 76.8007096, 30.7325757 ] } },
{ "type": "Feature", "properties": { "name": "Nihari नवाबों के शहर से...", "primary_type": "Food and Drinks", "sector_name": "7", "secondary_type": "indian_restaurant" }, "geometry": { "type": "Point", "coordinates": [ 76.8007096, 30.7325757 ] } },
{ "type": "Feature", "properties": { "name": "Latawa Medicos", "primary_type": "Essential Services", "sector_name": "7", "secondary_type": "pharmacy" }, "geometry": { "type": "Point", "coordinates": [ 76.8007068, 30.7325835 ] } },
{ "type": "Feature", "properties": { "name": "Kajaria Display Centre -Ceramic division", "primary_type": "Shopping", "sector_name": "7", "secondary_type": "shopping_mall" }, "geometry": { "type": "Point", "coordinates": [ 76.7995345, 30.7315185 ] } },
{ "type": "Feature", "properties": { "name": "Kidar Nath & Co.", "primary_type": "Shopping", "sector_name": "7", "secondary_type": "clothing_store" }, "geometry": { "type": "Point", "coordinates": [ 76.7995236, 30.7315164 ] } },
{ "type": "Feature", "properties": { "name": "BEIGE CAFE & BAKERY", "primary_type": "Food and Drinks", "sector_name": "7", "secondary_type": "coffee_shop" }, "geometry": { "type": "Point", "coordinates": [ 76.799228, 30.7325501 ] } },
{ "type": "Feature", "properties": { "name": "Luxmi Marble & Tiles Co", "primary_type": "Shopping", "sector_name": "7", "secondary_type": "store" }, "geometry": { "type": "Point", "coordinates": [ 76.7997009, 30.731394 ] } },
{ "type": "Feature", "properties": { "name": "NEENU SEKHON", "primary_type": "Shopping", "sector_name": "7", "secondary_type": "clothing_store" }, "geometry": { "type": "Point", "coordinates": [ 76.799702, 30.7313797 ] } },
{ "type": "Feature", "properties": { "name": "Dryp", "primary_type": "Food and Drinks", "sector_name": "7", "secondary_type": "indian_restaurant" }, "geometry": { "type": "Point", "coordinates": [ 76.7999197, 30.7311737 ] } },
{ "type": "Feature", "properties": { "name": "Love", "primary_type": "Food and Drinks", "sector_name": "7", "secondary_type": "coffee_shop" }, "geometry": { "type": "Point", "coordinates": [ 76.800807, 30.731327 ] } },
{ "type": "Feature", "properties": { "name": "1599", "primary_type": "Tourism", "sector_name": "7", "secondary_type": "park" }, "geometry": { "type": "Point", "coordinates": [ 76.8008203, 30.7347352 ] } },
{ "type": "Feature", "properties": { "name": "Park, 7C Chandigarh", "primary_type": "Tourism", "sector_name": "7", "secondary_type": "park" }, "geometry": { "type": "Point", "coordinates": [ 76.8008421, 30.7348152 ] } },
{ "type": "Feature", "properties": { "name": "Dr. Surinder Gambhir| Best gynecologist Chandigarh | pregnancy and oral health Doctor Chandigarh", "primary_type": "Essential Services", "sector_name": "7", "secondary_type": "doctor" }, "geometry": { "type": "Point", "coordinates": [ 76.7998898, 30.7361901 ] } },
{ "type": "Feature", "properties": { "name": "Plumtin", "primary_type": "Shopping", "sector_name": "7", "secondary_type": "clothing_store" }, "geometry": { "type": "Point", "coordinates": [ 76.8007272, 30.7360716 ] } },
{ "type": "Feature", "properties": { "name": "VIJAY FRESH VEGGIES AND FRUITS", "primary_type": "Essential Services", "sector_name": "7", "secondary_type": "grocery_store" }, "geometry": { "type": "Point", "coordinates": [ 76.8011542, 30.7356378 ] } },
{ "type": "Feature", "properties": { "name": "CFC KITCHEN", "primary_type": "Food and Drinks", "sector_name": "7", "secondary_type": "restaurant" }, "geometry": { "type": "Point", "coordinates": [ 76.8005514, 30.7362061 ] } },
{ "type": "Feature", "properties": { "name": "Metro Sports The Fitness Store", "primary_type": "Shopping", "sector_name": "7", "secondary_type": "wholesaler" }, "geometry": { "type": "Point", "coordinates": [ 76.8007864, 30.7360989 ] } },
{ "type": "Feature", "properties": { "name": "New Modern Book Shop", "primary_type": "Shopping", "sector_name": "7", "secondary_type": "book_store" }, "geometry": { "type": "Point", "coordinates": [ 76.800848, 30.7360622 ] } },
{ "type": "Feature", "properties": { "name": "Angêl's closet", "primary_type": "Shopping", "sector_name": "7", "secondary_type": "clothing_store" }, "geometry": { "type": "Point", "coordinates": [ 76.8007084, 30.7361533 ] } },
{ "type": "Feature", "properties": { "name": "Clove Dental Clinic", "primary_type": "Essential Services", "sector_name": "7", "secondary_type": "dentist" }, "geometry": { "type": "Point", "coordinates": [ 76.8011857, 30.7357113 ] } },
{ "type": "Feature", "properties": { "name": "KIWI Kisan Window - Organic Grocery Store", "primary_type": "Essential Services", "sector_name": "7", "secondary_type": "grocery_store" }, "geometry": { "type": "Point", "coordinates": [ 76.8006964, 30.7362058 ] } },
{ "type": "Feature", "properties": { "name": "The Hedgehog Cafe", "primary_type": "Food and Drinks", "sector_name": "7", "secondary_type": "cafe" }, "geometry": { "type": "Point", "coordinates": [ 76.8008199, 30.7361371 ] } },
{ "type": "Feature", "properties": { "name": "Skull and Bones", "primary_type": "Food and Drinks", "sector_name": "7", "secondary_type": "bar" }, "geometry": { "type": "Point", "coordinates": [ 76.8013017, 30.7354124 ] } },
{ "type": "Feature", "properties": { "name": "Chawlas2 - SECTOR 7", "primary_type": "Food and Drinks", "sector_name": "7", "secondary_type": "indian_restaurant" }, "geometry": { "type": "Point", "coordinates": [ 76.8012955, 30.7354825 ] } },
{ "type": "Feature", "properties": { "name": "Anand chaat bhandaar", "primary_type": "Food and Drinks", "sector_name": "7", "secondary_type": "restaurant" }, "geometry": { "type": "Point", "coordinates": [ 76.8013, 30.7354683 ] } },
{ "type": "Feature", "properties": { "name": "New Booth Complex", "primary_type": "Shopping", "sector_name": "7", "secondary_type": "shopping_mall" }, "geometry": { "type": "Point", "coordinates": [ 76.8005048, 30.7363342 ] } },
{ "type": "Feature", "properties": { "name": "Cyclist cafe", "primary_type": "Food and Drinks", "sector_name": "7", "secondary_type": "cafe" }, "geometry": { "type": "Point", "coordinates": [ 76.8039467, 30.7322092 ] } },
{ "type": "Feature", "properties": { "name": "Caffe Sicily", "primary_type": "Food and Drinks", "sector_name": "7", "secondary_type": "pizza_restaurant" }, "geometry": { "type": "Point", "coordinates": [ 76.8038616, 30.7321577 ] } },
{ "type": "Feature", "properties": { "name": "Rejuvenation Clinic- Best Cosmetologist in Chandigarh | Best anti aging skin treatments | Spa", "primary_type": "Shopping", "sector_name": "7", "secondary_type": "skin_care_clinic" }, "geometry": { "type": "Point", "coordinates": [ 76.8037261, 30.732239 ] } },
{ "type": "Feature", "properties": { "name": "Kanel Pizzeria - Pizza | Sourdough Sandwiches | Pasta | Smoothies", "primary_type": "Food and Drinks", "sector_name": "7", "secondary_type": "restaurant" }, "geometry": { "type": "Point", "coordinates": [ 76.803686, 30.732251 ] } },
{ "type": "Feature", "properties": { "name": "ADS by Damini Anand (Anand Design Studio)", "primary_type": "Shopping", "sector_name": "7", "secondary_type": "clothing_store" }, "geometry": { "type": "Point", "coordinates": [ 76.8036788, 30.7323155 ] } },
{ "type": "Feature", "properties": { "name": "Kanel Scandinavian Bakery - Desserts | Specialty Coffee | Sourdough", "primary_type": "Food and Drinks", "sector_name": "7", "secondary_type": "bakery" }, "geometry": { "type": "Point", "coordinates": [ 76.8036262, 30.7323921 ] } },
{ "type": "Feature", "properties": { "name": "The Nawab Clothing & Co", "primary_type": "Shopping", "sector_name": "7", "secondary_type": "clothing_store" }, "geometry": { "type": "Point", "coordinates": [ 76.8036224, 30.7323909 ] } },
{ "type": "Feature", "properties": { "name": "Odaari", "primary_type": "Shopping", "sector_name": "7", "secondary_type": "clothing_store" }, "geometry": { "type": "Point", "coordinates": [ 76.8035326, 30.7324951 ] } },
{ "type": "Feature", "properties": { "name": "Tatami Chandigarh", "primary_type": "Food and Drinks", "sector_name": "7", "secondary_type": "japanese_restaurant" }, "geometry": { "type": "Point", "coordinates": [ 76.8035008, 30.7325443 ] } },
{ "type": "Feature", "properties": { "name": "Dum Noorani", "primary_type": "Food and Drinks", "sector_name": "7", "secondary_type": "indian_restaurant" }, "geometry": { "type": "Point", "coordinates": [ 76.8034924, 30.7325403 ] } },
{ "type": "Feature", "properties": { "name": "The Daak Kitchen", "primary_type": "Food and Drinks", "sector_name": "7", "secondary_type": "indian_restaurant" }, "geometry": { "type": "Point", "coordinates": [ 76.8035483, 30.7326384 ] } },
{ "type": "Feature", "properties": { "name": "Rosette Couture", "primary_type": "Shopping", "sector_name": "7", "secondary_type": "clothing_store" }, "geometry": { "type": "Point", "coordinates": [ 76.8034694, 30.7325767 ] } },
{ "type": "Feature", "properties": { "name": "Dr. Harmandeep Sidhu", "primary_type": "Essential Services", "sector_name": "7", "secondary_type": "doctor" }, "geometry": { "type": "Point", "coordinates": [ 76.8036416, 30.7327429 ] } },
{ "type": "Feature", "properties": { "name": "So Delhi Khari Baoli", "primary_type": "Food and Drinks", "sector_name": "7", "secondary_type": "indian_restaurant" }, "geometry": { "type": "Point", "coordinates": [ 76.8033144, 30.7327409 ] } },
{ "type": "Feature", "properties": { "name": "Batter Bar", "primary_type": "Food and Drinks", "sector_name": "7", "secondary_type": "bakery" }, "geometry": { "type": "Point", "coordinates": [ 76.8033203, 30.7328672 ] } },
{ "type": "Feature", "properties": { "name": "Kotak Mahindra Bank", "primary_type": "Essential Services", "sector_name": "7", "secondary_type": "bank" }, "geometry": { "type": "Point", "coordinates": [ 76.8032977, 30.7328743 ] } },
{ "type": "Feature", "properties": { "name": "Romeela Chemists", "primary_type": "Essential Services", "sector_name": "7", "secondary_type": "drugstore" }, "geometry": { "type": "Point", "coordinates": [ 76.8032738, 30.7328838 ] } },
{ "type": "Feature", "properties": { "name": "SCOLA CAFE", "primary_type": "Food and Drinks", "sector_name": "7", "secondary_type": "cafe" }, "geometry": { "type": "Point", "coordinates": [ 76.803271, 30.7329264 ] } },
{ "type": "Feature", "properties": { "name": "Cafe Nomad", "primary_type": "Food and Drinks", "sector_name": "7", "secondary_type": "cafe" }, "geometry": { "type": "Point", "coordinates": [ 76.8032274, 30.7329261 ] } },
{ "type": "Feature", "properties": { "name": "Ajay Medical Store", "primary_type": "Essential Services", "sector_name": "7", "secondary_type": "pharmacy" }, "geometry": { "type": "Point", "coordinates": [ 76.8043355, 30.7350091 ] } },
{ "type": "Feature", "properties": { "name": "Nishu Medicine", "primary_type": "Essential Services", "sector_name": "7", "secondary_type": "pharmacy" }, "geometry": { "type": "Point", "coordinates": [ 76.8043355, 30.7350091 ] } },
{ "type": "Feature", "properties": { "name": "Triveni Park", "primary_type": "Tourism", "sector_name": "7", "secondary_type": "park" }, "geometry": { "type": "Point", "coordinates": [ 76.8044533, 30.7359333 ] } },
{ "type": "Feature", "properties": { "name": "CRB Park", "primary_type": "Tourism", "sector_name": "7", "secondary_type": "park" }, "geometry": { "type": "Point", "coordinates": [ 76.803889, 30.7363165 ] } },
{ "type": "Feature", "properties": { "name": "PLAYGROUND", "primary_type": "Sports", "sector_name": "7", "secondary_type": "playground" }, "geometry": { "type": "Point", "coordinates": [ 76.8039749, 30.7339137 ] } },
{ "type": "Feature", "properties": { "name": "Multipurpose Hall", "primary_type": "Sports", "sector_name": "7", "secondary_type": "sports_complex" }, "geometry": { "type": "Point", "coordinates": [ 76.8054612, 30.7345481 ] } },
{ "type": "Feature", "properties": { "name": "SBI NRI Branch Chandigarh", "primary_type": "Essential Services", "sector_name": "7", "secondary_type": "bank" }, "geometry": { "type": "Point", "coordinates": [ 76.8036814, 30.7367242 ] } },
{ "type": "Feature", "properties": { "name": "SATNAM FAST FOOD", "primary_type": "Food and Drinks", "sector_name": "7", "secondary_type": "restaurant" }, "geometry": { "type": "Point", "coordinates": [ 76.8026776, 30.7363633 ] } },
{ "type": "Feature", "properties": { "name": "Tea Stall", "primary_type": "Food and Drinks", "sector_name": "7", "secondary_type": "coffee_shop" }, "geometry": { "type": "Point", "coordinates": [ 76.8024865, 30.7343599 ] } },
{ "type": "Feature", "properties": { "name": "Work", "primary_type": "Food and Drinks", "sector_name": "7", "secondary_type": "bar" }, "geometry": { "type": "Point", "coordinates": [ 76.802725, 30.734005 ] } },
{ "type": "Feature", "properties": { "name": "Apollo Pharmacy Panchkula Sector 12", "primary_type": "Essential Services", "sector_name": "7", "secondary_type": "pharmacy" }, "geometry": { "type": "Point", "coordinates": [ 76.8021039, 30.7348158 ] } },
{ "type": "Feature", "properties": { "name": "PARIS PHARMACY CHEMIST", "primary_type": "Essential Services", "sector_name": "7", "secondary_type": "pharmacy" }, "geometry": { "type": "Point", "coordinates": [ 76.8021288, 30.7347458 ] } },
{ "type": "Feature", "properties": { "name": "Apollo Pharmacy Chandigarh Sector 7C", "primary_type": "Essential Services", "sector_name": "7", "secondary_type": "pharmacy" }, "geometry": { "type": "Point", "coordinates": [ 76.8020988, 30.7347957 ] } },
{ "type": "Feature", "properties": { "name": "Eating Hub", "primary_type": "Food and Drinks", "sector_name": "7", "secondary_type": "restaurant" }, "geometry": { "type": "Point", "coordinates": [ 76.8024517, 30.7341182 ] } },
{ "type": "Feature", "properties": { "name": "Shobha Juice Bar", "primary_type": "Food and Drinks", "sector_name": "7", "secondary_type": "indian_restaurant" }, "geometry": { "type": "Point", "coordinates": [ 76.8024504, 30.7341155 ] } },
{ "type": "Feature", "properties": { "name": "Sadhikashala", "primary_type": "Sports", "sector_name": "8", "secondary_type": "yoga_studio" }, "geometry": { "type": "Point", "coordinates": [ 76.8024115, 30.7391441 ] } },
{ "type": "Feature", "properties": { "name": "Practice park", "primary_type": "Tourism", "sector_name": "8", "secondary_type": "park" }, "geometry": { "type": "Point", "coordinates": [ 76.8020651, 30.7387702 ] } },
{ "type": "Feature", "properties": { "name": "Kids Park", "primary_type": "Tourism", "sector_name": "8", "secondary_type": "park" }, "geometry": { "type": "Point", "coordinates": [ 76.8022293, 30.7393503 ] } },
{ "type": "Feature", "properties": { "name": "swami vivekananda institute of success", "primary_type": "Shopping", "sector_name": "7", "secondary_type": "shopping_mall" }, "geometry": { "type": "Point", "coordinates": [ 76.802654, 30.7367612 ] } },
{ "type": "Feature", "properties": { "name": "Samar Dhaba & Juice Bar", "primary_type": "Food and Drinks", "sector_name": "7", "secondary_type": "restaurant" }, "geometry": { "type": "Point", "coordinates": [ 76.802654, 30.7367612 ] } },
{ "type": "Feature", "properties": { "name": "PRR3+C9H", "primary_type": "Tourism", "sector_name": "8", "secondary_type": "park" }, "geometry": { "type": "Point", "coordinates": [ 76.8035693, 30.7410594 ] } },
{ "type": "Feature", "properties": { "name": "Fidaa Park", "primary_type": "Tourism", "sector_name": "8", "secondary_type": "park" }, "geometry": { "type": "Point", "coordinates": [ 76.8034827, 30.7410686 ] } },
{ "type": "Feature", "properties": { "name": "Mini Sports Complex Sector 8", "primary_type": "Sports", "sector_name": "8", "secondary_type": "sports_complex" }, "geometry": { "type": "Point", "coordinates": [ 76.8008793, 30.7394788 ] } },
{ "type": "Feature", "properties": { "name": "Dr. Vinita Arora Gynecologist", "primary_type": "Essential Services", "sector_name": "8", "secondary_type": "doctor" }, "geometry": { "type": "Point", "coordinates": [ 76.8005832, 30.7383144 ] } },
{ "type": "Feature", "properties": { "name": "PRP5+P33", "primary_type": "Tourism", "sector_name": "7", "secondary_type": "park" }, "geometry": { "type": "Point", "coordinates": [ 76.8076605, 30.736769 ] } },
{ "type": "Feature", "properties": { "name": "Ram Sajan", "primary_type": "Shopping", "sector_name": "7", "secondary_type": "clothing_store" }, "geometry": { "type": "Point", "coordinates": [ 76.8019223, 30.735525 ] } },
{ "type": "Feature", "properties": { "name": "Park, 7A Chandigarh", "primary_type": "Tourism", "sector_name": "7", "secondary_type": "park" }, "geometry": { "type": "Point", "coordinates": [ 76.8080304, 30.7357233 ] } },
{ "type": "Feature", "properties": { "name": "KARAN GAUR", "primary_type": "Food and Drinks", "sector_name": "7", "secondary_type": "bar" }, "geometry": { "type": "Point", "coordinates": [ 76.8082682, 30.7364704 ] } },
{ "type": "Feature", "properties": { "name": "Daljeet ladies suit tailor", "primary_type": "Shopping", "sector_name": "7", "secondary_type": "clothing_store" }, "geometry": { "type": "Point", "coordinates": [ 76.8085491, 30.7366557 ] } },
{ "type": "Feature", "properties": { "name": "Moon Park", "primary_type": "Tourism", "sector_name": "7", "secondary_type": "park" }, "geometry": { "type": "Point", "coordinates": [ 76.8076605, 30.736769 ] } },
{ "type": "Feature", "properties": { "name": "Dr Sushma Garg BHMS", "primary_type": "Essential Services", "sector_name": "7", "secondary_type": "doctor" }, "geometry": { "type": "Point", "coordinates": [ 76.8099071, 30.7357049 ] } },
{ "type": "Feature", "properties": { "name": "CHANDIGARH HOUSE", "primary_type": "Tourism", "sector_name": "7", "secondary_type": "historical_landmark" }, "geometry": { "type": "Point", "coordinates": [ 76.8092213, 30.737261 ] } },
{ "type": "Feature", "properties": { "name": "Sub Post Office. Raj Bhawan", "primary_type": "Essential Services", "sector_name": "7", "secondary_type": "post_office" }, "geometry": { "type": "Point", "coordinates": [ 76.808281, 30.7380613 ] } },
{ "type": "Feature", "properties": { "name": "SBI", "primary_type": "Essential Services", "sector_name": "7", "secondary_type": "atm" }, "geometry": { "type": "Point", "coordinates": [ 76.8087319, 30.7389911 ] } },
{ "type": "Feature", "properties": { "name": "GOPAL KARYANA STORE", "primary_type": "Essential Services", "sector_name": "56", "secondary_type": "grocery_store" }, "geometry": { "type": "Point", "coordinates": [ 76.7175984, 30.7353968 ] } },
{ "type": "Feature", "properties": { "name": "Rural Health Hospital", "primary_type": "Essential Services", "sector_name": "56", "secondary_type": "hospital" }, "geometry": { "type": "Point", "coordinates": [ 76.7178163, 30.734885 ] } },
{ "type": "Feature", "properties": { "name": "Rural Health Training Centre /RHTC", "primary_type": "Essential Services", "sector_name": "56", "secondary_type": "hospital" }, "geometry": { "type": "Point", "coordinates": [ 76.7178823, 30.7347671 ] } },
{ "type": "Feature", "properties": { "name": "Ramveer Gachak Store", "primary_type": "Food and Drinks", "sector_name": "56", "secondary_type": "fast_food_restaurant" }, "geometry": { "type": "Point", "coordinates": [ 76.7178489, 30.7346465 ] } },
{ "type": "Feature", "properties": { "name": "Shiva Fry chicken corner", "primary_type": "Food and Drinks", "sector_name": "56", "secondary_type": "restaurant" }, "geometry": { "type": "Point", "coordinates": [ 76.7177673, 30.7342248 ] } },
{ "type": "Feature", "properties": { "name": "Ritika Clothes", "primary_type": "Shopping", "sector_name": "56", "secondary_type": "clothing_store" }, "geometry": { "type": "Point", "coordinates": [ 76.7175982, 30.7378742 ] } },
{ "type": "Feature", "properties": { "name": "Dhawan Cloth House", "primary_type": "Shopping", "sector_name": "56", "secondary_type": "clothing_store" }, "geometry": { "type": "Point", "coordinates": [ 76.7174582, 30.7377465 ] } },
{ "type": "Feature", "properties": { "name": "Shivam Beauty Parlour and Cosmetic Store.", "primary_type": "Shopping", "sector_name": "56", "secondary_type": "beauty_salon" }, "geometry": { "type": "Point", "coordinates": [ 76.7174504, 30.7377447 ] } },
{ "type": "Feature", "properties": { "name": "Ranjan Garments", "primary_type": "Shopping", "sector_name": "56", "secondary_type": "clothing_store" }, "geometry": { "type": "Point", "coordinates": [ 76.7178929, 30.7380332 ] } },
{ "type": "Feature", "properties": { "name": "Atm", "primary_type": "Essential Services", "sector_name": "56", "secondary_type": "atm" }, "geometry": { "type": "Point", "coordinates": [ 76.7177254, 30.7381823 ] } },
{ "type": "Feature", "properties": { "name": "Fashion hut", "primary_type": "Shopping", "sector_name": "56", "secondary_type": "clothing_store" }, "geometry": { "type": "Point", "coordinates": [ 76.7180285, 30.7381365 ] } },
{ "type": "Feature", "properties": { "name": "Food Mania", "primary_type": "Food and Drinks", "sector_name": "56", "secondary_type": "restaurant" }, "geometry": { "type": "Point", "coordinates": [ 76.7180891, 30.7381729 ] } },
{ "type": "Feature", "properties": { "name": "Fashion Feet", "primary_type": "Shopping", "sector_name": "56", "secondary_type": "clothing_store" }, "geometry": { "type": "Point", "coordinates": [ 76.7180945, 30.7382033 ] } },
{ "type": "Feature", "properties": { "name": "Pushpa Boutique", "primary_type": "Shopping", "sector_name": "56", "secondary_type": "clothing_store" }, "geometry": { "type": "Point", "coordinates": [ 76.717014, 30.7377738 ] } },
{ "type": "Feature", "properties": { "name": "Govt Model High School Playground", "primary_type": "Sports", "sector_name": "56", "secondary_type": "playground" }, "geometry": { "type": "Point", "coordinates": [ 76.716877, 30.7370807 ] } },
{ "type": "Feature", "properties": { "name": "Mahajan Brothers", "primary_type": "Shopping", "sector_name": "56", "secondary_type": "book_store" }, "geometry": { "type": "Point", "coordinates": [ 76.7183189, 30.737494 ] } },
{ "type": "Feature", "properties": { "name": "Muneer Cloth House", "primary_type": "Shopping", "sector_name": "56", "secondary_type": "clothing_store" }, "geometry": { "type": "Point", "coordinates": [ 76.7167626, 30.7376139 ] } },
{ "type": "Feature", "properties": { "name": "Bismillah zayka Biryani", "primary_type": "Food and Drinks", "sector_name": "56", "secondary_type": "restaurant" }, "geometry": { "type": "Point", "coordinates": [ 76.7167672, 30.7375564 ] } },
{ "type": "Feature", "properties": { "name": "Mandeep Kiryana Store", "primary_type": "Essential Services", "sector_name": "56", "secondary_type": "grocery_store" }, "geometry": { "type": "Point", "coordinates": [ 76.7185392, 30.7374906 ] } },
{ "type": "Feature", "properties": { "name": "Sachin Karyana", "primary_type": "Essential Services", "sector_name": "56", "secondary_type": "grocery_store" }, "geometry": { "type": "Point", "coordinates": [ 76.71757, 30.7388781 ] } },
{ "type": "Feature", "properties": { "name": "Chawla cloth House", "primary_type": "Shopping", "sector_name": "56", "secondary_type": "clothing_store" }, "geometry": { "type": "Point", "coordinates": [ 76.718632, 30.7384998 ] } },
{ "type": "Feature", "properties": { "name": "Ram Leela Ground", "primary_type": "Tourism", "sector_name": "56", "secondary_type": "park" }, "geometry": { "type": "Point", "coordinates": [ 76.7164165, 30.7382708 ] } },
{ "type": "Feature", "properties": { "name": "AINA NOOR BOUTIQUE", "primary_type": "Shopping", "sector_name": "56", "secondary_type": "clothing_store" }, "geometry": { "type": "Point", "coordinates": [ 76.7188179, 30.7383049 ] } },
{ "type": "Feature", "properties": { "name": "PLEASING PIZZA", "primary_type": "Food and Drinks", "sector_name": "56", "secondary_type": "pizza_restaurant" }, "geometry": { "type": "Point", "coordinates": [ 76.7202323, 30.7353778 ] } },
{ "type": "Feature", "properties": { "name": "SHE GALLERY", "primary_type": "Shopping", "sector_name": "56", "secondary_type": "clothing_store" }, "geometry": { "type": "Point", "coordinates": [ 76.7202488, 30.7355038 ] } },
{ "type": "Feature", "properties": { "name": "Jai Kali Maa Communication", "primary_type": "Shopping", "sector_name": "56", "secondary_type": "book_store" }, "geometry": { "type": "Point", "coordinates": [ 76.719704, 30.735315 ] } },
{ "type": "Feature", "properties": { "name": "Park - 14", "primary_type": "Tourism", "sector_name": "56", "secondary_type": "park" }, "geometry": { "type": "Point", "coordinates": [ 76.7206386, 30.7359921 ] } },
{ "type": "Feature", "properties": { "name": "Kashyap", "primary_type": "Food and Drinks", "sector_name": "56", "secondary_type": "fast_food_restaurant" }, "geometry": { "type": "Point", "coordinates": [ 76.7200317, 30.7359072 ] } },
{ "type": "Feature", "properties": { "name": "New Curly Top Ladies & Gents", "primary_type": "Shopping", "sector_name": "56", "secondary_type": "clothing_store" }, "geometry": { "type": "Point", "coordinates": [ 76.7196134, 30.7355373 ] } },
{ "type": "Feature", "properties": { "name": "Nevin park", "primary_type": "Tourism", "sector_name": "56", "secondary_type": "park" }, "geometry": { "type": "Point", "coordinates": [ 76.7201217, 30.734291 ] } },
{ "type": "Feature", "properties": { "name": "HACKING KARO STORE", "primary_type": "Tourism", "sector_name": "56", "secondary_type": "zoo" }, "geometry": { "type": "Point", "coordinates": [ 76.7191732, 30.7348991 ] } },
{ "type": "Feature", "properties": { "name": "GAMER PARK", "primary_type": "Tourism", "sector_name": "56", "secondary_type": "park" }, "geometry": { "type": "Point", "coordinates": [ 76.7191758, 30.7348677 ] } },
{ "type": "Feature", "properties": { "name": "School ground", "primary_type": "Sports", "sector_name": "56", "secondary_type": "playground" }, "geometry": { "type": "Point", "coordinates": [ 76.7216177, 30.7375259 ] } },
{ "type": "Feature", "properties": { "name": "Park - 6", "primary_type": "Tourism", "sector_name": "56", "secondary_type": "park" }, "geometry": { "type": "Point", "coordinates": [ 76.7195654, 30.7381045 ] } },
{ "type": "Feature", "properties": { "name": "Avtar singh", "primary_type": "Sports", "sector_name": "56", "secondary_type": "playground" }, "geometry": { "type": "Point", "coordinates": [ 76.7188784, 30.7368636 ] } },
{ "type": "Feature", "properties": { "name": "Guru Nanak Karyana Store", "primary_type": "Essential Services", "sector_name": "56", "secondary_type": "grocery_store" }, "geometry": { "type": "Point", "coordinates": [ 76.7187828, 30.7369808 ] } },
{ "type": "Feature", "properties": { "name": "Garden' N Green", "primary_type": "Tourism", "sector_name": "56", "secondary_type": "park" }, "geometry": { "type": "Point", "coordinates": [ 76.7192553, 30.7397871 ] } },
{ "type": "Feature", "properties": { "name": "S.P.A.R_Cricket ground", "primary_type": "Sports", "sector_name": "56", "secondary_type": "playground" }, "geometry": { "type": "Point", "coordinates": [ 76.7187048, 30.7400246 ] } },
{ "type": "Feature", "properties": { "name": "Harsh Karyana Store", "primary_type": "Essential Services", "sector_name": "56", "secondary_type": "grocery_store" }, "geometry": { "type": "Point", "coordinates": [ 76.7181059, 30.7401067 ] } },
{ "type": "Feature", "properties": { "name": "56 Park Chandigarh", "primary_type": "Tourism", "sector_name": "56", "secondary_type": "park" }, "geometry": { "type": "Point", "coordinates": [ 76.7225836, 30.7389869 ] } },
{ "type": "Feature", "properties": { "name": "learner", "primary_type": "Shopping", "sector_name": "56", "secondary_type": "market" }, "geometry": { "type": "Point", "coordinates": [ 76.7178631, 30.7405027 ] } },
{ "type": "Feature", "properties": { "name": "Mani creations boutique", "primary_type": "Shopping", "sector_name": "56", "secondary_type": "clothing_store" }, "geometry": { "type": "Point", "coordinates": [ 76.7177729, 30.740023 ] } },
{ "type": "Feature", "properties": { "name": "Param Medicos", "primary_type": "Essential Services", "sector_name": "56", "secondary_type": "pharmacy" }, "geometry": { "type": "Point", "coordinates": [ 76.718515, 30.738771 ] } },
{ "type": "Feature", "properties": { "name": "Rana Taxi Stand", "primary_type": "Public Transport", "sector_name": "56", "secondary_type": "taxi_stand" }, "geometry": { "type": "Point", "coordinates": [ 76.7244245, 30.7391908 ] } },
{ "type": "Feature", "properties": { "name": "Green Belt - Sector 39C", "primary_type": "Tourism", "sector_name": "39", "secondary_type": "park" }, "geometry": { "type": "Point", "coordinates": [ 76.7263279, 30.7391157 ] } },
{ "type": "Feature", "properties": { "name": "Sector 56 Park", "primary_type": "Tourism", "sector_name": "39", "secondary_type": "park" }, "geometry": { "type": "Point", "coordinates": [ 76.7242502, 30.7409972 ] } },
{ "type": "Feature", "properties": { "name": "Dr Navpreet Aulakh ortho MBBS, MS ! Trauma and Knee replacement surgeon in Tricity", "primary_type": "Essential Services", "sector_name": "39", "secondary_type": "doctor" }, "geometry": { "type": "Point", "coordinates": [ 76.7255823, 30.7428573 ] } },
{ "type": "Feature", "properties": { "name": "Jaswal Clinic", "primary_type": "Essential Services", "sector_name": "39", "secondary_type": "doctor" }, "geometry": { "type": "Point", "coordinates": [ 76.7254452, 30.7429946 ] } },
{ "type": "Feature", "properties": { "name": "Park 39", "primary_type": "Tourism", "sector_name": "39", "secondary_type": "park" }, "geometry": { "type": "Point", "coordinates": [ 76.7254452, 30.7429946 ] } },
{ "type": "Feature", "properties": { "name": "Raj provision store", "primary_type": "Essential Services", "sector_name": "39", "secondary_type": "grocery_store" }, "geometry": { "type": "Point", "coordinates": [ 76.7255098, 30.7431312 ] } },
{ "type": "Feature", "properties": { "name": "Photoshoot place", "primary_type": "Tourism", "sector_name": "6", "secondary_type": "park" }, "geometry": { "type": "Point", "coordinates": [ 76.8120262, 30.7418674 ] } },
{ "type": "Feature", "properties": { "name": "Pristyn Care - Gynae", "primary_type": "Essential Services", "sector_name": "6", "secondary_type": "hospital" }, "geometry": { "type": "Point", "coordinates": [ 76.8120527, 30.7418747 ] } },
{ "type": "Feature", "properties": { "name": "Dr Swati Narang | Best Dentist in Chandigarh | Root Canal Specialist in Chandigarh | Best Dental Clinic in Chandigarh", "primary_type": "Essential Services", "sector_name": "6", "secondary_type": "dental_clinic" }, "geometry": { "type": "Point", "coordinates": [ 76.8120527, 30.7418747 ] } },
{ "type": "Feature", "properties": { "name": "Dr. Bithika Saha - Piles | Fissure | Fistula | Circumcision | Hydrocele | Varicose Veins | Hernia | Balanitis | Gallstones", "primary_type": "Essential Services", "sector_name": "6", "secondary_type": "doctor" }, "geometry": { "type": "Point", "coordinates": [ 76.8120527, 30.7418747 ] } },
{ "type": "Feature", "properties": { "name": "Sukhna stairs", "primary_type": "Tourism", "sector_name": "6", "secondary_type": "tourist_attraction" }, "geometry": { "type": "Point", "coordinates": [ 76.8155184, 30.7376593 ] } },
{ "type": "Feature", "properties": { "name": "Green park", "primary_type": "Tourism", "sector_name": "40", "secondary_type": "park" }, "geometry": { "type": "Point", "coordinates": [ 76.7317518, 30.7343253 ] } },
{ "type": "Feature", "properties": { "name": "Dr satbir singh", "primary_type": "Essential Services", "sector_name": "40", "secondary_type": "doctor" }, "geometry": { "type": "Point", "coordinates": [ 76.7314481, 30.7350571 ] } },
{ "type": "Feature", "properties": { "name": "Fashion Guru", "primary_type": "Shopping", "sector_name": "40", "secondary_type": "clothing_store" }, "geometry": { "type": "Point", "coordinates": [ 76.731454, 30.7334293 ] } },
{ "type": "Feature", "properties": { "name": "Sector 40/C 3rd Park", "primary_type": "Tourism", "sector_name": "40", "secondary_type": "park" }, "geometry": { "type": "Point", "coordinates": [ 76.7328405, 30.7347674 ] } },
{ "type": "Feature", "properties": { "name": "Trendsflow e-commerce", "primary_type": "Shopping", "sector_name": "40", "secondary_type": "shopping_mall" }, "geometry": { "type": "Point", "coordinates": [ 76.7320423, 30.7354166 ] } },
{ "type": "Feature", "properties": { "name": "RITU BOUTIQUE CHANDIGARH", "primary_type": "Shopping", "sector_name": "40", "secondary_type": "clothing_store" }, "geometry": { "type": "Point", "coordinates": [ 76.7319978, 30.7356224 ] } },
{ "type": "Feature", "properties": { "name": "Payground", "primary_type": "Tourism", "sector_name": "40", "secondary_type": "park" }, "geometry": { "type": "Point", "coordinates": [ 76.7326601, 30.7329853 ] } },
{ "type": "Feature", "properties": { "name": "Terrace garden sec-40C Chandigar", "primary_type": "Tourism", "sector_name": "40", "secondary_type": "park" }, "geometry": { "type": "Point", "coordinates": [ 76.7329307, 30.7339832 ] } },
{ "type": "Feature", "properties": { "name": "Thyrocare Home Collection", "primary_type": "Essential Services", "sector_name": "40", "secondary_type": "hospital" }, "geometry": { "type": "Point", "coordinates": [ 76.7329396, 30.7339734 ] } },
{ "type": "Feature", "properties": { "name": "Garg Medicose", "primary_type": "Essential Services", "sector_name": "40", "secondary_type": "drugstore" }, "geometry": { "type": "Point", "coordinates": [ 76.7329396, 30.7339734 ] } },
{ "type": "Feature", "properties": { "name": "Kiran Medicos", "primary_type": "Essential Services", "sector_name": "40", "secondary_type": "pharmacy" }, "geometry": { "type": "Point", "coordinates": [ 76.729398, 30.7376 ] } },
{ "type": "Feature", "properties": { "name": "Dr. Sandeep Ganwal", "primary_type": "Essential Services", "sector_name": "40", "secondary_type": "doctor" }, "geometry": { "type": "Point", "coordinates": [ 76.7309729, 30.7364117 ] } },
{ "type": "Feature", "properties": { "name": "Sculpt Unisex Gym", "primary_type": "Sports", "sector_name": "40", "secondary_type": "gym" }, "geometry": { "type": "Point", "coordinates": [ 76.7316864, 30.7368492 ] } },
{ "type": "Feature", "properties": { "name": "HDFC", "primary_type": "Essential Services", "sector_name": "40", "secondary_type": "bank" }, "geometry": { "type": "Point", "coordinates": [ 76.730956, 30.7364055 ] } },
{ "type": "Feature", "properties": { "name": "Malhotra Hormone Health Clinic", "primary_type": "Essential Services", "sector_name": "40", "secondary_type": "doctor" }, "geometry": { "type": "Point", "coordinates": [ 76.7309816, 30.7363885 ] } },
{ "type": "Feature", "properties": { "name": "Gym park", "primary_type": "Tourism", "sector_name": "40", "secondary_type": "park" }, "geometry": { "type": "Point", "coordinates": [ 76.7309729, 30.7363831 ] } },
{ "type": "Feature", "properties": { "name": "Joy Food & chicken corner", "primary_type": "Food and Drinks", "sector_name": "40", "secondary_type": "restaurant" }, "geometry": { "type": "Point", "coordinates": [ 76.7319386, 30.7382554 ] } },
{ "type": "Feature", "properties": { "name": "Shosha 40", "primary_type": "Food and Drinks", "sector_name": "40", "secondary_type": "fast_food_restaurant" }, "geometry": { "type": "Point", "coordinates": [ 76.7319351, 30.7382993 ] } },
{ "type": "Feature", "properties": { "name": "Pramod chicken corner & FISH SHOP", "primary_type": "Food and Drinks", "sector_name": "40", "secondary_type": "restaurant" }, "geometry": { "type": "Point", "coordinates": [ 76.731824, 30.7384325 ] } },
{ "type": "Feature", "properties": { "name": "Sector 40 Booths", "primary_type": "Shopping", "sector_name": "40", "secondary_type": "shopping_mall" }, "geometry": { "type": "Point", "coordinates": [ 76.7320007, 30.7383342 ] } },
{ "type": "Feature", "properties": { "name": "Sanjay Latest Rasoi", "primary_type": "Food and Drinks", "sector_name": "40", "secondary_type": "indian_restaurant" }, "geometry": { "type": "Point", "coordinates": [ 76.7319318, 30.7384229 ] } },
{ "type": "Feature", "properties": { "name": "Goldy Snacks Bar", "primary_type": "Food and Drinks", "sector_name": "40", "secondary_type": "bar" }, "geometry": { "type": "Point", "coordinates": [ 76.7315971, 30.7387399 ] } },
{ "type": "Feature", "properties": { "name": "DADWAL NEWAS", "primary_type": "Tourism", "sector_name": "40", "secondary_type": "tourist_attraction" }, "geometry": { "type": "Point", "coordinates": [ 76.7348374, 30.7351066 ] } },
{ "type": "Feature", "properties": { "name": "Tea Steam Cafe Chandigarh", "primary_type": "Essential Services", "sector_name": "40", "secondary_type": "food_store" }, "geometry": { "type": "Point", "coordinates": [ 76.7333154, 30.7340619 ] } },
{ "type": "Feature", "properties": { "name": "National Confectionery", "primary_type": "Essential Services", "sector_name": "40", "secondary_type": "food_store" }, "geometry": { "type": "Point", "coordinates": [ 76.735982, 30.7343158 ] } },
{ "type": "Feature", "properties": { "name": "DC grocer", "primary_type": "Essential Services", "sector_name": "40", "secondary_type": "grocery_store" }, "geometry": { "type": "Point", "coordinates": [ 76.7329917, 30.7338921 ] } },
{ "type": "Feature", "properties": { "name": "GARG PHARMACEUTICALS", "primary_type": "Essential Services", "sector_name": "40", "secondary_type": "pharmacy" }, "geometry": { "type": "Point", "coordinates": [ 76.7355383, 30.7352369 ] } },
{ "type": "Feature", "properties": { "name": "24x7 Home Dentistry", "primary_type": "Essential Services", "sector_name": "40", "secondary_type": "dentist" }, "geometry": { "type": "Point", "coordinates": [ 76.7329681, 30.7339665 ] } },
{ "type": "Feature", "properties": { "name": "Pooran Medical Hall", "primary_type": "Essential Services", "sector_name": "40", "secondary_type": "pharmacy" }, "geometry": { "type": "Point", "coordinates": [ 76.7329681, 30.7339665 ] } },
{ "type": "Feature", "properties": { "name": "Krishna Collections", "primary_type": "Shopping", "sector_name": "40", "secondary_type": "clothing_store" }, "geometry": { "type": "Point", "coordinates": [ 76.7329396, 30.7339734 ] } },
{ "type": "Feature", "properties": { "name": "Sector 40 Park", "primary_type": "Tourism", "sector_name": "40", "secondary_type": "park" }, "geometry": { "type": "Point", "coordinates": [ 76.7345967, 30.7377928 ] } },
{ "type": "Feature", "properties": { "name": "Amritsari Kulcha Station", "primary_type": "Food and Drinks", "sector_name": "40", "secondary_type": "restaurant" }, "geometry": { "type": "Point", "coordinates": [ 76.7344279, 30.7371887 ] } },
{ "type": "Feature", "properties": { "name": "Hungry Lion (Sector 40C)", "primary_type": "Food and Drinks", "sector_name": "40", "secondary_type": "barbecue_restaurant" }, "geometry": { "type": "Point", "coordinates": [ 76.7344308, 30.737135 ] } },
{ "type": "Feature", "properties": { "name": "Thakur ji Chaat Point", "primary_type": "Food and Drinks", "sector_name": "40", "secondary_type": "fast_food_restaurant" }, "geometry": { "type": "Point", "coordinates": [ 76.7344027, 30.7370648 ] } },
{ "type": "Feature", "properties": { "name": "Deewan's Kitchen in Chandigarh", "primary_type": "Food and Drinks", "sector_name": "40", "secondary_type": "restaurant" }, "geometry": { "type": "Point", "coordinates": [ 76.7343478, 30.7370708 ] } },
{ "type": "Feature", "properties": { "name": "Sethi's", "primary_type": "Food and Drinks", "sector_name": "40", "secondary_type": "meal_takeaway" }, "geometry": { "type": "Point", "coordinates": [ 76.7342475, 30.737076 ] } },
{ "type": "Feature", "properties": { "name": "Bhatia Sweets and Restaurant", "primary_type": "Food and Drinks", "sector_name": "40", "secondary_type": "restaurant" }, "geometry": { "type": "Point", "coordinates": [ 76.7345983, 30.736845 ] } },
{ "type": "Feature", "properties": { "name": "Sharma Vaishno Rasoi", "primary_type": "Food and Drinks", "sector_name": "40", "secondary_type": "indian_restaurant" }, "geometry": { "type": "Point", "coordinates": [ 76.7343531, 30.7367714 ] } },
{ "type": "Feature", "properties": { "name": "Ramlila Ground 40", "primary_type": "Sports", "sector_name": "40", "secondary_type": "playground" }, "geometry": { "type": "Point", "coordinates": [ 76.7340862, 30.7382428 ] } },
{ "type": "Feature", "properties": { "name": "Apollo Pharmacy Chandigarh Sector 40C", "primary_type": "Essential Services", "sector_name": "40", "secondary_type": "pharmacy" }, "geometry": { "type": "Point", "coordinates": [ 76.7347598, 30.7367014 ] } },
{ "type": "Feature", "properties": { "name": "Medicine Corner", "primary_type": "Essential Services", "sector_name": "40", "secondary_type": "pharmacy" }, "geometry": { "type": "Point", "coordinates": [ 76.7350952, 30.7368281 ] } },
{ "type": "Feature", "properties": { "name": "Sai Mahajan Sports", "primary_type": "Shopping", "sector_name": "40", "secondary_type": "clothing_store" }, "geometry": { "type": "Point", "coordinates": [ 76.7345079, 30.7366481 ] } },
{ "type": "Feature", "properties": { "name": "Dominic Pizza 40c", "primary_type": "Food and Drinks", "sector_name": "40", "secondary_type": "pizza_restaurant" }, "geometry": { "type": "Point", "coordinates": [ 76.7350724, 30.7367786 ] } },
{ "type": "Feature", "properties": { "name": "Vinay's Bar-Be-Que", "primary_type": "Food and Drinks", "sector_name": "40", "secondary_type": "restaurant" }, "geometry": { "type": "Point", "coordinates": [ 76.7334462, 30.7374766 ] } },
{ "type": "Feature", "properties": { "name": "22 gym", "primary_type": "Sports", "sector_name": "40", "secondary_type": "gym" }, "geometry": { "type": "Point", "coordinates": [ 76.734505, 30.7366152 ] } },
{ "type": "Feature", "properties": { "name": "Bhatia 2 Fast Food Shop", "primary_type": "Food and Drinks", "sector_name": "40", "secondary_type": "fast_food_restaurant" }, "geometry": { "type": "Point", "coordinates": [ 76.7344178, 30.7365991 ] } },
{ "type": "Feature", "properties": { "name": "Amar Sweets", "primary_type": "Food and Drinks", "sector_name": "40", "secondary_type": "confectionery" }, "geometry": { "type": "Point", "coordinates": [ 76.7345384, 30.7365896 ] } },
{ "type": "Feature", "properties": { "name": "Manik Collection", "primary_type": "Shopping", "sector_name": "40", "secondary_type": "clothing_store" }, "geometry": { "type": "Point", "coordinates": [ 76.7333945, 30.7375477 ] } },
{ "type": "Feature", "properties": { "name": "Dr Anil Dhingra | Endoscopic spine surgeon | Neurosurgeon in Chandigarh", "primary_type": "Essential Services", "sector_name": "40", "secondary_type": "doctor" }, "geometry": { "type": "Point", "coordinates": [ 76.7336964, 30.7411252 ] } },
{ "type": "Feature", "properties": { "name": "Dr Bhawna Agarwal's Sadhbhavna Clinic - best gynecologist in chandigarh", "primary_type": "Essential Services", "sector_name": "40", "secondary_type": "doctor" }, "geometry": { "type": "Point", "coordinates": [ 76.7336964, 30.7411252 ] } },
{ "type": "Feature", "properties": { "name": "Carewell360 | Dr Bhawna Agarwal's Sadhbhavna Clinic", "primary_type": "Essential Services", "sector_name": "40", "secondary_type": "doctor" }, "geometry": { "type": "Point", "coordinates": [ 76.7348259, 30.7398042 ] } },
{ "type": "Feature", "properties": { "name": "R.s Boutique", "primary_type": "Shopping", "sector_name": "40", "secondary_type": "clothing_store" }, "geometry": { "type": "Point", "coordinates": [ 76.7354714, 30.7396018 ] } },
{ "type": "Feature", "properties": { "name": "Public Park Sector 39B", "primary_type": "Tourism", "sector_name": "39", "secondary_type": "park" }, "geometry": { "type": "Point", "coordinates": [ 76.7337375, 30.7422835 ] } },
{ "type": "Feature", "properties": { "name": "Public Park Sector39", "primary_type": "Tourism", "sector_name": "39", "secondary_type": "park" }, "geometry": { "type": "Point", "coordinates": [ 76.7328447, 30.7417112 ] } },
{ "type": "Feature", "properties": { "name": "NS FANCY", "primary_type": "Shopping", "sector_name": "40", "secondary_type": "clothing_store" }, "geometry": { "type": "Point", "coordinates": [ 76.7349506, 30.7391086 ] } },
{ "type": "Feature", "properties": { "name": "Lucky Sweets and Snacks", "primary_type": "Food and Drinks", "sector_name": "40", "secondary_type": "restaurant" }, "geometry": { "type": "Point", "coordinates": [ 76.736568, 30.7411163 ] } },
{ "type": "Feature", "properties": { "name": "SAINI HEALTHCARE", "primary_type": "Essential Services", "sector_name": "39", "secondary_type": "doctor" }, "geometry": { "type": "Point", "coordinates": [ 76.7350106, 30.7426189 ] } },
{ "type": "Feature", "properties": { "name": "Medical Medicine clinic", "primary_type": "Essential Services", "sector_name": "39", "secondary_type": "doctor" }, "geometry": { "type": "Point", "coordinates": [ 76.7350829, 30.7426447 ] } },
{ "type": "Feature", "properties": { "name": "Nirmal Dr Bhasin", "primary_type": "Essential Services", "sector_name": "40", "secondary_type": "doctor" }, "geometry": { "type": "Point", "coordinates": [ 76.7359496, 30.7422804 ] } },
{ "type": "Feature", "properties": { "name": "S.D. Boutique", "primary_type": "Shopping", "sector_name": "39", "secondary_type": "clothing_store" }, "geometry": { "type": "Point", "coordinates": [ 76.732442, 30.7420193 ] } },
{ "type": "Feature", "properties": { "name": "Sector 40A Road", "primary_type": "Tourism", "sector_name": "40", "secondary_type": "park" }, "geometry": { "type": "Point", "coordinates": [ 76.7370893, 30.7408075 ] } },
{ "type": "Feature", "properties": { "name": "P N UROLOGY AND SURGICAL HOSPITAL PVT LTD", "primary_type": "Essential Services", "sector_name": "40", "secondary_type": "doctor" }, "geometry": { "type": "Point", "coordinates": [ 76.738383, 30.738196 ] } },
{ "type": "Feature", "properties": { "name": "Pamma oppression", "primary_type": "Essential Services", "sector_name": "40", "secondary_type": "hospital" }, "geometry": { "type": "Point", "coordinates": [ 76.7384085, 30.7382436 ] } },
{ "type": "Feature", "properties": { "name": "DR GAURAVJAIN ORTHOPEDICS", "primary_type": "Essential Services", "sector_name": "40", "secondary_type": "doctor" }, "geometry": { "type": "Point", "coordinates": [ 76.7364649, 30.7372282 ] } },
{ "type": "Feature", "properties": { "name": "Public park 01", "primary_type": "Tourism", "sector_name": "40", "secondary_type": "park" }, "geometry": { "type": "Point", "coordinates": [ 76.7403368, 30.7382437 ] } },
{ "type": "Feature", "properties": { "name": "Dr Rajeev Goel - Neurosurgeon - Brain And Spine Specialist", "primary_type": "Essential Services", "sector_name": "40", "secondary_type": "doctor" }, "geometry": { "type": "Point", "coordinates": [ 76.7364384, 30.7369553 ] } },
{ "type": "Feature", "properties": { "name": "Dr Pragya Goel (Best gynaecologist in Chandigarh, Mohali,Panchkula,Normal Delivery Expert, Laproscopic Surgeon)", "primary_type": "Essential Services", "sector_name": "40", "secondary_type": "doctor" }, "geometry": { "type": "Point", "coordinates": [ 76.7364396, 30.7369521 ] } },
{ "type": "Feature", "properties": { "name": "Dr Surinder Chest Specialist", "primary_type": "Essential Services", "sector_name": "40", "secondary_type": "doctor" }, "geometry": { "type": "Point", "coordinates": [ 76.7379808, 30.7394439 ] } },
{ "type": "Feature", "properties": { "name": "Sector 40-A Park", "primary_type": "Tourism", "sector_name": "40", "secondary_type": "park" }, "geometry": { "type": "Point", "coordinates": [ 76.738825, 30.7405124 ] } },
{ "type": "Feature", "properties": { "name": "PUBLIC PARK", "primary_type": "Tourism", "sector_name": "40", "secondary_type": "park" }, "geometry": { "type": "Point", "coordinates": [ 76.7387298, 30.7419467 ] } },
{ "type": "Feature", "properties": { "name": "Badminton Court.", "primary_type": "Tourism", "sector_name": "40", "secondary_type": "park" }, "geometry": { "type": "Point", "coordinates": [ 76.7386325, 30.7419653 ] } },
{ "type": "Feature", "properties": { "name": "SURBHI'S BOUTIQUE", "primary_type": "Shopping", "sector_name": "40", "secondary_type": "clothing_store" }, "geometry": { "type": "Point", "coordinates": [ 76.7398682, 30.7407175 ] } },
{ "type": "Feature", "properties": { "name": "40a 666", "primary_type": "Essential Services", "sector_name": "40", "secondary_type": "post_office" }, "geometry": { "type": "Point", "coordinates": [ 76.738379, 30.7423715 ] } },
{ "type": "Feature", "properties": { "name": "PPRR+QC5", "primary_type": "Tourism", "sector_name": "38", "secondary_type": "park" }, "geometry": { "type": "Point", "coordinates": [ 76.7418585, 30.7424024 ] } },
{ "type": "Feature", "properties": { "name": "Bansal Clinic", "primary_type": "Essential Services", "sector_name": "40", "secondary_type": "doctor" }, "geometry": { "type": "Point", "coordinates": [ 76.7384304, 30.7423935 ] } },
{ "type": "Feature", "properties": { "name": "Junk Food", "primary_type": "Food and Drinks", "sector_name": "38", "secondary_type": "fast_food_restaurant" }, "geometry": { "type": "Point", "coordinates": [ 76.7408957, 30.7412332 ] } },
{ "type": "Feature", "properties": { "name": "Green belt park 38D", "primary_type": "Tourism", "sector_name": "38", "secondary_type": "park" }, "geometry": { "type": "Point", "coordinates": [ 76.7410962, 30.7418792 ] } },
{ "type": "Feature", "properties": { "name": "Narender Chaudhary", "primary_type": "Food and Drinks", "sector_name": "40", "secondary_type": "bar" }, "geometry": { "type": "Point", "coordinates": [ 76.7381014, 30.7433484 ] } },
{ "type": "Feature", "properties": { "name": "Sector 37", "primary_type": "Tourism", "sector_name": "37", "secondary_type": "park" }, "geometry": { "type": "Point", "coordinates": [ 76.746773, 30.7352839 ] } },
{ "type": "Feature", "properties": { "name": "Health 4 Sure (Newborn and Child Clinic)", "primary_type": "Essential Services", "sector_name": "37", "secondary_type": "doctor" }, "geometry": { "type": "Point", "coordinates": [ 76.7470457, 30.7354124 ] } },
{ "type": "Feature", "properties": { "name": "2624, Shanti Path", "primary_type": "Tourism", "sector_name": "37", "secondary_type": "park" }, "geometry": { "type": "Point", "coordinates": [ 76.7463673, 30.7340515 ] } },
{ "type": "Feature", "properties": { "name": "Hoshiar Singh Vegetable Shop", "primary_type": "Essential Services", "sector_name": "37", "secondary_type": "grocery_store" }, "geometry": { "type": "Point", "coordinates": [ 76.7459231, 30.7345433 ] } },
{ "type": "Feature", "properties": { "name": "Bank of Baroda Sector 37 D Branch", "primary_type": "Essential Services", "sector_name": "37", "secondary_type": "bank" }, "geometry": { "type": "Point", "coordinates": [ 76.7459231, 30.7345433 ] } },
{ "type": "Feature", "properties": { "name": "ICICI Bank Chandigarh Sector 37 D", "primary_type": "Essential Services", "sector_name": "37", "secondary_type": "bank" }, "geometry": { "type": "Point", "coordinates": [ 76.7459231, 30.7345433 ] } },
{ "type": "Feature", "properties": { "name": "Sector 37 C Market Park", "primary_type": "Tourism", "sector_name": "37", "secondary_type": "park" }, "geometry": { "type": "Point", "coordinates": [ 76.7479904, 30.7372175 ] } },
{ "type": "Feature", "properties": { "name": "Ram Pal Dhaba", "primary_type": "Food and Drinks", "sector_name": "37", "secondary_type": "restaurant" }, "geometry": { "type": "Point", "coordinates": [ 76.7476069, 30.7343804 ] } },
{ "type": "Feature", "properties": { "name": "GOVERNMENT MODEL SENIOR SECONDARY SCHOOL", "primary_type": "Tourism", "sector_name": "37", "secondary_type": "park" }, "geometry": { "type": "Point", "coordinates": [ 76.7475395, 30.7377881 ] } },
{ "type": "Feature", "properties": { "name": "Subzi Mandi,", "primary_type": "Essential Services", "sector_name": "37", "secondary_type": "supermarket" }, "geometry": { "type": "Point", "coordinates": [ 76.7484528, 30.7350671 ] } },
{ "type": "Feature", "properties": { "name": "Vous clothing", "primary_type": "Shopping", "sector_name": "37", "secondary_type": "clothing_store" }, "geometry": { "type": "Point", "coordinates": [ 76.7462729, 30.7333968 ] } },
{ "type": "Feature", "properties": { "name": "Ayurvedic Dispensary Sector 37", "primary_type": "Essential Services", "sector_name": "37", "secondary_type": "pharmacy" }, "geometry": { "type": "Point", "coordinates": [ 76.7466725, 30.7385057 ] } },
{ "type": "Feature", "properties": { "name": "Raani ️ ️", "primary_type": "Tourism", "sector_name": "37", "secondary_type": "park" }, "geometry": { "type": "Point", "coordinates": [ 76.7458005, 30.7385575 ] } },
{ "type": "Feature", "properties": { "name": "Oceanic Fitness", "primary_type": "Sports", "sector_name": "37", "secondary_type": "gym" }, "geometry": { "type": "Point", "coordinates": [ 76.7459164, 30.7381492 ] } },
{ "type": "Feature", "properties": { "name": "Women's collection", "primary_type": "Shopping", "sector_name": "37", "secondary_type": "shopping_mall" }, "geometry": { "type": "Point", "coordinates": [ 76.7459164, 30.7381492 ] } },
{ "type": "Feature", "properties": { "name": "The Taste Of Himachal", "primary_type": "Food and Drinks", "sector_name": "37", "secondary_type": "restaurant" }, "geometry": { "type": "Point", "coordinates": [ 76.7459164, 30.7381492 ] } },
{ "type": "Feature", "properties": { "name": "Stepping stone shooting range", "primary_type": "Sports", "sector_name": "37", "secondary_type": "sports_complex" }, "geometry": { "type": "Point", "coordinates": [ 76.7455164, 30.738342 ] } },
{ "type": "Feature", "properties": { "name": "Stepping Stones Football+Fitness Academy", "primary_type": "Sports", "sector_name": "37", "secondary_type": "sports_club" }, "geometry": { "type": "Point", "coordinates": [ 76.7453163, 30.7382212 ] } },
{ "type": "Feature", "properties": { "name": "Dr. Jagdish Jaggi, Homeopathic clinic", "primary_type": "Essential Services", "sector_name": "37", "secondary_type": "doctor" }, "geometry": { "type": "Point", "coordinates": [ 76.7454066, 30.7390239 ] } },
{ "type": "Feature", "properties": { "name": "Sector 37D Small Local Park", "primary_type": "Tourism", "sector_name": "37", "secondary_type": "park" }, "geometry": { "type": "Point", "coordinates": [ 76.7457435, 30.7376354 ] } },
{ "type": "Feature", "properties": { "name": "37D Park", "primary_type": "Tourism", "sector_name": "37", "secondary_type": "park" }, "geometry": { "type": "Point", "coordinates": [ 76.745781, 30.7375325 ] } },
{ "type": "Feature", "properties": { "name": "Deep Creations 37", "primary_type": "Shopping", "sector_name": "37", "secondary_type": "clothing_store" }, "geometry": { "type": "Point", "coordinates": [ 76.7477104, 30.7389167 ] } },
{ "type": "Feature", "properties": { "name": "Mehta healthcare - Dental Unit", "primary_type": "Essential Services", "sector_name": "37", "secondary_type": "doctor" }, "geometry": { "type": "Point", "coordinates": [ 76.7478806, 30.7390489 ] } },
{ "type": "Feature", "properties": { "name": "Mehta Dr G.D", "primary_type": "Essential Services", "sector_name": "37", "secondary_type": "doctor" }, "geometry": { "type": "Point", "coordinates": [ 76.7478806, 30.7390489 ] } },
{ "type": "Feature", "properties": { "name": "ARJUN DHABA", "primary_type": "Food and Drinks", "sector_name": "37", "secondary_type": "restaurant" }, "geometry": { "type": "Point", "coordinates": [ 76.7475501, 30.7394964 ] } },
{ "type": "Feature", "properties": { "name": "Attire Studio - Best Boutique in Tricity", "primary_type": "Shopping", "sector_name": "37", "secondary_type": "clothing_store" }, "geometry": { "type": "Point", "coordinates": [ 76.7481155, 30.7386885 ] } },
{ "type": "Feature", "properties": { "name": "CENTRAL BANK OF INDIA- ATM", "primary_type": "Essential Services", "sector_name": "37", "secondary_type": "atm" }, "geometry": { "type": "Point", "coordinates": [ 76.7481217, 30.7386931 ] } },
{ "type": "Feature", "properties": { "name": "2181, Udyan Path", "primary_type": "Tourism", "sector_name": "37", "secondary_type": "park" }, "geometry": { "type": "Point", "coordinates": [ 76.7500192, 30.7351788 ] } },
{ "type": "Feature", "properties": { "name": "Rani Dr Gita", "primary_type": "Essential Services", "sector_name": "37", "secondary_type": "doctor" }, "geometry": { "type": "Point", "coordinates": [ 76.7501757, 30.7350973 ] } },
{ "type": "Feature", "properties": { "name": "Siddhi Creations", "primary_type": "Shopping", "sector_name": "37", "secondary_type": "clothing_store" }, "geometry": { "type": "Point", "coordinates": [ 76.7506851, 30.7349472 ] } },
{ "type": "Feature", "properties": { "name": "Sai Chemist", "primary_type": "Essential Services", "sector_name": "37", "secondary_type": "pharmacy" }, "geometry": { "type": "Point", "coordinates": [ 76.7500036, 30.736111 ] } },
{ "type": "Feature", "properties": { "name": "Amrit rasoi and fast food", "primary_type": "Food and Drinks", "sector_name": "37", "secondary_type": "indian_restaurant" }, "geometry": { "type": "Point", "coordinates": [ 76.7503898, 30.7361547 ] } },
{ "type": "Feature", "properties": { "name": "New Impressions's Fashion", "primary_type": "Shopping", "sector_name": "37", "secondary_type": "clothing_store" }, "geometry": { "type": "Point", "coordinates": [ 76.7500091, 30.7362393 ] } },
{ "type": "Feature", "properties": { "name": "Bihari Ji Collection", "primary_type": "Shopping", "sector_name": "37", "secondary_type": "clothing_store" }, "geometry": { "type": "Point", "coordinates": [ 76.7502569, 30.7362878 ] } },
{ "type": "Feature", "properties": { "name": "Raheja Fashions", "primary_type": "Shopping", "sector_name": "37", "secondary_type": "clothing_store" }, "geometry": { "type": "Point", "coordinates": [ 76.749816, 30.7364006 ] } },
{ "type": "Feature", "properties": { "name": "Riwaaz The Trend Setter", "primary_type": "Shopping", "sector_name": "37", "secondary_type": "clothing_store" }, "geometry": { "type": "Point", "coordinates": [ 76.7498834, 30.7364566 ] } },
{ "type": "Feature", "properties": { "name": "Sethi Medicos", "primary_type": "Essential Services", "sector_name": "37", "secondary_type": "pharmacy" }, "geometry": { "type": "Point", "coordinates": [ 76.748828, 30.7356738 ] } },
{ "type": "Feature", "properties": { "name": "Brother Chemist-32", "primary_type": "Essential Services", "sector_name": "37", "secondary_type": "pharmacy" }, "geometry": { "type": "Point", "coordinates": [ 76.750143, 30.736605 ] } },
{ "type": "Feature", "properties": { "name": "Jyoti Dr Parmar", "primary_type": "Essential Services", "sector_name": "37", "secondary_type": "doctor" }, "geometry": { "type": "Point", "coordinates": [ 76.7488019, 30.7356261 ] } },
{ "type": "Feature", "properties": { "name": "Raj Gopal Dr", "primary_type": "Essential Services", "sector_name": "37", "secondary_type": "doctor" }, "geometry": { "type": "Point", "coordinates": [ 76.7488019, 30.7356261 ] } },
{ "type": "Feature", "properties": { "name": "Kishore Dr", "primary_type": "Essential Services", "sector_name": "37", "secondary_type": "doctor" }, "geometry": { "type": "Point", "coordinates": [ 76.7488019, 30.7356261 ] } },
{ "type": "Feature", "properties": { "name": "Sarabjit Singh Dr", "primary_type": "Essential Services", "sector_name": "37", "secondary_type": "doctor" }, "geometry": { "type": "Point", "coordinates": [ 76.7488019, 30.7356261 ] } },
{ "type": "Feature", "properties": { "name": "Ashok Kumar Dr Sharma", "primary_type": "Essential Services", "sector_name": "37", "secondary_type": "doctor" }, "geometry": { "type": "Point", "coordinates": [ 76.7488019, 30.7356261 ] } },
{ "type": "Feature", "properties": { "name": "Kulhad Korner", "primary_type": "Food and Drinks", "sector_name": "37", "secondary_type": "indian_restaurant" }, "geometry": { "type": "Point", "coordinates": [ 76.7500913, 30.7366688 ] } },
{ "type": "Feature", "properties": { "name": "For Pooras Medical Mall", "primary_type": "Essential Services", "sector_name": "37", "secondary_type": "hospital" }, "geometry": { "type": "Point", "coordinates": [ 76.7487025, 30.7356153 ] } },
{ "type": "Feature", "properties": { "name": "Guru Nanak School Play Ground", "primary_type": "Sports", "sector_name": "37", "secondary_type": "playground" }, "geometry": { "type": "Point", "coordinates": [ 76.7506955, 30.73785 ] } },
{ "type": "Feature", "properties": { "name": "INDIAN BANK", "primary_type": "Essential Services", "sector_name": "37", "secondary_type": "bank" }, "geometry": { "type": "Point", "coordinates": [ 76.749844, 30.739118 ] } },
{ "type": "Feature", "properties": { "name": "dermatoglyphics in medical disorders", "primary_type": "Essential Services", "sector_name": "37", "secondary_type": "doctor" }, "geometry": { "type": "Point", "coordinates": [ 76.749523, 30.737816 ] } },
{ "type": "Feature", "properties": { "name": "Dr. Atul Malhotra'z child care clinic", "primary_type": "Essential Services", "sector_name": "37", "secondary_type": "doctor" }, "geometry": { "type": "Point", "coordinates": [ 76.7496127, 30.7376361 ] } },
{ "type": "Feature", "properties": { "name": "No business", "primary_type": "Shopping", "sector_name": "37", "secondary_type": "clothing_store" }, "geometry": { "type": "Point", "coordinates": [ 76.7495763, 30.7376203 ] } },
{ "type": "Feature", "properties": { "name": "Kamal Ladies Tailor", "primary_type": "Shopping", "sector_name": "37", "secondary_type": "clothing_store" }, "geometry": { "type": "Point", "coordinates": [ 76.7489448, 30.7382799 ] } },
{ "type": "Feature", "properties": { "name": "Castle Grill", "primary_type": "Food and Drinks", "sector_name": "37", "secondary_type": "hamburger_restaurant" }, "geometry": { "type": "Point", "coordinates": [ 76.7489665, 30.7381969 ] } },
{ "type": "Feature", "properties": { "name": "Mayur Hot N Spicy", "primary_type": "Food and Drinks", "sector_name": "37", "secondary_type": "restaurant" }, "geometry": { "type": "Point", "coordinates": [ 76.7490379, 30.738027 ] } },
{ "type": "Feature", "properties": { "name": "Dr. Anil K Malhotra MD Child Specialist", "primary_type": "Essential Services", "sector_name": "37", "secondary_type": "doctor" }, "geometry": { "type": "Point", "coordinates": [ 76.7496006, 30.7374393 ] } },
{ "type": "Feature", "properties": { "name": "Dr. Aggarwal's Multi Speciality Clinic", "primary_type": "Essential Services", "sector_name": "37", "secondary_type": "dentist" }, "geometry": { "type": "Point", "coordinates": [ 76.749573, 30.7373936 ] } },
{ "type": "Feature", "properties": { "name": "Sahni Emporium", "primary_type": "Shopping", "sector_name": "37", "secondary_type": "clothing_store" }, "geometry": { "type": "Point", "coordinates": [ 76.7495351, 30.7374083 ] } },
{ "type": "Feature", "properties": { "name": "Fun Feast", "primary_type": "Food and Drinks", "sector_name": "37", "secondary_type": "fast_food_restaurant" }, "geometry": { "type": "Point", "coordinates": [ 76.7500194, 30.737211 ] } },
{ "type": "Feature", "properties": { "name": "Jain selection", "primary_type": "Shopping", "sector_name": "37", "secondary_type": "clothing_store" }, "geometry": { "type": "Point", "coordinates": [ 76.749456, 30.7374017 ] } },
{ "type": "Feature", "properties": { "name": "Coffee Waala", "primary_type": "Food and Drinks", "sector_name": "37", "secondary_type": "coffee_shop" }, "geometry": { "type": "Point", "coordinates": [ 76.7500357, 30.7371771 ] } },
{ "type": "Feature", "properties": { "name": "CosmetiCare", "primary_type": "Essential Services", "sector_name": "37", "secondary_type": "doctor" }, "geometry": { "type": "Point", "coordinates": [ 76.7494566, 30.737365 ] } },
{ "type": "Feature", "properties": { "name": "Brahma kumaris Godly University", "primary_type": "Essential Services", "sector_name": "37", "secondary_type": "hospital" }, "geometry": { "type": "Point", "coordinates": [ 76.7507747, 30.7419321 ] } },
{ "type": "Feature", "properties": { "name": "Goyal clinic", "primary_type": "Essential Services", "sector_name": "37", "secondary_type": "doctor" }, "geometry": { "type": "Point", "coordinates": [ 76.749899, 30.741058 ] } },
{ "type": "Feature", "properties": { "name": "Dr V K Chopra", "primary_type": "Essential Services", "sector_name": "37", "secondary_type": "doctor" }, "geometry": { "type": "Point", "coordinates": [ 76.749899, 30.741058 ] } },
{ "type": "Feature", "properties": { "name": "Dentorics Dental Clinic & Institite", "primary_type": "Essential Services", "sector_name": "37", "secondary_type": "hospital" }, "geometry": { "type": "Point", "coordinates": [ 76.7500089, 30.7409885 ] } },
{ "type": "Feature", "properties": { "name": "Park On Road Side", "primary_type": "Tourism", "sector_name": "37", "secondary_type": "park" }, "geometry": { "type": "Point", "coordinates": [ 76.7499141, 30.7426551 ] } },
{ "type": "Feature", "properties": { "name": "Akash Kumar", "primary_type": "Essential Services", "sector_name": "37", "secondary_type": "pharmacy" }, "geometry": { "type": "Point", "coordinates": [ 76.750672, 30.7429141 ] } },
{ "type": "Feature", "properties": { "name": "Amit Helmet Shop", "primary_type": "Shopping", "sector_name": "38", "secondary_type": "clothing_store" }, "geometry": { "type": "Point", "coordinates": [ 76.7489728, 30.7421971 ] } },
{ "type": "Feature", "properties": { "name": "JOSHI KARYANA STORE", "primary_type": "Essential Services", "sector_name": "37", "secondary_type": "grocery_store" }, "geometry": { "type": "Point", "coordinates": [ 76.7519335, 30.7420694 ] } },
{ "type": "Feature", "properties": { "name": "Chai Tapri", "primary_type": "Food and Drinks", "sector_name": "37", "secondary_type": "coffee_shop" }, "geometry": { "type": "Point", "coordinates": [ 76.748364, 30.7409424 ] } },
{ "type": "Feature", "properties": { "name": "Raja Ram Tea Stall", "primary_type": "Food and Drinks", "sector_name": "37", "secondary_type": "coffee_shop" }, "geometry": { "type": "Point", "coordinates": [ 76.7482983, 30.7408917 ] } },
{ "type": "Feature", "properties": { "name": "Harison Daily Needs", "primary_type": "Food and Drinks", "sector_name": "37", "secondary_type": "restaurant" }, "geometry": { "type": "Point", "coordinates": [ 76.7485878, 30.7403481 ] } },
{ "type": "Feature", "properties": { "name": "Sindhi Sweets", "primary_type": "Food and Drinks", "sector_name": "37", "secondary_type": "confectionery" }, "geometry": { "type": "Point", "coordinates": [ 76.7480649, 30.7410252 ] } },
{ "type": "Feature", "properties": { "name": "Oberai Kitchen", "primary_type": "Food and Drinks", "sector_name": "37", "secondary_type": "restaurant" }, "geometry": { "type": "Point", "coordinates": [ 76.748538, 30.740378 ] } },
{ "type": "Feature", "properties": { "name": "Chandigarh Diagnostic Centre | Ct Scan Centre in Chandigarh | Ultrasound Centre in Chandigarh | Pathology Lab in Chandigarh|", "primary_type": "Essential Services", "sector_name": "37", "secondary_type": "doctor" }, "geometry": { "type": "Point", "coordinates": [ 76.7480789, 30.7409621 ] } },
{ "type": "Feature", "properties": { "name": "CHEMIST ISHAAN MEDICOS", "primary_type": "Essential Services", "sector_name": "37", "secondary_type": "pharmacy" }, "geometry": { "type": "Point", "coordinates": [ 76.7486385, 30.7402652 ] } },
{ "type": "Feature", "properties": { "name": "Hunger Hackers", "primary_type": "Food and Drinks", "sector_name": "37", "secondary_type": "restaurant" }, "geometry": { "type": "Point", "coordinates": [ 76.748668, 30.7402302 ] } },
{ "type": "Feature", "properties": { "name": "Aman Kitchen", "primary_type": "Food and Drinks", "sector_name": "37", "secondary_type": "restaurant" }, "geometry": { "type": "Point", "coordinates": [ 76.7545861, 30.7385671 ] } },
{ "type": "Feature", "properties": { "name": "W P.S.RASOI", "primary_type": "Food and Drinks", "sector_name": "37", "secondary_type": "restaurant" }, "geometry": { "type": "Point", "coordinates": [ 76.754582, 30.7386313 ] } },
{ "type": "Feature", "properties": { "name": "SAWHEY DEPARTMENTAL STORE", "primary_type": "Essential Services", "sector_name": "37", "secondary_type": "food_store" }, "geometry": { "type": "Point", "coordinates": [ 76.7546953, 30.7385714 ] } },
{ "type": "Feature", "properties": { "name": "Bandy", "primary_type": "Shopping", "sector_name": "37", "secondary_type": "clothing_store" }, "geometry": { "type": "Point", "coordinates": [ 76.7533354, 30.7384114 ] } },
{ "type": "Feature", "properties": { "name": "Niharika's park", "primary_type": "Tourism", "sector_name": "37", "secondary_type": "park" }, "geometry": { "type": "Point", "coordinates": [ 76.7544405, 30.7394281 ] } },
{ "type": "Feature", "properties": { "name": "Dr Diljot Child Super specialist", "primary_type": "Essential Services", "sector_name": "37", "secondary_type": "doctor" }, "geometry": { "type": "Point", "coordinates": [ 76.7528364, 30.7378452 ] } },
{ "type": "Feature", "properties": { "name": "PQQ4+FH7", "primary_type": "Tourism", "sector_name": "37", "secondary_type": "park" }, "geometry": { "type": "Point", "coordinates": [ 76.7564212, 30.7386626 ] } },
{ "type": "Feature", "properties": { "name": "Dr Soumyata Tripathi - Pediatrician | Child Specialist", "primary_type": "Essential Services", "sector_name": "37", "secondary_type": "doctor" }, "geometry": { "type": "Point", "coordinates": [ 76.7548576, 30.740057 ] } },
{ "type": "Feature", "properties": { "name": "Dr. Shefali Sharma and Team - Best Gynaecologist, Best Infertility (IVF) Specialist, Laparoscopic Gynae Surgeon", "primary_type": "Essential Services", "sector_name": "37", "secondary_type": "doctor" }, "geometry": { "type": "Point", "coordinates": [ 76.7559997, 30.7393368 ] } },
{ "type": "Feature", "properties": { "name": "Chikitsa Clinic - Best Child Clinic | Child Vaccination | Best IVF Specialist | Fibroids | PCOD", "primary_type": "Essential Services", "sector_name": "37", "secondary_type": "doctor" }, "geometry": { "type": "Point", "coordinates": [ 76.7560508, 30.7394538 ] } },
{ "type": "Feature", "properties": { "name": "Mini Park - Sector-37B", "primary_type": "Tourism", "sector_name": "37", "secondary_type": "park" }, "geometry": { "type": "Point", "coordinates": [ 76.7564195, 30.7386552 ] } },
{ "type": "Feature", "properties": { "name": "Narayana Clinics & Vaccination Centre", "primary_type": "Essential Services", "sector_name": "37", "secondary_type": "doctor" }, "geometry": { "type": "Point", "coordinates": [ 76.7536467, 30.7404274 ] } },
{ "type": "Feature", "properties": { "name": "Bright Cafe", "primary_type": "Food and Drinks", "sector_name": "37", "secondary_type": "cafe" }, "geometry": { "type": "Point", "coordinates": [ 76.7548203, 30.7425658 ] } },
{ "type": "Feature", "properties": { "name": "Kalsi Dr Harvinder Singh", "primary_type": "Essential Services", "sector_name": "37", "secondary_type": "doctor" }, "geometry": { "type": "Point", "coordinates": [ 76.7530174, 30.7416833 ] } },
{ "type": "Feature", "properties": { "name": "Mittal Dr Shanti Saroop", "primary_type": "Essential Services", "sector_name": "37", "secondary_type": "doctor" }, "geometry": { "type": "Point", "coordinates": [ 76.7530174, 30.7416833 ] } },
{ "type": "Feature", "properties": { "name": "Goel Dr Suresh", "primary_type": "Essential Services", "sector_name": "37", "secondary_type": "doctor" }, "geometry": { "type": "Point", "coordinates": [ 76.7530174, 30.7416833 ] } },
{ "type": "Feature", "properties": { "name": "R S Medicos", "primary_type": "Essential Services", "sector_name": "37", "secondary_type": "pharmacy" }, "geometry": { "type": "Point", "coordinates": [ 76.7530174, 30.7416833 ] } },
{ "type": "Feature", "properties": { "name": "Singh Dr Jaidev", "primary_type": "Essential Services", "sector_name": "37", "secondary_type": "doctor" }, "geometry": { "type": "Point", "coordinates": [ 76.7530174, 30.7416833 ] } },
{ "type": "Feature", "properties": { "name": "Vidya Path", "primary_type": "Tourism", "sector_name": "37", "secondary_type": "park" }, "geometry": { "type": "Point", "coordinates": [ 76.7528596, 30.7430117 ] } },
{ "type": "Feature", "properties": { "name": "PQR4+WH2", "primary_type": "Tourism", "sector_name": "24", "secondary_type": "park" }, "geometry": { "type": "Point", "coordinates": [ 76.7564663, 30.7423266 ] } },
{ "type": "Feature", "properties": { "name": "Public Park - Sector 24D", "primary_type": "Tourism", "sector_name": "24", "secondary_type": "park" }, "geometry": { "type": "Point", "coordinates": [ 76.7563981, 30.7422702 ] } },
{ "type": "Feature", "properties": { "name": "Kuldeep Beverges", "primary_type": "Food and Drinks", "sector_name": "24", "secondary_type": "cafe" }, "geometry": { "type": "Point", "coordinates": [ 76.7566037, 30.7417836 ] } },
{ "type": "Feature", "properties": { "name": "Batra theatre", "primary_type": "Tourism", "sector_name": "37", "secondary_type": "tourist_attraction" }, "geometry": { "type": "Point", "coordinates": [ 76.7561642, 30.7405157 ] } },
{ "type": "Feature", "properties": { "name": "Aadarsh Clinic", "primary_type": "Essential Services", "sector_name": "23", "secondary_type": "doctor" }, "geometry": { "type": "Point", "coordinates": [ 76.7627779, 30.7362389 ] } },
{ "type": "Feature", "properties": { "name": "ALWAYS SMILE DENTAL CLINIC & IMPLANT CENTRE", "primary_type": "Essential Services", "sector_name": "23", "secondary_type": "dental_clinic" }, "geometry": { "type": "Point", "coordinates": [ 76.764613, 30.7367677 ] } },
{ "type": "Feature", "properties": { "name": "ਅਪਨਾ ਪਾਰਕ", "primary_type": "Tourism", "sector_name": "23", "secondary_type": "park" }, "geometry": { "type": "Point", "coordinates": [ 76.7632657, 30.7387932 ] } },
{ "type": "Feature", "properties": { "name": "Gurdwara charitable trust", "primary_type": "Essential Services", "sector_name": "23", "secondary_type": "hospital" }, "geometry": { "type": "Point", "coordinates": [ 76.7647603, 30.7381601 ] } },
{ "type": "Feature", "properties": { "name": "LAddu Gopal store", "primary_type": "Shopping", "sector_name": "23", "secondary_type": "clothing_store" }, "geometry": { "type": "Point", "coordinates": [ 76.7610647, 30.7390103 ] } },
{ "type": "Feature", "properties": { "name": "Sweat N Shape Fitness Studio", "primary_type": "Sports", "sector_name": "23", "secondary_type": "fitness_center" }, "geometry": { "type": "Point", "coordinates": [ 76.7646068, 30.7383706 ] } },
{ "type": "Feature", "properties": { "name": "DR ARTI GOEL", "primary_type": "Essential Services", "sector_name": "23", "secondary_type": "doctor" }, "geometry": { "type": "Point", "coordinates": [ 76.7618246, 30.7399017 ] } },
{ "type": "Feature", "properties": { "name": "Kale da Dhaba, Tandoor", "primary_type": "Food and Drinks", "sector_name": "23", "secondary_type": "indian_restaurant" }, "geometry": { "type": "Point", "coordinates": [ 76.7613125, 30.7396875 ] } },
{ "type": "Feature", "properties": { "name": "Dr M M Goel", "primary_type": "Essential Services", "sector_name": "23", "secondary_type": "doctor" }, "geometry": { "type": "Point", "coordinates": [ 76.7624148, 30.7405457 ] } },
{ "type": "Feature", "properties": { "name": "Goel Clinic", "primary_type": "Essential Services", "sector_name": "23", "secondary_type": "doctor" }, "geometry": { "type": "Point", "coordinates": [ 76.762376, 30.7405845 ] } },
{ "type": "Feature", "properties": { "name": "Ground sec 23 D", "primary_type": "Tourism", "sector_name": "23", "secondary_type": "park" }, "geometry": { "type": "Point", "coordinates": [ 76.7640297, 30.739486 ] } },
{ "type": "Feature", "properties": { "name": "Tandoor Dhabha Ghughi Wala", "primary_type": "Food and Drinks", "sector_name": "23", "secondary_type": "indian_restaurant" }, "geometry": { "type": "Point", "coordinates": [ 76.7637518, 30.7411003 ] } },
{ "type": "Feature", "properties": { "name": "Dhansa", "primary_type": "Tourism", "sector_name": "23", "secondary_type": "tourist_attraction" }, "geometry": { "type": "Point", "coordinates": [ 76.7636372, 30.741291 ] } },
{ "type": "Feature", "properties": { "name": "Dream Park", "primary_type": "Tourism", "sector_name": "23", "secondary_type": "park" }, "geometry": { "type": "Point", "coordinates": [ 76.7591736, 30.7392632 ] } },
{ "type": "Feature", "properties": { "name": "Tandoor Dhabha Aunty Wala", "primary_type": "Food and Drinks", "sector_name": "23", "secondary_type": "restaurant" }, "geometry": { "type": "Point", "coordinates": [ 76.7653323, 30.7388175 ] } },
{ "type": "Feature", "properties": { "name": "Shyam Helmet Shop", "primary_type": "Shopping", "sector_name": "23", "secondary_type": "clothing_store" }, "geometry": { "type": "Point", "coordinates": [ 76.7616878, 30.7422729 ] } },
{ "type": "Feature", "properties": { "name": "Public Park - Sector 23A", "primary_type": "Tourism", "sector_name": "23", "secondary_type": "park" }, "geometry": { "type": "Point", "coordinates": [ 76.7634721, 30.7424336 ] } },
{ "type": "Feature", "properties": { "name": "Naresh Pharma", "primary_type": "Essential Services", "sector_name": "24", "secondary_type": "pharmacy" }, "geometry": { "type": "Point", "coordinates": [ 76.762367, 30.744322 ] } },
{ "type": "Feature", "properties": { "name": "INGLA DISTRIBUTORS CHEMISTS", "primary_type": "Essential Services", "sector_name": "24", "secondary_type": "pharmacy" }, "geometry": { "type": "Point", "coordinates": [ 76.7626446, 30.7444343 ] } },
{ "type": "Feature", "properties": { "name": "Autism Treatment Center for Excellence", "primary_type": "Essential Services", "sector_name": "24", "secondary_type": "hospital" }, "geometry": { "type": "Point", "coordinates": [ 76.762556, 30.7444692 ] } },
{ "type": "Feature", "properties": { "name": "Marshall Zone (Yaara Da Adda)", "primary_type": "Food and Drinks", "sector_name": "24", "secondary_type": "bar" }, "geometry": { "type": "Point", "coordinates": [ 76.762415, 30.744563 ] } },
{ "type": "Feature", "properties": { "name": "Rehri Market", "primary_type": "Shopping", "sector_name": "24", "secondary_type": "market" }, "geometry": { "type": "Point", "coordinates": [ 76.7619893, 30.7446107 ] } },
{ "type": "Feature", "properties": { "name": "Kumar Clinic Dr S Kumar", "primary_type": "Essential Services", "sector_name": "24", "secondary_type": "doctor" }, "geometry": { "type": "Point", "coordinates": [ 76.7598592, 30.742763 ] } },
{ "type": "Feature", "properties": { "name": "MaidenNow", "primary_type": "Shopping", "sector_name": "23", "secondary_type": "clothing_store" }, "geometry": { "type": "Point", "coordinates": [ 76.766032, 30.737114 ] } },
{ "type": "Feature", "properties": { "name": "Playboy Clothing Store", "primary_type": "Shopping", "sector_name": "23", "secondary_type": "clothing_store" }, "geometry": { "type": "Point", "coordinates": [ 76.7663682, 30.7371187 ] } },
{ "type": "Feature", "properties": { "name": "Kataria Medicos", "primary_type": "Essential Services", "sector_name": "23", "secondary_type": "pharmacy" }, "geometry": { "type": "Point", "coordinates": [ 76.7660441, 30.7371606 ] } },
{ "type": "Feature", "properties": { "name": "ELITE MENSWEAR", "primary_type": "Shopping", "sector_name": "23", "secondary_type": "clothing_store" }, "geometry": { "type": "Point", "coordinates": [ 76.7662875, 30.7372509 ] } },
{ "type": "Feature", "properties": { "name": "Union Bank ATM", "primary_type": "Essential Services", "sector_name": "23", "secondary_type": "atm" }, "geometry": { "type": "Point", "coordinates": [ 76.7661997, 30.7372711 ] } },
{ "type": "Feature", "properties": { "name": "Goyal Store Jewellery & Cosmetics", "primary_type": "Shopping", "sector_name": "23", "secondary_type": "jewelry_store" }, "geometry": { "type": "Point", "coordinates": [ 76.7663252, 30.7373026 ] } },
{ "type": "Feature", "properties": { "name": "Absolute Fashion", "primary_type": "Shopping", "sector_name": "23", "secondary_type": "clothing_store" }, "geometry": { "type": "Point", "coordinates": [ 76.7659162, 30.7373043 ] } },
{ "type": "Feature", "properties": { "name": "Hari Om Fashioner", "primary_type": "Shopping", "sector_name": "23", "secondary_type": "clothing_store" }, "geometry": { "type": "Point", "coordinates": [ 76.7659106, 30.737312 ] } },
{ "type": "Feature", "properties": { "name": "Ramesh Book Depot", "primary_type": "Shopping", "sector_name": "23", "secondary_type": "book_store" }, "geometry": { "type": "Point", "coordinates": [ 76.7658881, 30.7373109 ] } },
{ "type": "Feature", "properties": { "name": "Avika", "primary_type": "Shopping", "sector_name": "23", "secondary_type": "clothing_store" }, "geometry": { "type": "Point", "coordinates": [ 76.7663114, 30.7373402 ] } },
{ "type": "Feature", "properties": { "name": "Fashion Hub-23", "primary_type": "Shopping", "sector_name": "23", "secondary_type": "clothing_store" }, "geometry": { "type": "Point", "coordinates": [ 76.7661998, 30.7373532 ] } },
{ "type": "Feature", "properties": { "name": "Jalandhar Sweets", "primary_type": "Food and Drinks", "sector_name": "23", "secondary_type": "confectionery" }, "geometry": { "type": "Point", "coordinates": [ 76.7662554, 30.7374065 ] } },
{ "type": "Feature", "properties": { "name": "Ram Chaat Bhandaar", "primary_type": "Food and Drinks", "sector_name": "23", "secondary_type": "dessert_shop" }, "geometry": { "type": "Point", "coordinates": [ 76.7665023, 30.7373943 ] } },
{ "type": "Feature", "properties": { "name": "Fab Pitara", "primary_type": "Shopping", "sector_name": "23", "secondary_type": "clothing_store" }, "geometry": { "type": "Point", "coordinates": [ 76.7659725, 30.7374165 ] } },
{ "type": "Feature", "properties": { "name": "Dhanya Publications", "primary_type": "Shopping", "sector_name": "23", "secondary_type": "book_store" }, "geometry": { "type": "Point", "coordinates": [ 76.7657849, 30.737418 ] } },
{ "type": "Feature", "properties": { "name": "Craze 23", "primary_type": "Shopping", "sector_name": "23", "secondary_type": "clothing_store" }, "geometry": { "type": "Point", "coordinates": [ 76.765749, 30.7374857 ] } },
{ "type": "Feature", "properties": { "name": "Mr Veg", "primary_type": "Food and Drinks", "sector_name": "23", "secondary_type": "vegetarian_restaurant" }, "geometry": { "type": "Point", "coordinates": [ 76.7661987, 30.7375417 ] } },
{ "type": "Feature", "properties": { "name": "Dr. Harmanjeet Kaur", "primary_type": "Essential Services", "sector_name": "23", "secondary_type": "doctor" }, "geometry": { "type": "Point", "coordinates": [ 76.766094, 30.739526 ] } },
{ "type": "Feature", "properties": { "name": "India Post", "primary_type": "Essential Services", "sector_name": "23", "secondary_type": "post_office" }, "geometry": { "type": "Point", "coordinates": [ 76.7658421, 30.7393706 ] } },
{ "type": "Feature", "properties": { "name": "yogaforhealthyliving", "primary_type": "Sports", "sector_name": "23", "secondary_type": "yoga_studio" }, "geometry": { "type": "Point", "coordinates": [ 76.7659936, 30.7389513 ] } },
{ "type": "Feature", "properties": { "name": "Sohum yoga", "primary_type": "Sports", "sector_name": "23", "secondary_type": "yoga_studio" }, "geometry": { "type": "Point", "coordinates": [ 76.7659936, 30.7389513 ] } },
{ "type": "Feature", "properties": { "name": "palak boutique", "primary_type": "Shopping", "sector_name": "23", "secondary_type": "clothing_store" }, "geometry": { "type": "Point", "coordinates": [ 76.7659936, 30.7389513 ] } },
{ "type": "Feature", "properties": { "name": "online reselling", "primary_type": "Shopping", "sector_name": "23", "secondary_type": "clothing_store" }, "geometry": { "type": "Point", "coordinates": [ 76.7659936, 30.7389513 ] } },
{ "type": "Feature", "properties": { "name": "Poonam tiffin services", "primary_type": "Food and Drinks", "sector_name": "23", "secondary_type": "restaurant" }, "geometry": { "type": "Point", "coordinates": [ 76.7659936, 30.7389513 ] } },
{ "type": "Feature", "properties": { "name": "vaidyadev", "primary_type": "Essential Services", "sector_name": "23", "secondary_type": "pharmacy" }, "geometry": { "type": "Point", "coordinates": [ 76.7659936, 30.7389513 ] } },
{ "type": "Feature", "properties": { "name": "Alice Healthcare India Store", "primary_type": "Essential Services", "sector_name": "23", "secondary_type": "pharmacy" }, "geometry": { "type": "Point", "coordinates": [ 76.7659936, 30.7389513 ] } },
{ "type": "Feature", "properties": { "name": "Parshotam Dass Dr Pathak", "primary_type": "Essential Services", "sector_name": "23", "secondary_type": "doctor" }, "geometry": { "type": "Point", "coordinates": [ 76.766781, 30.7396514 ] } },
{ "type": "Feature", "properties": { "name": "Singh Dr Gurinder", "primary_type": "Essential Services", "sector_name": "23", "secondary_type": "doctor" }, "geometry": { "type": "Point", "coordinates": [ 76.766781, 30.7396514 ] } },
{ "type": "Feature", "properties": { "name": "Dr Rajesh Garg", "primary_type": "Essential Services", "sector_name": "23", "secondary_type": "doctor" }, "geometry": { "type": "Point", "coordinates": [ 76.766781, 30.7396514 ] } },
{ "type": "Feature", "properties": { "name": "Kaul Dr Deepak", "primary_type": "Essential Services", "sector_name": "23", "secondary_type": "doctor" }, "geometry": { "type": "Point", "coordinates": [ 76.766781, 30.7396514 ] } },
{ "type": "Feature", "properties": { "name": "iHealUPhysiotherapy", "primary_type": "Essential Services", "sector_name": "23", "secondary_type": "hospital" }, "geometry": { "type": "Point", "coordinates": [ 76.7668181, 30.7396554 ] } },
{ "type": "Feature", "properties": { "name": "Ehh Bee Medicos", "primary_type": "Essential Services", "sector_name": "23", "secondary_type": "pharmacy" }, "geometry": { "type": "Point", "coordinates": [ 76.7668181, 30.7396554 ] } },
{ "type": "Feature", "properties": { "name": "Sector 23 Ramlila Ground", "primary_type": "Tourism", "sector_name": "23", "secondary_type": "park" }, "geometry": { "type": "Point", "coordinates": [ 76.7656913, 30.738737 ] } },
{ "type": "Feature", "properties": { "name": "Yoga Swimming Pool", "primary_type": "Sports", "sector_name": "23", "secondary_type": "swimming_pool" }, "geometry": { "type": "Point", "coordinates": [ 76.7663403, 30.7427774 ] } },
{ "type": "Feature", "properties": { "name": "Helmet Shop", "primary_type": "Shopping", "sector_name": "23", "secondary_type": "clothing_store" }, "geometry": { "type": "Point", "coordinates": [ 76.7652856, 30.7427691 ] } },
{ "type": "Feature", "properties": { "name": "Dr. Dikshita Goyal | Dermatology | Teleconsult clinic", "primary_type": "Essential Services", "sector_name": "23", "secondary_type": "doctor" }, "geometry": { "type": "Point", "coordinates": [ 76.7645943, 30.7416747 ] } },
{ "type": "Feature", "properties": { "name": "Children Traffic Park", "primary_type": "Tourism", "sector_name": "23", "secondary_type": "park" }, "geometry": { "type": "Point", "coordinates": [ 76.7649692, 30.7442325 ] } },
{ "type": "Feature", "properties": { "name": "parker", "primary_type": "Tourism", "sector_name": "23", "secondary_type": "park" }, "geometry": { "type": "Point", "coordinates": [ 76.7648944, 30.7441969 ] } },
{ "type": "Feature", "properties": { "name": "Park sector 23", "primary_type": "Tourism", "sector_name": "23", "secondary_type": "park" }, "geometry": { "type": "Point", "coordinates": [ 76.768958, 30.7426999 ] } },
{ "type": "Feature", "properties": { "name": "Volleyball Ground", "primary_type": "Sports", "sector_name": "23", "secondary_type": "playground" }, "geometry": { "type": "Point", "coordinates": [ 76.7683548, 30.7442055 ] } },
{ "type": "Feature", "properties": { "name": "Lawn tennis", "primary_type": "Sports", "sector_name": "23", "secondary_type": "playground" }, "geometry": { "type": "Point", "coordinates": [ 76.7680883, 30.744617 ] } },
{ "type": "Feature", "properties": { "name": "Taxi point", "primary_type": "Public Transport", "sector_name": "23", "secondary_type": "taxi_stand" }, "geometry": { "type": "Point", "coordinates": [ 76.768711, 30.7408671 ] } },
{ "type": "Feature", "properties": { "name": "International Dolls Museum", "primary_type": "Entertainment", "sector_name": "23", "secondary_type": "museum" }, "geometry": { "type": "Point", "coordinates": [ 76.7709814, 30.7411787 ] } },
{ "type": "Feature", "properties": { "name": "KV Food Theka", "primary_type": "Food and Drinks", "sector_name": "23", "secondary_type": "restaurant" }, "geometry": { "type": "Point", "coordinates": [ 76.7693429, 30.7412187 ] } },
{ "type": "Feature", "properties": { "name": "Bal Bhawan", "primary_type": "Entertainment", "sector_name": "23", "secondary_type": "museum" }, "geometry": { "type": "Point", "coordinates": [ 76.7712264, 30.7412293 ] } },
{ "type": "Feature", "properties": { "name": "A.M Textile Agency", "primary_type": "Shopping", "sector_name": "22", "secondary_type": "clothing_store" }, "geometry": { "type": "Point", "coordinates": [ 76.773003, 30.739151 ] } },
{ "type": "Feature", "properties": { "name": "SA Collections", "primary_type": "Shopping", "sector_name": "23", "secondary_type": "clothing_store" }, "geometry": { "type": "Point", "coordinates": [ 76.7729835, 30.7397953 ] } },
{ "type": "Feature", "properties": { "name": "Dr. Hardeep Singh Clinic - NDDRC", "primary_type": "Essential Services", "sector_name": "23", "secondary_type": "doctor" }, "geometry": { "type": "Point", "coordinates": [ 76.7729096, 30.7409935 ] } },
{ "type": "Feature", "properties": { "name": "Nellllllluuu", "primary_type": "Food and Drinks", "sector_name": "23", "secondary_type": "bar" }, "geometry": { "type": "Point", "coordinates": [ 76.7713708, 30.7431324 ] } },
{ "type": "Feature", "properties": { "name": "sudharmastudio", "primary_type": "Tourism", "sector_name": "16", "secondary_type": "private_guest_room" }, "geometry": { "type": "Point", "coordinates": [ 76.7716615, 30.7435191 ] } },
{ "type": "Feature", "properties": { "name": "Munch music & more", "primary_type": "Food and Drinks", "sector_name": "16", "secondary_type": "cafe" }, "geometry": { "type": "Point", "coordinates": [ 76.7717298, 30.7436114 ] } },
{ "type": "Feature", "properties": { "name": "Dr. Suneet Tayal - Best Gynaecologist in Chandigarh", "primary_type": "Essential Services", "sector_name": "16", "secondary_type": "doctor" }, "geometry": { "type": "Point", "coordinates": [ 76.7727121, 30.7433547 ] } },
{ "type": "Feature", "properties": { "name": "Dr. Sumant S Sahgal", "primary_type": "Essential Services", "sector_name": "16", "secondary_type": "doctor" }, "geometry": { "type": "Point", "coordinates": [ 76.771661, 30.7452638 ] } },
{ "type": "Feature", "properties": { "name": "Chandigarh nu Dhaba", "primary_type": "Food and Drinks", "sector_name": "17", "secondary_type": "indian_restaurant" }, "geometry": { "type": "Point", "coordinates": [ 76.7778391, 30.7363239 ] } },
{ "type": "Feature", "properties": { "name": "Football Ground", "primary_type": "Sports", "sector_name": "17", "secondary_type": "playground" }, "geometry": { "type": "Point", "coordinates": [ 76.7801778, 30.7378098 ] } },
{ "type": "Feature", "properties": { "name": "Dr. Rajiv Mirchia - Dr Agarwals Eye Hospital", "primary_type": "Essential Services", "sector_name": "17", "secondary_type": "doctor" }, "geometry": { "type": "Point", "coordinates": [ 76.7776825, 30.7375263 ] } },
{ "type": "Feature", "properties": { "name": "Urban Park, Sector 17", "primary_type": "Tourism", "sector_name": "17", "secondary_type": "park" }, "geometry": { "type": "Point", "coordinates": [ 76.7793609, 30.7375037 ] } },
{ "type": "Feature", "properties": { "name": "Malik Taxi Service", "primary_type": "Public Transport", "sector_name": "17", "secondary_type": "taxi_stand" }, "geometry": { "type": "Point", "coordinates": [ 76.7786112, 30.7356231 ] } },
{ "type": "Feature", "properties": { "name": "DjBaap", "primary_type": "Entertainment", "sector_name": "17", "secondary_type": "movie_theater" }, "geometry": { "type": "Point", "coordinates": [ 76.7771912, 30.7365974 ] } },
{ "type": "Feature", "properties": { "name": "Chandigarh Bus Terminus", "primary_type": "Public Transport", "sector_name": "17", "secondary_type": "bus_station" }, "geometry": { "type": "Point", "coordinates": [ 76.778775, 30.735554 ] } },
{ "type": "Feature", "properties": { "name": "The Chef", "primary_type": "Food and Drinks", "sector_name": "17", "secondary_type": "restaurant" }, "geometry": { "type": "Point", "coordinates": [ 76.7787354, 30.7355445 ] } },
{ "type": "Feature", "properties": { "name": "Coffee Shop 17", "primary_type": "Food and Drinks", "sector_name": "17", "secondary_type": "coffee_shop" }, "geometry": { "type": "Point", "coordinates": [ 76.7787272, 30.7380175 ] } },
{ "type": "Feature", "properties": { "name": "Dhruv Communication", "primary_type": "Food and Drinks", "sector_name": "17", "secondary_type": "coffee_shop" }, "geometry": { "type": "Point", "coordinates": [ 76.7788889, 30.7353818 ] } },
{ "type": "Feature", "properties": { "name": "Mahzabi", "primary_type": "Food and Drinks", "sector_name": "17", "secondary_type": "fast_food_restaurant" }, "geometry": { "type": "Point", "coordinates": [ 76.7788889, 30.7353818 ] } },
{ "type": "Feature", "properties": { "name": "RADHA WHOLESAL", "primary_type": "Shopping", "sector_name": "22", "secondary_type": "clothing_store" }, "geometry": { "type": "Point", "coordinates": [ 76.7771945, 30.7357444 ] } },
{ "type": "Feature", "properties": { "name": "SpreadLove", "primary_type": "Food and Drinks", "sector_name": "17", "secondary_type": "restaurant" }, "geometry": { "type": "Point", "coordinates": [ 76.7800757, 30.7373216 ] } },
{ "type": "Feature", "properties": { "name": "Raymond Made to Measure", "primary_type": "Shopping", "sector_name": "17", "secondary_type": "clothing_store" }, "geometry": { "type": "Point", "coordinates": [ 76.7786824, 30.7397589 ] } },
{ "type": "Feature", "properties": { "name": "Sector 17-E Park", "primary_type": "Tourism", "sector_name": "17", "secondary_type": "park" }, "geometry": { "type": "Point", "coordinates": [ 76.7782491, 30.7402925 ] } },
{ "type": "Feature", "properties": { "name": "ColorPlus", "primary_type": "Shopping", "sector_name": "17", "secondary_type": "clothing_store" }, "geometry": { "type": "Point", "coordinates": [ 76.778919, 30.7399992 ] } },
{ "type": "Feature", "properties": { "name": "Van Heusen Sec - 17 Chandigarh", "primary_type": "Shopping", "sector_name": "17", "secondary_type": "clothing_store" }, "geometry": { "type": "Point", "coordinates": [ 76.7787612, 30.739659 ] } },
{ "type": "Feature", "properties": { "name": "U.S. Polo Assn.", "primary_type": "Shopping", "sector_name": "17", "secondary_type": "clothing_store" }, "geometry": { "type": "Point", "coordinates": [ 76.7776536, 30.7400184 ] } },
{ "type": "Feature", "properties": { "name": "Catwalk", "primary_type": "Shopping", "sector_name": "17", "secondary_type": "clothing_store" }, "geometry": { "type": "Point", "coordinates": [ 76.7776536, 30.7400184 ] } },
{ "type": "Feature", "properties": { "name": "Reebok Sector 17 E", "primary_type": "Shopping", "sector_name": "17", "secondary_type": "clothing_store" }, "geometry": { "type": "Point", "coordinates": [ 76.7794131, 30.7400478 ] } },
{ "type": "Feature", "properties": { "name": "Punjab Postal Circle", "primary_type": "Essential Services", "sector_name": "17", "secondary_type": "post_office" }, "geometry": { "type": "Point", "coordinates": [ 76.7777316, 30.7406271 ] } },
{ "type": "Feature", "properties": { "name": "Black Pepper AKVR Cafe&Resto", "primary_type": "Food and Drinks", "sector_name": "17", "secondary_type": "restaurant" }, "geometry": { "type": "Point", "coordinates": [ 76.7795869, 30.7399881 ] } },
{ "type": "Feature", "properties": { "name": "Louis Philippe - Sector 17E", "primary_type": "Shopping", "sector_name": "17", "secondary_type": "clothing_store" }, "geometry": { "type": "Point", "coordinates": [ 76.7795806, 30.7398535 ] } },
{ "type": "Feature", "properties": { "name": "Rajan Samosa Wala", "primary_type": "Food and Drinks", "sector_name": "17", "secondary_type": "indian_restaurant" }, "geometry": { "type": "Point", "coordinates": [ 76.779015, 30.7410517 ] } },
{ "type": "Feature", "properties": { "name": "Sector 17", "primary_type": "Food and Drinks", "sector_name": "17", "secondary_type": "coffee_shop" }, "geometry": { "type": "Point", "coordinates": [ 76.779015, 30.7410517 ] } },
{ "type": "Feature", "properties": { "name": "ਮੇਜ਼ਬਾਨ", "primary_type": "Food and Drinks", "sector_name": "17", "secondary_type": "restaurant" }, "geometry": { "type": "Point", "coordinates": [ 76.779015, 30.7410517 ] } },
{ "type": "Feature", "properties": { "name": "Traditional Apparel", "primary_type": "Shopping", "sector_name": "17", "secondary_type": "clothing_store" }, "geometry": { "type": "Point", "coordinates": [ 76.779015, 30.7410517 ] } },
{ "type": "Feature", "properties": { "name": "Stadium", "primary_type": "Tourism", "sector_name": "17", "secondary_type": "park" }, "geometry": { "type": "Point", "coordinates": [ 76.779015, 30.7410517 ] } },
{ "type": "Feature", "properties": { "name": "Parade Ground", "primary_type": "Sports", "sector_name": "17", "secondary_type": "playground" }, "geometry": { "type": "Point", "coordinates": [ 76.779015, 30.7410517 ] } },
{ "type": "Feature", "properties": { "name": "Tibetan Market", "primary_type": "Shopping", "sector_name": "17", "secondary_type": "clothing_store" }, "geometry": { "type": "Point", "coordinates": [ 76.7820951, 30.7367645 ] } },
{ "type": "Feature", "properties": { "name": "Ramashankar Book Stall", "primary_type": "Shopping", "sector_name": "17", "secondary_type": "book_store" }, "geometry": { "type": "Point", "coordinates": [ 76.7821397, 30.7369743 ] } },
{ "type": "Feature", "properties": { "name": "Potala Market", "primary_type": "Shopping", "sector_name": "17", "secondary_type": "clothing_store" }, "geometry": { "type": "Point", "coordinates": [ 76.7819055, 30.7370126 ] } },
{ "type": "Feature", "properties": { "name": "Peter England", "primary_type": "Shopping", "sector_name": "17", "secondary_type": "clothing_store" }, "geometry": { "type": "Point", "coordinates": [ 76.7834776, 30.7376312 ] } },
{ "type": "Feature", "properties": { "name": "Sagar Ratna", "primary_type": "Food and Drinks", "sector_name": "17", "secondary_type": "indian_restaurant" }, "geometry": { "type": "Point", "coordinates": [ 76.7832903, 30.7378401 ] } },
{ "type": "Feature", "properties": { "name": "Kohinoor Trends", "primary_type": "Shopping", "sector_name": "17", "secondary_type": "clothing_store" }, "geometry": { "type": "Point", "coordinates": [ 76.7832947, 30.7378993 ] } },
{ "type": "Feature", "properties": { "name": "Louis Philippe", "primary_type": "Shopping", "sector_name": "17", "secondary_type": "clothing_store" }, "geometry": { "type": "Point", "coordinates": [ 76.7831073, 30.7380483 ] } },
{ "type": "Feature", "properties": { "name": "adidas Originals", "primary_type": "Shopping", "sector_name": "17", "secondary_type": "clothing_store" }, "geometry": { "type": "Point", "coordinates": [ 76.7831948, 30.7380287 ] } },
{ "type": "Feature", "properties": { "name": "NIKE", "primary_type": "Shopping", "sector_name": "17", "secondary_type": "clothing_store" }, "geometry": { "type": "Point", "coordinates": [ 76.7831266, 30.7380969 ] } },
{ "type": "Feature", "properties": { "name": "Woodland", "primary_type": "Shopping", "sector_name": "17", "secondary_type": "shoe_store" }, "geometry": { "type": "Point", "coordinates": [ 76.7822094, 30.738129 ] } },
{ "type": "Feature", "properties": { "name": "Vanheusen Exclusive store", "primary_type": "Shopping", "sector_name": "17", "secondary_type": "clothing_store" }, "geometry": { "type": "Point", "coordinates": [ 76.7823022, 30.7381653 ] } },
{ "type": "Feature", "properties": { "name": "Emerge", "primary_type": "Shopping", "sector_name": "17", "secondary_type": "clothing_store" }, "geometry": { "type": "Point", "coordinates": [ 76.7823073, 30.7381791 ] } },
{ "type": "Feature", "properties": { "name": "Zodiac", "primary_type": "Shopping", "sector_name": "17", "secondary_type": "clothing_store" }, "geometry": { "type": "Point", "coordinates": [ 76.7830197, 30.7381823 ] } },
{ "type": "Feature", "properties": { "name": "Sant Ram's Jewellers", "primary_type": "Shopping", "sector_name": "17", "secondary_type": "jewelry_store" }, "geometry": { "type": "Point", "coordinates": [ 76.782957, 30.738228 ] } },
{ "type": "Feature", "properties": { "name": "Style Dress Land", "primary_type": "Shopping", "sector_name": "17", "secondary_type": "clothing_store" }, "geometry": { "type": "Point", "coordinates": [ 76.782867, 30.738262 ] } },
{ "type": "Feature", "properties": { "name": "Cloth Palace", "primary_type": "Shopping", "sector_name": "17", "secondary_type": "clothing_store" }, "geometry": { "type": "Point", "coordinates": [ 76.7830748, 30.7382304 ] } },
{ "type": "Feature", "properties": { "name": "Raymond - Ready to Wear", "primary_type": "Shopping", "sector_name": "17", "secondary_type": "clothing_store" }, "geometry": { "type": "Point", "coordinates": [ 76.782663, 30.7383694 ] } },
{ "type": "Feature", "properties": { "name": "The English Book Shop", "primary_type": "Shopping", "sector_name": "17", "secondary_type": "book_store" }, "geometry": { "type": "Point", "coordinates": [ 76.78214, 30.738363 ] } },
{ "type": "Feature", "properties": { "name": "ETHNIC TRENDS", "primary_type": "Shopping", "sector_name": "17", "secondary_type": "clothing_store" }, "geometry": { "type": "Point", "coordinates": [ 76.7825665, 30.7400116 ] } },
{ "type": "Feature", "properties": { "name": "Bridge Market sector 17", "primary_type": "Shopping", "sector_name": "17", "secondary_type": "market" }, "geometry": { "type": "Point", "coordinates": [ 76.7827568, 30.7399034 ] } },
{ "type": "Feature", "properties": { "name": "Ajit Punjabi Jutti Chandigarh sector 17", "primary_type": "Shopping", "sector_name": "17", "secondary_type": "market" }, "geometry": { "type": "Point", "coordinates": [ 76.782598, 30.7401837 ] } },
{ "type": "Feature", "properties": { "name": "Chhuttani Medical Centre", "primary_type": "Essential Services", "sector_name": "17", "secondary_type": "hospital" }, "geometry": { "type": "Point", "coordinates": [ 76.7826268, 30.7401874 ] } },
{ "type": "Feature", "properties": { "name": "𝗗𝗿. 𝗔𝗺𝗮𝗿 𝗢𝗿𝘁𝗵𝗼𝗽𝗲𝗱𝗶𝗰", "primary_type": "Essential Services", "sector_name": "17", "secondary_type": "doctor" }, "geometry": { "type": "Point", "coordinates": [ 76.7826212, 30.740194 ] } },
{ "type": "Feature", "properties": { "name": "Dr Anup Kumar Roy - ਕੰਨ ਨੱਕ ਅਤੇ ਗਲਾ (ENT) ਡਾਕਟਰ", "primary_type": "Essential Services", "sector_name": "17", "secondary_type": "doctor" }, "geometry": { "type": "Point", "coordinates": [ 76.7826178, 30.7401955 ] } },
{ "type": "Feature", "properties": { "name": "Books and coffee", "primary_type": "Food and Drinks", "sector_name": "17", "secondary_type": "coffee_shop" }, "geometry": { "type": "Point", "coordinates": [ 76.7824482, 30.740114 ] } },
{ "type": "Feature", "properties": { "name": "Manu Ethnic Wear", "primary_type": "Shopping", "sector_name": "17", "secondary_type": "clothing_store" }, "geometry": { "type": "Point", "coordinates": [ 76.7824676, 30.740154 ] } },
{ "type": "Feature", "properties": { "name": "Gujral & Sons", "primary_type": "Shopping", "sector_name": "17", "secondary_type": "clothing_store" }, "geometry": { "type": "Point", "coordinates": [ 76.7826805, 30.7398338 ] } },
{ "type": "Feature", "properties": { "name": "Eating Joint Family Rasoi", "primary_type": "Food and Drinks", "sector_name": "17", "secondary_type": "restaurant" }, "geometry": { "type": "Point", "coordinates": [ 76.7827, 30.739834 ] } },
{ "type": "Feature", "properties": { "name": "Oriental Bank of Commerce ATM", "primary_type": "Essential Services", "sector_name": "17", "secondary_type": "atm" }, "geometry": { "type": "Point", "coordinates": [ 76.7827, 30.739834 ] } },
{ "type": "Feature", "properties": { "name": "City Mall", "primary_type": "Shopping", "sector_name": "17", "secondary_type": "shopping_mall" }, "geometry": { "type": "Point", "coordinates": [ 76.782702, 30.7398339 ] } },
{ "type": "Feature", "properties": { "name": "Fountain With Music And Light", "primary_type": "Shopping", "sector_name": "17", "secondary_type": "shopping_mall" }, "geometry": { "type": "Point", "coordinates": [ 76.782702, 30.7398339 ] } },
{ "type": "Feature", "properties": { "name": "Neurology Research Lab", "primary_type": "Essential Services", "sector_name": "17", "secondary_type": "medical_lab" }, "geometry": { "type": "Point", "coordinates": [ 76.782702, 30.7398339 ] } },
{ "type": "Feature", "properties": { "name": "Bajaj Enterprise", "primary_type": "Essential Services", "sector_name": "17", "secondary_type": "pharmacy" }, "geometry": { "type": "Point", "coordinates": [ 76.782702, 30.7398339 ] } },
{ "type": "Feature", "properties": { "name": "Dr Vimal Karmakar", "primary_type": "Essential Services", "sector_name": "17", "secondary_type": "doctor" }, "geometry": { "type": "Point", "coordinates": [ 76.782702, 30.7398339 ] } },
{ "type": "Feature", "properties": { "name": "Savita Mrs Dr Gulati", "primary_type": "Essential Services", "sector_name": "17", "secondary_type": "doctor" }, "geometry": { "type": "Point", "coordinates": [ 76.782702, 30.7398339 ] } },
{ "type": "Feature", "properties": { "name": "Frontier Raas", "primary_type": "Shopping", "sector_name": "17", "secondary_type": "clothing_store" }, "geometry": { "type": "Point", "coordinates": [ 76.7833915, 30.743573 ] } },
{ "type": "Feature", "properties": { "name": "Shehanshah Restaurant", "primary_type": "Food and Drinks", "sector_name": "17", "secondary_type": "restaurant" }, "geometry": { "type": "Point", "coordinates": [ 76.7834216, 30.7436293 ] } },
{ "type": "Feature", "properties": { "name": "Subway (Underground Tunnel)", "primary_type": "Tourism", "sector_name": "17", "secondary_type": "tourist_attraction" }, "geometry": { "type": "Point", "coordinates": [ 76.7832773, 30.7443044 ] } },
{ "type": "Feature", "properties": { "name": "The Secret Society", "primary_type": "Shopping", "sector_name": "17", "secondary_type": "clothing_store" }, "geometry": { "type": "Point", "coordinates": [ 76.7812429, 30.743338 ] } },
{ "type": "Feature", "properties": { "name": "Under pass, Rose garden", "primary_type": "Tourism", "sector_name": "17", "secondary_type": "park" }, "geometry": { "type": "Point", "coordinates": [ 76.7830207, 30.7445023 ] } },
{ "type": "Feature", "properties": { "name": "Negi Wilderness Education", "primary_type": "Sports", "sector_name": "17", "secondary_type": "adventure_sports_center" }, "geometry": { "type": "Point", "coordinates": [ 76.7840189, 30.7438361 ] } },
{ "type": "Feature", "properties": { "name": "Brain And Spine Centre", "primary_type": "Essential Services", "sector_name": "17", "secondary_type": "hospital" }, "geometry": { "type": "Point", "coordinates": [ 76.7831871, 30.7420939 ] } },
{ "type": "Feature", "properties": { "name": "Dr G S Saluja Clinic", "primary_type": "Essential Services", "sector_name": "17", "secondary_type": "doctor" }, "geometry": { "type": "Point", "coordinates": [ 76.7831871, 30.7420939 ] } },
{ "type": "Feature", "properties": { "name": "Koyo Koyo Restaurant", "primary_type": "Food and Drinks", "sector_name": "17", "secondary_type": "asian_restaurant" }, "geometry": { "type": "Point", "coordinates": [ 76.7836729, 30.7444378 ] } },
{ "type": "Feature", "properties": { "name": "Kings style tailors and drapers", "primary_type": "Shopping", "sector_name": "17", "secondary_type": "clothing_store" }, "geometry": { "type": "Point", "coordinates": [ 76.7834231, 30.7420247 ] } },
{ "type": "Feature", "properties": { "name": "Royal mens clothing", "primary_type": "Shopping", "sector_name": "17", "secondary_type": "clothing_store" }, "geometry": { "type": "Point", "coordinates": [ 76.7834231, 30.7420247 ] } },
{ "type": "Feature", "properties": { "name": "GPO", "primary_type": "Essential Services", "sector_name": "17", "secondary_type": "atm" }, "geometry": { "type": "Point", "coordinates": [ 76.7834231, 30.7420247 ] } },
{ "type": "Feature", "properties": { "name": "Aadhaar PEC", "primary_type": "Essential Services", "sector_name": "17", "secondary_type": "post_office" }, "geometry": { "type": "Point", "coordinates": [ 76.7835331, 30.7420487 ] } },
{ "type": "Feature", "properties": { "name": "Kohinoor Tailors Kohinoor world", "primary_type": "Shopping", "sector_name": "17", "secondary_type": "clothing_store" }, "geometry": { "type": "Point", "coordinates": [ 76.783508, 30.7420328 ] } },
{ "type": "Feature", "properties": { "name": "Corby's Restaurant", "primary_type": "Food and Drinks", "sector_name": "17", "secondary_type": "cafe" }, "geometry": { "type": "Point", "coordinates": [ 76.7835242, 30.744631 ] } },
{ "type": "Feature", "properties": { "name": "Organic India Store - Sector 17A, Chandigarh", "primary_type": "Shopping", "sector_name": "17", "secondary_type": "store" }, "geometry": { "type": "Point", "coordinates": [ 76.784335, 30.7438614 ] } },
{ "type": "Feature", "properties": { "name": "Central Bank Of India-Atm", "primary_type": "Essential Services", "sector_name": "17", "secondary_type": "atm" }, "geometry": { "type": "Point", "coordinates": [ 76.7868122, 30.7400249 ] } },
{ "type": "Feature", "properties": { "name": "RCC, PUNJAB NATIONAL BANK, CHANDIGARH", "primary_type": "Essential Services", "sector_name": "17", "secondary_type": "bank" }, "geometry": { "type": "Point", "coordinates": [ 76.7866958, 30.7402113 ] } },
{ "type": "Feature", "properties": { "name": "Bank of Baroda ZOSARB Chandigarh", "primary_type": "Essential Services", "sector_name": "17", "secondary_type": "bank" }, "geometry": { "type": "Point", "coordinates": [ 76.7866984, 30.7402208 ] } },
{ "type": "Feature", "properties": { "name": "Oriental Bank Of Commerce", "primary_type": "Essential Services", "sector_name": "17", "secondary_type": "bank" }, "geometry": { "type": "Point", "coordinates": [ 76.7866038, 30.7402747 ] } },
{ "type": "Feature", "properties": { "name": "Bank of Baroda ROSARB Chandigarh", "primary_type": "Essential Services", "sector_name": "17", "secondary_type": "bank" }, "geometry": { "type": "Point", "coordinates": [ 76.7863979, 30.7404798 ] } },
{ "type": "Feature", "properties": { "name": "Bank of Baroda Chandigarh Main Branch", "primary_type": "Essential Services", "sector_name": "17", "secondary_type": "bank" }, "geometry": { "type": "Point", "coordinates": [ 76.78668, 30.74058 ] } },
{ "type": "Feature", "properties": { "name": "Central Bank of India", "primary_type": "Essential Services", "sector_name": "17", "secondary_type": "bank" }, "geometry": { "type": "Point", "coordinates": [ 76.7871666, 30.7395402 ] } },
{ "type": "Feature", "properties": { "name": "SBI Cheque Clearing Cell", "primary_type": "Essential Services", "sector_name": "17", "secondary_type": "bank" }, "geometry": { "type": "Point", "coordinates": [ 76.7866684, 30.7405958 ] } },
{ "type": "Feature", "properties": { "name": "Punjab and Sind Bank", "primary_type": "Essential Services", "sector_name": "17", "secondary_type": "bank" }, "geometry": { "type": "Point", "coordinates": [ 76.787454, 30.739879 ] } },
{ "type": "Feature", "properties": { "name": "Snd Bank", "primary_type": "Essential Services", "sector_name": "17", "secondary_type": "bank" }, "geometry": { "type": "Point", "coordinates": [ 76.7874354, 30.7398103 ] } },
{ "type": "Feature", "properties": { "name": "Selected Cafe", "primary_type": "Food and Drinks", "sector_name": "17", "secondary_type": "cafe" }, "geometry": { "type": "Point", "coordinates": [ 76.7864084, 30.7393609 ] } },
{ "type": "Feature", "properties": { "name": "Octave Mettle 17th Square", "primary_type": "Shopping", "sector_name": "17", "secondary_type": "clothing_store" }, "geometry": { "type": "Point", "coordinates": [ 76.7872426, 30.7393966 ] } },
{ "type": "Feature", "properties": { "name": "State Bank Of India ATM & CDM", "primary_type": "Essential Services", "sector_name": "17", "secondary_type": "atm" }, "geometry": { "type": "Point", "coordinates": [ 76.7862192, 30.7405917 ] } },
{ "type": "Feature", "properties": { "name": "Herbs Cure", "primary_type": "Essential Services", "sector_name": "17", "secondary_type": "hospital" }, "geometry": { "type": "Point", "coordinates": [ 76.7860374, 30.7395607 ] } },
{ "type": "Feature", "properties": { "name": "Bali's", "primary_type": "Food and Drinks", "sector_name": "17", "secondary_type": "restaurant" }, "geometry": { "type": "Point", "coordinates": [ 76.7868119, 30.7433433 ] } },
{ "type": "Feature", "properties": { "name": "Bali's Rooftop Lounge - Bar & Lounge In Chandigarh - Best Restaurant In Chandigarh", "primary_type": "Food and Drinks", "sector_name": "17", "secondary_type": "bar" }, "geometry": { "type": "Point", "coordinates": [ 76.7867651, 30.7431106 ] } },
{ "type": "Feature", "properties": { "name": "Tiz - Cocktail, Coffee and Conversations", "primary_type": "Food and Drinks", "sector_name": "17", "secondary_type": "restaurant" }, "geometry": { "type": "Point", "coordinates": [ 76.78706, 30.7436163 ] } },
{ "type": "Feature", "properties": { "name": "Bon Sante - Established 1989", "primary_type": "Sports", "sector_name": "17", "secondary_type": "gym" }, "geometry": { "type": "Point", "coordinates": [ 76.7872131, 30.7434356 ] } },
{ "type": "Feature", "properties": { "name": "BACK TO SOURCE - Organic Food Restaurants, Coffee & Bakery", "primary_type": "Food and Drinks", "sector_name": "17", "secondary_type": "restaurant" }, "geometry": { "type": "Point", "coordinates": [ 76.7864108, 30.7430835 ] } },
{ "type": "Feature", "properties": { "name": "7ven 11ven Restaurant", "primary_type": "Food and Drinks", "sector_name": "17", "secondary_type": "indian_restaurant" }, "geometry": { "type": "Point", "coordinates": [ 76.7873008, 30.7435388 ] } },
{ "type": "Feature", "properties": { "name": "Raju Praveen tea stall and paratha wala", "primary_type": "Food and Drinks", "sector_name": "17", "secondary_type": "indian_restaurant" }, "geometry": { "type": "Point", "coordinates": [ 76.7872819, 30.7435937 ] } },
{ "type": "Feature", "properties": { "name": "Naveen Textiles", "primary_type": "Shopping", "sector_name": "17", "secondary_type": "clothing_store" }, "geometry": { "type": "Point", "coordinates": [ 76.7874623, 30.7437069 ] } },
{ "type": "Feature", "properties": { "name": "Roojhan Designer Studio", "primary_type": "Shopping", "sector_name": "17", "secondary_type": "clothing_store" }, "geometry": { "type": "Point", "coordinates": [ 76.7859299, 30.7433378 ] } },
{ "type": "Feature", "properties": { "name": "City Book shop", "primary_type": "Shopping", "sector_name": "17", "secondary_type": "book_store" }, "geometry": { "type": "Point", "coordinates": [ 76.7859021, 30.7435591 ] } },
{ "type": "Feature", "properties": { "name": "Malwa Consumer", "primary_type": "Shopping", "sector_name": "17", "secondary_type": "clothing_store" }, "geometry": { "type": "Point", "coordinates": [ 76.7858884, 30.7435609 ] } },
{ "type": "Feature", "properties": { "name": "Saini Book Depot", "primary_type": "Shopping", "sector_name": "17", "secondary_type": "book_store" }, "geometry": { "type": "Point", "coordinates": [ 76.7858669, 30.7435067 ] } },
{ "type": "Feature", "properties": { "name": "Pandey Book House", "primary_type": "Shopping", "sector_name": "17", "secondary_type": "book_store" }, "geometry": { "type": "Point", "coordinates": [ 76.7858696, 30.7436355 ] } },
{ "type": "Feature", "properties": { "name": "Original Harman", "primary_type": "Shopping", "sector_name": "17", "secondary_type": "clothing_store" }, "geometry": { "type": "Point", "coordinates": [ 76.7872113, 30.742542 ] } },
{ "type": "Feature", "properties": { "name": "Suit Me Up (Design Studio)", "primary_type": "Shopping", "sector_name": "17", "secondary_type": "clothing_store" }, "geometry": { "type": "Point", "coordinates": [ 76.7857801, 30.7435038 ] } },
{ "type": "Feature", "properties": { "name": "Holly Drugs Private Limited", "primary_type": "Shopping", "sector_name": "17", "secondary_type": "wholesaler" }, "geometry": { "type": "Point", "coordinates": [ 76.7876571, 30.7426601 ] } },
{ "type": "Feature", "properties": { "name": "Modern Book House", "primary_type": "Shopping", "sector_name": "17", "secondary_type": "book_store" }, "geometry": { "type": "Point", "coordinates": [ 76.786911, 30.7422766 ] } },
{ "type": "Feature", "properties": { "name": "Singla Law Agency", "primary_type": "Shopping", "sector_name": "17", "secondary_type": "book_store" }, "geometry": { "type": "Point", "coordinates": [ 76.7874086, 30.7424094 ] } },
{ "type": "Feature", "properties": { "name": "Classic Book Center", "primary_type": "Shopping", "sector_name": "17", "secondary_type": "book_store" }, "geometry": { "type": "Point", "coordinates": [ 76.7870632, 30.7422757 ] } },
{ "type": "Feature", "properties": { "name": "Gopal Law Agency", "primary_type": "Shopping", "sector_name": "17", "secondary_type": "book_store" }, "geometry": { "type": "Point", "coordinates": [ 76.7874562, 30.7424136 ] } },
{ "type": "Feature", "properties": { "name": "Old L Street", "primary_type": "Tourism", "sector_name": "8", "secondary_type": "park" }, "geometry": { "type": "Point", "coordinates": [ 76.795367, 30.7385386 ] } },
{ "type": "Feature", "properties": { "name": "The ONE Chandigarh", "primary_type": "Essential Services", "sector_name": "8", "secondary_type": "hospital" }, "geometry": { "type": "Point", "coordinates": [ 76.7947665, 30.7376366 ] } },
{ "type": "Feature", "properties": { "name": "The Dental Cares", "primary_type": "Essential Services", "sector_name": "8", "secondary_type": "doctor" }, "geometry": { "type": "Point", "coordinates": [ 76.7948587, 30.7375445 ] } },
{ "type": "Feature", "properties": { "name": "RACPC SBI", "primary_type": "Essential Services", "sector_name": "8", "secondary_type": "bank" }, "geometry": { "type": "Point", "coordinates": [ 76.7945907, 30.7377081 ] } },
{ "type": "Feature", "properties": { "name": "Adiva Designer Studio", "primary_type": "Shopping", "sector_name": "8", "secondary_type": "clothing_store" }, "geometry": { "type": "Point", "coordinates": [ 76.7955877, 30.7375423 ] } },
{ "type": "Feature", "properties": { "name": "DRYP Bar & Lounge", "primary_type": "Food and Drinks", "sector_name": "8", "secondary_type": "bar" }, "geometry": { "type": "Point", "coordinates": [ 76.7949037, 30.7372228 ] } },
{ "type": "Feature", "properties": { "name": "THE CUBE", "primary_type": "Food and Drinks", "sector_name": "8", "secondary_type": "restaurant" }, "geometry": { "type": "Point", "coordinates": [ 76.7949024, 30.7372159 ] } },
{ "type": "Feature", "properties": { "name": "O' Chicken India - Oil Free Healthy Chicken", "primary_type": "Food and Drinks", "sector_name": "8", "secondary_type": "restaurant" }, "geometry": { "type": "Point", "coordinates": [ 76.7949957, 30.737125 ] } },
{ "type": "Feature", "properties": { "name": "Wonder Land", "primary_type": "Shopping", "sector_name": "8", "secondary_type": "store" }, "geometry": { "type": "Point", "coordinates": [ 76.7952329, 30.737119 ] } },
{ "type": "Feature", "properties": { "name": "1078, Madhya Marg", "primary_type": "Tourism", "sector_name": "8", "secondary_type": "park" }, "geometry": { "type": "Point", "coordinates": [ 76.7957276, 30.7391931 ] } },
{ "type": "Feature", "properties": { "name": "The Mind", "primary_type": "Essential Services", "sector_name": "8", "secondary_type": "hospital" }, "geometry": { "type": "Point", "coordinates": [ 76.7943457, 30.7388097 ] } },
{ "type": "Feature", "properties": { "name": "Best Hairtransplant Clinic In Chandigarh - Skin and Sculpt", "primary_type": "Essential Services", "sector_name": "8", "secondary_type": "doctor" }, "geometry": { "type": "Point", "coordinates": [ 76.7940273, 30.7385958 ] } },
{ "type": "Feature", "properties": { "name": "Flight Pilot: 3D Simulator", "primary_type": "Sports", "sector_name": "8", "secondary_type": "adventure_sports_center" }, "geometry": { "type": "Point", "coordinates": [ 76.7949614, 30.7389818 ] } },
{ "type": "Feature", "properties": { "name": "Dr. Anil Sofat- Neuro Surgeon, Neck Pain, Back Pain Specialist", "primary_type": "Essential Services", "sector_name": "8", "secondary_type": "doctor" }, "geometry": { "type": "Point", "coordinates": [ 76.7949614, 30.7389818 ] } },
{ "type": "Feature", "properties": { "name": "24x7 Lab and Pharmacy in Chandigarh - City Hospital Chandigarh", "primary_type": "Essential Services", "sector_name": "8", "secondary_type": "hospital" }, "geometry": { "type": "Point", "coordinates": [ 76.795928, 30.741166 ] } },
{ "type": "Feature", "properties": { "name": "Dr Manoj Sharma | Urologist | Apollo Clinic Chandigarh", "primary_type": "Essential Services", "sector_name": "8", "secondary_type": "doctor" }, "geometry": { "type": "Point", "coordinates": [ 76.795928, 30.741166 ] } },
{ "type": "Feature", "properties": { "name": "AnandSutra - Isha Hatha Yoga Chandigarh", "primary_type": "Sports", "sector_name": "8", "secondary_type": "yoga_studio" }, "geometry": { "type": "Point", "coordinates": [ 76.7951115, 30.7426122 ] } },
{ "type": "Feature", "properties": { "name": "Dr vibha sharma- best gynaecologist in Chandigarh", "primary_type": "Essential Services", "sector_name": "8", "secondary_type": "doctor" }, "geometry": { "type": "Point", "coordinates": [ 76.7931385, 30.7405758 ] } },
{ "type": "Feature", "properties": { "name": "World of Wings", "primary_type": "Food and Drinks", "sector_name": "8", "secondary_type": "restaurant" }, "geometry": { "type": "Point", "coordinates": [ 76.7970063, 30.7406673 ] } },
{ "type": "Feature", "properties": { "name": "Park Sector 8C", "primary_type": "Tourism", "sector_name": "8", "secondary_type": "park" }, "geometry": { "type": "Point", "coordinates": [ 76.7964888, 30.7398344 ] } },
{ "type": "Feature", "properties": { "name": "Ada- Sigdi Se", "primary_type": "Food and Drinks", "sector_name": "8", "secondary_type": "restaurant" }, "geometry": { "type": "Point", "coordinates": [ 76.7970413, 30.7407018 ] } },
{ "type": "Feature", "properties": { "name": "PAO JEE", "primary_type": "Food and Drinks", "sector_name": "8", "secondary_type": "fast_food_restaurant" }, "geometry": { "type": "Point", "coordinates": [ 76.7971071, 30.7407459 ] } },
{ "type": "Feature", "properties": { "name": "Hudson Chopsticks", "primary_type": "Food and Drinks", "sector_name": "8", "secondary_type": "asian_restaurant" }, "geometry": { "type": "Point", "coordinates": [ 76.7970662, 30.7405725 ] } },
{ "type": "Feature", "properties": { "name": "Bishanji's Cafe and Restaurant", "primary_type": "Food and Drinks", "sector_name": "8", "secondary_type": "restaurant" }, "geometry": { "type": "Point", "coordinates": [ 76.7970907, 30.7405834 ] } },
{ "type": "Feature", "properties": { "name": "Amar Stores", "primary_type": "Essential Services", "sector_name": "8", "secondary_type": "grocery_store" }, "geometry": { "type": "Point", "coordinates": [ 76.7971493, 30.7407107 ] } },
{ "type": "Feature", "properties": { "name": "Milkshake And Co.", "primary_type": "Food and Drinks", "sector_name": "8", "secondary_type": "cafe" }, "geometry": { "type": "Point", "coordinates": [ 76.7972147, 30.7408289 ] } },
{ "type": "Feature", "properties": { "name": "Pik N Move", "primary_type": "Food and Drinks", "sector_name": "8", "secondary_type": "fast_food_restaurant" }, "geometry": { "type": "Point", "coordinates": [ 76.7972234, 30.7408159 ] } },
{ "type": "Feature", "properties": { "name": "Republic of Chicken", "primary_type": "Food and Drinks", "sector_name": "8", "secondary_type": "restaurant" }, "geometry": { "type": "Point", "coordinates": [ 76.7972392, 30.7408467 ] } },
{ "type": "Feature", "properties": { "name": "Tikka World", "primary_type": "Food and Drinks", "sector_name": "8", "secondary_type": "indian_restaurant" }, "geometry": { "type": "Point", "coordinates": [ 76.7972218, 30.7406611 ] } },
{ "type": "Feature", "properties": { "name": "Gupta Mind Healing and Counselling Centre", "primary_type": "Essential Services", "sector_name": "8", "secondary_type": "doctor" }, "geometry": { "type": "Point", "coordinates": [ 76.7990113, 30.7381171 ] } },
{ "type": "Feature", "properties": { "name": "Kids Park 2", "primary_type": "Tourism", "sector_name": "8", "secondary_type": "park" }, "geometry": { "type": "Point", "coordinates": [ 76.8000418, 30.7379411 ] } },
{ "type": "Feature", "properties": { "name": "For roti", "primary_type": "Food and Drinks", "sector_name": "8", "secondary_type": "restaurant" }, "geometry": { "type": "Point", "coordinates": [ 76.7982547, 30.737323 ] } },
{ "type": "Feature", "properties": { "name": "Pappu Tandoor Wala", "primary_type": "Food and Drinks", "sector_name": "8", "secondary_type": "indian_restaurant" }, "geometry": { "type": "Point", "coordinates": [ 76.7981265, 30.7373957 ] } },
{ "type": "Feature", "properties": { "name": "Tillie's unisex salon", "primary_type": "Shopping", "sector_name": "8", "secondary_type": "beauty_salon" }, "geometry": { "type": "Point", "coordinates": [ 76.7985335, 30.7390261 ] } },
{ "type": "Feature", "properties": { "name": "Amit book store", "primary_type": "Shopping", "sector_name": "8", "secondary_type": "book_store" }, "geometry": { "type": "Point", "coordinates": [ 76.7975306, 30.7372868 ] } },
{ "type": "Feature", "properties": { "name": "24SEVEN", "primary_type": "Essential Services", "sector_name": "7", "secondary_type": "convenience_store" }, "geometry": { "type": "Point", "coordinates": [ 76.800229, 30.7367778 ] } },
{ "type": "Feature", "properties": { "name": "HeartiVillage Clinic", "primary_type": "Essential Services", "sector_name": "8", "secondary_type": "doctor" }, "geometry": { "type": "Point", "coordinates": [ 76.7976491, 30.7391731 ] } },
{ "type": "Feature", "properties": { "name": "Anokhi", "primary_type": "Shopping", "sector_name": "7", "secondary_type": "clothing_store" }, "geometry": { "type": "Point", "coordinates": [ 76.8004275, 30.7365253 ] } },
{ "type": "Feature", "properties": { "name": "Threads By Vivans", "primary_type": "Shopping", "sector_name": "7", "secondary_type": "clothing_store" }, "geometry": { "type": "Point", "coordinates": [ 76.8005511, 30.7366216 ] } },
{ "type": "Feature", "properties": { "name": "saundh sector 7c chandigarh", "primary_type": "Shopping", "sector_name": "7", "secondary_type": "clothing_store" }, "geometry": { "type": "Point", "coordinates": [ 76.800502, 30.7364192 ] } },
{ "type": "Feature", "properties": { "name": "Health Nutrition & Fitness International Co. (HNF)", "primary_type": "Essential Services", "sector_name": "8", "secondary_type": "pharmacy" }, "geometry": { "type": "Point", "coordinates": [ 76.7972979, 30.7365526 ] } },
{ "type": "Feature", "properties": { "name": "Long park", "primary_type": "Tourism", "sector_name": "8", "secondary_type": "park" }, "geometry": { "type": "Point", "coordinates": [ 76.7990745, 30.7413006 ] } },
{ "type": "Feature", "properties": { "name": "Nahari Chandigarh", "primary_type": "Food and Drinks", "sector_name": "8", "secondary_type": "indian_restaurant" }, "geometry": { "type": "Point", "coordinates": [ 76.799288, 30.7408387 ] } },
{ "type": "Feature", "properties": { "name": "The Burger Company", "primary_type": "Food and Drinks", "sector_name": "8", "secondary_type": "fast_food_restaurant" }, "geometry": { "type": "Point", "coordinates": [ 76.799288, 30.7408387 ] } },
{ "type": "Feature", "properties": { "name": "Sector 8 Market", "primary_type": "Shopping", "sector_name": "8", "secondary_type": "market" }, "geometry": { "type": "Point", "coordinates": [ 76.799288, 30.7408387 ] } },
{ "type": "Feature", "properties": { "name": "Lakshita", "primary_type": "Shopping", "sector_name": "8", "secondary_type": "clothing_store" }, "geometry": { "type": "Point", "coordinates": [ 76.7994312, 30.7403794 ] } },
{ "type": "Feature", "properties": { "name": "Chaiwala Online.Com", "primary_type": "Food and Drinks", "sector_name": "8", "secondary_type": "cafe" }, "geometry": { "type": "Point", "coordinates": [ 76.7986759, 30.740333 ] } },
{ "type": "Feature", "properties": { "name": "Civil Dispensary Sector 8", "primary_type": "Essential Services", "sector_name": "8", "secondary_type": "pharmacy" }, "geometry": { "type": "Point", "coordinates": [ 76.7981156, 30.7411627 ] } },
{ "type": "Feature", "properties": { "name": "Chiji wala", "primary_type": "Food and Drinks", "sector_name": "8", "secondary_type": "restaurant" }, "geometry": { "type": "Point", "coordinates": [ 76.7985974, 30.7403493 ] } },
{ "type": "Feature", "properties": { "name": "Jammu Dhaba", "primary_type": "Food and Drinks", "sector_name": "8", "secondary_type": "indian_restaurant" }, "geometry": { "type": "Point", "coordinates": [ 76.7984214, 30.7402834 ] } },
{ "type": "Feature", "properties": { "name": "Victoria's Boutique Café", "primary_type": "Food and Drinks", "sector_name": "8", "secondary_type": "cafe" }, "geometry": { "type": "Point", "coordinates": [ 76.7983777, 30.7402877 ] } },
{ "type": "Feature", "properties": { "name": "Dr YN Mehra ENT Clinic - managed by Dr Naresh K Panda (Former Head Dept of ENT , Former Dean Academic , PGI Chandigarh)", "primary_type": "Essential Services", "sector_name": "8", "secondary_type": "doctor" }, "geometry": { "type": "Point", "coordinates": [ 76.7991379, 30.7420228 ] } },
{ "type": "Feature", "properties": { "name": "Yo China", "primary_type": "Food and Drinks", "sector_name": "8", "secondary_type": "fast_food_restaurant" }, "geometry": { "type": "Point", "coordinates": [ 76.8000145, 30.7415787 ] } },
{ "type": "Feature", "properties": { "name": "Subway", "primary_type": "Food and Drinks", "sector_name": "8", "secondary_type": "sandwich_shop" }, "geometry": { "type": "Point", "coordinates": [ 76.7983802, 30.7402455 ] } },
{ "type": "Feature", "properties": { "name": "Standard Chartered Bank ATM", "primary_type": "Essential Services", "sector_name": "8", "secondary_type": "atm" }, "geometry": { "type": "Point", "coordinates": [ 76.800011, 30.741619 ] } },
{ "type": "Feature", "properties": { "name": "Raj Tailor", "primary_type": "Shopping", "sector_name": "8", "secondary_type": "clothing_store" }, "geometry": { "type": "Point", "coordinates": [ 76.7984969, 30.740157 ] } },
{ "type": "Feature", "properties": { "name": "Chaayos Cafe at Sector 8, Chandigarh", "primary_type": "Food and Drinks", "sector_name": "8", "secondary_type": "cafe" }, "geometry": { "type": "Point", "coordinates": [ 76.7983095, 30.7402467 ] } },
{ "type": "Feature", "properties": { "name": "Tan Coffee", "primary_type": "Food and Drinks", "sector_name": "8", "secondary_type": "coffee_shop" }, "geometry": { "type": "Point", "coordinates": [ 76.7978544, 30.7409142 ] } },
{ "type": "Feature", "properties": { "name": "Johnnys Pizzeria sector 8", "primary_type": "Food and Drinks", "sector_name": "8", "secondary_type": "pizza_restaurant" }, "geometry": { "type": "Point", "coordinates": [ 76.7978151, 30.7409833 ] } },
{ "type": "Feature", "properties": { "name": "Nikita Bhushan", "primary_type": "Shopping", "sector_name": "8", "secondary_type": "clothing_store" }, "geometry": { "type": "Point", "coordinates": [ 76.7990297, 30.7448323 ] } },
{ "type": "Feature", "properties": { "name": "Arete Dental Practice", "primary_type": "Essential Services", "sector_name": "8", "secondary_type": "dentist" }, "geometry": { "type": "Point", "coordinates": [ 76.7995428, 30.7436472 ] } },
{ "type": "Feature", "properties": { "name": "mini park", "primary_type": "Tourism", "sector_name": "8", "secondary_type": "park" }, "geometry": { "type": "Point", "coordinates": [ 76.7972382, 30.7440134 ] } },
{ "type": "Feature", "properties": { "name": "Jaldeep Dhaliwal", "primary_type": "Sports", "sector_name": "8", "secondary_type": "gym" }, "geometry": { "type": "Point", "coordinates": [ 76.8005229, 30.7431205 ] } },
{ "type": "Feature", "properties": { "name": "Site Belonging To Horticulture Department Of Municipal Corporation", "primary_type": "Tourism", "sector_name": "8", "secondary_type": "park" }, "geometry": { "type": "Point", "coordinates": [ 76.7971802, 30.7433088 ] } },
{ "type": "Feature", "properties": { "name": "Dr. Bhargava's", "primary_type": "Essential Services", "sector_name": "8", "secondary_type": "doctor" }, "geometry": { "type": "Point", "coordinates": [ 76.7974163, 30.7420801 ] } },
{ "type": "Feature", "properties": { "name": "Tiny park", "primary_type": "Tourism", "sector_name": "8", "secondary_type": "park" }, "geometry": { "type": "Point", "coordinates": [ 76.8004267, 30.7418787 ] } },
{ "type": "Feature", "properties": { "name": "Connecting park", "primary_type": "Tourism", "sector_name": "8", "secondary_type": "park" }, "geometry": { "type": "Point", "coordinates": [ 76.8014792, 30.7426023 ] } },
{ "type": "Feature", "properties": { "name": "Pan Masala Dukaan", "primary_type": "Food and Drinks", "sector_name": "8", "secondary_type": "fast_food_restaurant" }, "geometry": { "type": "Point", "coordinates": [ 76.7955966, 30.7432645 ] } },
{ "type": "Feature", "properties": { "name": "Dr Teja's Dental Practice", "primary_type": "Essential Services", "sector_name": "8", "secondary_type": "dental_clinic" }, "geometry": { "type": "Point", "coordinates": [ 76.8018329, 30.7463958 ] } },
{ "type": "Feature", "properties": { "name": "Jumbo park sector 9", "primary_type": "Tourism", "sector_name": "9", "secondary_type": "park" }, "geometry": { "type": "Point", "coordinates": [ 76.7976402, 30.7472689 ] } },
{ "type": "Feature", "properties": { "name": "Park8A", "primary_type": "Tourism", "sector_name": "8", "secondary_type": "park" }, "geometry": { "type": "Point", "coordinates": [ 76.8025731, 30.7431365 ] } },
{ "type": "Feature", "properties": { "name": "Green Belt Children Park 8A", "primary_type": "Tourism", "sector_name": "8", "secondary_type": "park" }, "geometry": { "type": "Point", "coordinates": [ 76.8037905, 30.7429574 ] } },
{ "type": "Feature", "properties": { "name": "Gamhar Heritage Tree", "primary_type": "Tourism", "sector_name": "8", "secondary_type": "park" }, "geometry": { "type": "Point", "coordinates": [ 76.8035772, 30.743571 ] } },
{ "type": "Feature", "properties": { "name": "Government senior secondary school park", "primary_type": "Tourism", "sector_name": "8", "secondary_type": "park" }, "geometry": { "type": "Point", "coordinates": [ 76.8001832, 30.7404568 ] } },
{ "type": "Feature", "properties": { "name": "Cuber circle", "primary_type": "Tourism", "sector_name": "5", "secondary_type": "tourist_attraction" }, "geometry": { "type": "Point", "coordinates": [ 76.8021744, 30.7474366 ] } },
{ "type": "Feature", "properties": { "name": "Dr Ramandeep Kaur Thind | Functional Medicine | Ozone Therapy", "primary_type": "Essential Services", "sector_name": "5", "secondary_type": "doctor" }, "geometry": { "type": "Point", "coordinates": [ 76.8051484, 30.7471305 ] } },
{ "type": "Feature", "properties": { "name": "Park, 5A Chandigarh", "primary_type": "Tourism", "sector_name": "5", "secondary_type": "park" }, "geometry": { "type": "Point", "coordinates": [ 76.8044221, 30.7475049 ] } },
{ "type": "Feature", "properties": { "name": "33", "primary_type": "Tourism", "sector_name": "5", "secondary_type": "park" }, "geometry": { "type": "Point", "coordinates": [ 76.80749, 30.7465339 ] } },
{ "type": "Feature", "properties": { "name": "Oxy Heal- Ozone Therapy By Dr. Samir Nayyar.", "primary_type": "Essential Services", "sector_name": "5", "secondary_type": "doctor" }, "geometry": { "type": "Point", "coordinates": [ 76.8047766, 30.7483698 ] } },
{ "type": "Feature", "properties": { "name": "Pierre Jeanneret Museum", "primary_type": "Entertainment", "sector_name": "5", "secondary_type": "museum" }, "geometry": { "type": "Point", "coordinates": [ 76.807622, 30.7447729 ] } },
{ "type": "Feature", "properties": { "name": "Rohit Tea Shop", "primary_type": "Food and Drinks", "sector_name": "39", "secondary_type": "restaurant" }, "geometry": { "type": "Point", "coordinates": [ 76.725762, 30.7431264 ] } },
{ "type": "Feature", "properties": { "name": "Ansh community park canada", "primary_type": "Tourism", "sector_name": "39", "secondary_type": "park" }, "geometry": { "type": "Point", "coordinates": [ 76.7248859, 30.7440471 ] } },
{ "type": "Feature", "properties": { "name": "Park - 8", "primary_type": "Tourism", "sector_name": "39", "secondary_type": "park" }, "geometry": { "type": "Point", "coordinates": [ 76.7246066, 30.7440876 ] } },
{ "type": "Feature", "properties": { "name": "RCN fast food", "primary_type": "Food and Drinks", "sector_name": "39", "secondary_type": "fast_food_restaurant" }, "geometry": { "type": "Point", "coordinates": [ 76.7279947, 30.7440327 ] } },
{ "type": "Feature", "properties": { "name": "Maha Laxmi Taxi Stand", "primary_type": "Public Transport", "sector_name": "39", "secondary_type": "taxi_stand" }, "geometry": { "type": "Point", "coordinates": [ 76.728019, 30.7436283 ] } },
{ "type": "Feature", "properties": { "name": "Medicine Centre", "primary_type": "Essential Services", "sector_name": "39", "secondary_type": "pharmacy" }, "geometry": { "type": "Point", "coordinates": [ 76.7280448, 30.7438865 ] } },
{ "type": "Feature", "properties": { "name": "Saini Travel", "primary_type": "Public Transport", "sector_name": "39", "secondary_type": "taxi_stand" }, "geometry": { "type": "Point", "coordinates": [ 76.728066, 30.7438186 ] } },
{ "type": "Feature", "properties": { "name": "Sports Complex Sec-39", "primary_type": "Sports", "sector_name": "39", "secondary_type": "sports_complex" }, "geometry": { "type": "Point", "coordinates": [ 76.7300978, 30.7412041 ] } },
{ "type": "Feature", "properties": { "name": "Bhambri Bariatrics", "primary_type": "Essential Services", "sector_name": "40", "secondary_type": "doctor" }, "geometry": { "type": "Point", "coordinates": [ 76.7311902, 30.7391796 ] } },
{ "type": "Feature", "properties": { "name": "City Fitness Gym", "primary_type": "Sports", "sector_name": "40", "secondary_type": "gym" }, "geometry": { "type": "Point", "coordinates": [ 76.7312839, 30.73922 ] } },
{ "type": "Feature", "properties": { "name": "Dr Naiya Bansal - Best Skin Specialist Doctor in Chandigarh", "primary_type": "Shopping", "sector_name": "40", "secondary_type": "skin_care_clinic" }, "geometry": { "type": "Point", "coordinates": [ 76.731439, 30.7393105 ] } },
{ "type": "Feature", "properties": { "name": "Bank of India ATM", "primary_type": "Essential Services", "sector_name": "40", "secondary_type": "atm" }, "geometry": { "type": "Point", "coordinates": [ 76.7313507, 30.7391754 ] } },
{ "type": "Feature", "properties": { "name": "Dr. Aditi Jha", "primary_type": "Essential Services", "sector_name": "40", "secondary_type": "doctor" }, "geometry": { "type": "Point", "coordinates": [ 76.7316577, 30.7392436 ] } },
{ "type": "Feature", "properties": { "name": "Gavik Pharmaceuticals", "primary_type": "Essential Services", "sector_name": "40", "secondary_type": "pharmacy" }, "geometry": { "type": "Point", "coordinates": [ 76.7313298, 30.7389643 ] } },
{ "type": "Feature", "properties": { "name": "ARV Aesthetics", "primary_type": "Shopping", "sector_name": "40", "secondary_type": "skin_care_clinic" }, "geometry": { "type": "Point", "coordinates": [ 76.7314875, 30.7389232 ] } },
{ "type": "Feature", "properties": { "name": "Dr Abhinav Aggarwal", "primary_type": "Essential Services", "sector_name": "40", "secondary_type": "doctor" }, "geometry": { "type": "Point", "coordinates": [ 76.731445, 30.7388545 ] } },
{ "type": "Feature", "properties": { "name": "ICICI Bank Sector 40, Chandigarh-Branch & ATM", "primary_type": "Essential Services", "sector_name": "40", "secondary_type": "bank" }, "geometry": { "type": "Point", "coordinates": [ 76.7314883, 30.7388424 ] } },
{ "type": "Feature", "properties": { "name": "United Bank of India ATM", "primary_type": "Essential Services", "sector_name": "40", "secondary_type": "atm" }, "geometry": { "type": "Point", "coordinates": [ 76.7316078, 30.7388384 ] } },
{ "type": "Feature", "properties": { "name": "Sharma Tours & Travels", "primary_type": "Public Transport", "sector_name": "39", "secondary_type": "taxi_stand" }, "geometry": { "type": "Point", "coordinates": [ 76.7293233, 30.74419 ] } },
{ "type": "Feature", "properties": { "name": "Ravinder Travel", "primary_type": "Public Transport", "sector_name": "39", "secondary_type": "taxi_stand" }, "geometry": { "type": "Point", "coordinates": [ 76.728105, 30.7438024 ] } },
{ "type": "Feature", "properties": { "name": "Chandigarh Special Dhaba", "primary_type": "Food and Drinks", "sector_name": "39", "secondary_type": "indian_restaurant" }, "geometry": { "type": "Point", "coordinates": [ 76.7280664, 30.7438817 ] } },
{ "type": "Feature", "properties": { "name": "Peacock Park", "primary_type": "Tourism", "sector_name": "39", "secondary_type": "park" }, "geometry": { "type": "Point", "coordinates": [ 76.7275196, 30.7457664 ] } },
{ "type": "Feature", "properties": { "name": "Fashion fussion24", "primary_type": "Shopping", "sector_name": "39", "secondary_type": "clothing_store" }, "geometry": { "type": "Point", "coordinates": [ 76.7331816, 30.7456938 ] } },
{ "type": "Feature", "properties": { "name": "Vinay's Cake Boutique", "primary_type": "Food and Drinks", "sector_name": "39", "secondary_type": "bakery" }, "geometry": { "type": "Point", "coordinates": [ 76.7332801, 30.7451841 ] } },
{ "type": "Feature", "properties": { "name": "Park 25", "primary_type": "Tourism", "sector_name": "39", "secondary_type": "park" }, "geometry": { "type": "Point", "coordinates": [ 76.7331568, 30.744823 ] } },
{ "type": "Feature", "properties": { "name": "Best Desi Ghee A2 Gir Cow bilona (Gavya Gold)", "primary_type": "Essential Services", "sector_name": "39", "secondary_type": "grocery_store" }, "geometry": { "type": "Point", "coordinates": [ 76.734068, 30.7438021 ] } },
{ "type": "Feature", "properties": { "name": "Mini Market 39B", "primary_type": "Shopping", "sector_name": "39", "secondary_type": "market" }, "geometry": { "type": "Point", "coordinates": [ 76.7339758, 30.7438087 ] } },
{ "type": "Feature", "properties": { "name": "Deep Dental Clinic & Implant Centre", "primary_type": "Essential Services", "sector_name": "39", "secondary_type": "dental_clinic" }, "geometry": { "type": "Point", "coordinates": [ 76.7339526, 30.7438153 ] } },
{ "type": "Feature", "properties": { "name": "Unisex hair salon", "primary_type": "Essential Services", "sector_name": "39", "secondary_type": "grocery_store" }, "geometry": { "type": "Point", "coordinates": [ 76.7340767, 30.7438509 ] } },
{ "type": "Feature", "properties": { "name": "Mannat fast food", "primary_type": "Food and Drinks", "sector_name": "39", "secondary_type": "fast_food_restaurant" }, "geometry": { "type": "Point", "coordinates": [ 76.7341171, 30.7438638 ] } },
{ "type": "Feature", "properties": { "name": "Satyam FAST FOOD", "primary_type": "Food and Drinks", "sector_name": "39", "secondary_type": "coffee_shop" }, "geometry": { "type": "Point", "coordinates": [ 76.7338438, 30.7441404 ] } },
{ "type": "Feature", "properties": { "name": "Abhishek hr", "primary_type": "Food and Drinks", "sector_name": "39", "secondary_type": "bar" }, "geometry": { "type": "Point", "coordinates": [ 76.7335534, 30.7440547 ] } },
{ "type": "Feature", "properties": { "name": "Shahnaz Boutique.", "primary_type": "Shopping", "sector_name": "39", "secondary_type": "clothing_store" }, "geometry": { "type": "Point", "coordinates": [ 76.734111, 30.744353 ] } },
{ "type": "Feature", "properties": { "name": "Park 16 CALISTHENICS PARK", "primary_type": "Tourism", "sector_name": "39", "secondary_type": "park" }, "geometry": { "type": "Point", "coordinates": [ 76.7349264, 30.7465525 ] } },
{ "type": "Feature", "properties": { "name": "PPXP+8FP", "primary_type": "Tourism", "sector_name": "38W", "secondary_type": "park" }, "geometry": { "type": "Point", "coordinates": [ 76.7362674, 30.7485243 ] } },
{ "type": "Feature", "properties": { "name": "HIG (Independent) Park 7", "primary_type": "Tourism", "sector_name": "38W", "secondary_type": "park" }, "geometry": { "type": "Point", "coordinates": [ 76.736208, 30.7483359 ] } },
{ "type": "Feature", "properties": { "name": "PPXP+J7V", "primary_type": "Tourism", "sector_name": "38W", "secondary_type": "park" }, "geometry": { "type": "Point", "coordinates": [ 76.7357263, 30.7491735 ] } },
{ "type": "Feature", "properties": { "name": "HIG(Ind) Park 6", "primary_type": "Tourism", "sector_name": "38W", "secondary_type": "park" }, "geometry": { "type": "Point", "coordinates": [ 76.7356823, 30.7491012 ] } },
{ "type": "Feature", "properties": { "name": "Square Park", "primary_type": "Tourism", "sector_name": "38", "secondary_type": "park" }, "geometry": { "type": "Point", "coordinates": [ 76.7417835, 30.7413055 ] } },
{ "type": "Feature", "properties": { "name": "Dr. Sanjay Gupta", "primary_type": "Essential Services", "sector_name": "38", "secondary_type": "doctor" }, "geometry": { "type": "Point", "coordinates": [ 76.7418558, 30.7411605 ] } },
{ "type": "Feature", "properties": { "name": "Dr.Nand Lal and Sons", "primary_type": "Essential Services", "sector_name": "38", "secondary_type": "doctor" }, "geometry": { "type": "Point", "coordinates": [ 76.741872, 30.7406849 ] } },
{ "type": "Feature", "properties": { "name": "2217", "primary_type": "Tourism", "sector_name": "38", "secondary_type": "park" }, "geometry": { "type": "Point", "coordinates": [ 76.7429857, 30.7402707 ] } },
{ "type": "Feature", "properties": { "name": "VJ Charitable Dental Clinic", "primary_type": "Essential Services", "sector_name": "38", "secondary_type": "dentist" }, "geometry": { "type": "Point", "coordinates": [ 76.743484, 30.7417988 ] } },
{ "type": "Feature", "properties": { "name": "Park - Sector 38", "primary_type": "Tourism", "sector_name": "38", "secondary_type": "park" }, "geometry": { "type": "Point", "coordinates": [ 76.7428865, 30.7428705 ] } },
{ "type": "Feature", "properties": { "name": "Good Health", "primary_type": "Essential Services", "sector_name": "38", "secondary_type": "hospital" }, "geometry": { "type": "Point", "coordinates": [ 76.7440228, 30.7409225 ] } },
{ "type": "Feature", "properties": { "name": "Singla stationers", "primary_type": "Shopping", "sector_name": "38", "secondary_type": "book_store" }, "geometry": { "type": "Point", "coordinates": [ 76.7440537, 30.7408862 ] } },
{ "type": "Feature", "properties": { "name": "Zainas Designer Studio", "primary_type": "Shopping", "sector_name": "38", "secondary_type": "clothing_store" }, "geometry": { "type": "Point", "coordinates": [ 76.7441242, 30.7420748 ] } },
{ "type": "Feature", "properties": { "name": "Tale of spice", "primary_type": "Food and Drinks", "sector_name": "38", "secondary_type": "restaurant" }, "geometry": { "type": "Point", "coordinates": [ 76.741588, 30.744755 ] } },
{ "type": "Feature", "properties": { "name": "Grazus Clinique Dental skin and Hair", "primary_type": "Essential Services", "sector_name": "38", "secondary_type": "dental_clinic" }, "geometry": { "type": "Point", "coordinates": [ 76.741588, 30.744755 ] } },
{ "type": "Feature", "properties": { "name": "B L Dr Mittal", "primary_type": "Essential Services", "sector_name": "38", "secondary_type": "doctor" }, "geometry": { "type": "Point", "coordinates": [ 76.741588, 30.744755 ] } },
{ "type": "Feature", "properties": { "name": "M.S.Arts", "primary_type": "Essential Services", "sector_name": "38", "secondary_type": "grocery_store" }, "geometry": { "type": "Point", "coordinates": [ 76.7411776, 30.7441728 ] } },
{ "type": "Feature", "properties": { "name": "Ombalaji Households", "primary_type": "Essential Services", "sector_name": "38", "secondary_type": "supermarket" }, "geometry": { "type": "Point", "coordinates": [ 76.7411843, 30.7441525 ] } },
{ "type": "Feature", "properties": { "name": "BALA JI RASOI", "primary_type": "Food and Drinks", "sector_name": "38", "secondary_type": "restaurant" }, "geometry": { "type": "Point", "coordinates": [ 76.7431849, 30.7447603 ] } },
{ "type": "Feature", "properties": { "name": "Bhatnagar Orthodontic & Dental Centre", "primary_type": "Essential Services", "sector_name": "38", "secondary_type": "dental_clinic" }, "geometry": { "type": "Point", "coordinates": [ 76.7431001, 30.7453009 ] } },
{ "type": "Feature", "properties": { "name": "Bank of Baroda", "primary_type": "Essential Services", "sector_name": "38", "secondary_type": "bank" }, "geometry": { "type": "Point", "coordinates": [ 76.7434062, 30.744629 ] } },
{ "type": "Feature", "properties": { "name": "Dr Nikhil Tandon | Orthopedician | Specialist in Orthopedic Oncosurgery", "primary_type": "Essential Services", "sector_name": "38", "secondary_type": "doctor" }, "geometry": { "type": "Point", "coordinates": [ 76.7430292, 30.7457016 ] } },
{ "type": "Feature", "properties": { "name": "Dr Kritika Bansal | Dermatologist", "primary_type": "Essential Services", "sector_name": "38", "secondary_type": "doctor" }, "geometry": { "type": "Point", "coordinates": [ 76.7431262, 30.7456251 ] } },
{ "type": "Feature", "properties": { "name": "UCO Bank", "primary_type": "Essential Services", "sector_name": "38", "secondary_type": "bank" }, "geometry": { "type": "Point", "coordinates": [ 76.7435631, 30.7443341 ] } },
{ "type": "Feature", "properties": { "name": "Arzoo Boutique", "primary_type": "Shopping", "sector_name": "38", "secondary_type": "clothing_store" }, "geometry": { "type": "Point", "coordinates": [ 76.7436416, 30.7446542 ] } },
{ "type": "Feature", "properties": { "name": "Adalimumab", "primary_type": "Essential Services", "sector_name": "38", "secondary_type": "pharmacy" }, "geometry": { "type": "Point", "coordinates": [ 76.7436323, 30.7444361 ] } },
{ "type": "Feature", "properties": { "name": "Pro Ultimate Gyms Sector 38", "primary_type": "Sports", "sector_name": "38", "secondary_type": "gym" }, "geometry": { "type": "Point", "coordinates": [ 76.7436582, 30.7444361 ] } },
{ "type": "Feature", "properties": { "name": "KT Farmer's", "primary_type": "Food and Drinks", "sector_name": "38", "secondary_type": "restaurant" }, "geometry": { "type": "Point", "coordinates": [ 76.7436579, 30.7444333 ] } },
{ "type": "Feature", "properties": { "name": "Gurmail Pharmaceuticals", "primary_type": "Essential Services", "sector_name": "38", "secondary_type": "pharmacy" }, "geometry": { "type": "Point", "coordinates": [ 76.7436697, 30.7444466 ] } },
{ "type": "Feature", "properties": { "name": "Shakes2Go", "primary_type": "Food and Drinks", "sector_name": "38", "secondary_type": "restaurant" }, "geometry": { "type": "Point", "coordinates": [ 76.7436812, 30.7449024 ] } },
{ "type": "Feature", "properties": { "name": "Public Park -Sector 38C", "primary_type": "Tourism", "sector_name": "38", "secondary_type": "park" }, "geometry": { "type": "Point", "coordinates": [ 76.7456811, 30.7412652 ] } },
{ "type": "Feature", "properties": { "name": "Guru Kirpa Pharmacy", "primary_type": "Essential Services", "sector_name": "38", "secondary_type": "pharmacy" }, "geometry": { "type": "Point", "coordinates": [ 76.7463017, 30.7414199 ] } },
{ "type": "Feature", "properties": { "name": "Dr Geetika Singh", "primary_type": "Essential Services", "sector_name": "38", "secondary_type": "doctor" }, "geometry": { "type": "Point", "coordinates": [ 76.7457242, 30.7420834 ] } },
{ "type": "Feature", "properties": { "name": "New deluxe book shop", "primary_type": "Shopping", "sector_name": "38", "secondary_type": "book_store" }, "geometry": { "type": "Point", "coordinates": [ 76.7447034, 30.7409572 ] } },
{ "type": "Feature", "properties": { "name": "Rose boutique", "primary_type": "Shopping", "sector_name": "38", "secondary_type": "clothing_store" }, "geometry": { "type": "Point", "coordinates": [ 76.7445493, 30.7407546 ] } },
{ "type": "Feature", "properties": { "name": "Malkit Singh", "primary_type": "Essential Services", "sector_name": "38", "secondary_type": "doctor" }, "geometry": { "type": "Point", "coordinates": [ 76.7444741, 30.7408211 ] } },
{ "type": "Feature", "properties": { "name": "Dr Ashish Sharma's", "primary_type": "Essential Services", "sector_name": "38", "secondary_type": "doctor" }, "geometry": { "type": "Point", "coordinates": [ 76.744474, 30.740821 ] } },
{ "type": "Feature", "properties": { "name": "Boutique & training center", "primary_type": "Shopping", "sector_name": "38", "secondary_type": "clothing_store" }, "geometry": { "type": "Point", "coordinates": [ 76.7444736, 30.7408214 ] } },
{ "type": "Feature", "properties": { "name": "Apollo Pharmacy Chandigarh Sector 38C", "primary_type": "Essential Services", "sector_name": "38", "secondary_type": "pharmacy" }, "geometry": { "type": "Point", "coordinates": [ 76.7444736, 30.7408214 ] } },
{ "type": "Feature", "properties": { "name": "BATRA CLINIC DR. HARSH BATRA", "primary_type": "Essential Services", "sector_name": "38", "secondary_type": "doctor" }, "geometry": { "type": "Point", "coordinates": [ 76.7444736, 30.7408214 ] } },
{ "type": "Feature", "properties": { "name": "Magic Life Platform Pvt Ltd", "primary_type": "Essential Services", "sector_name": "38", "secondary_type": "grocery_store" }, "geometry": { "type": "Point", "coordinates": [ 76.7444736, 30.7408214 ] } },
{ "type": "Feature", "properties": { "name": "School Uniform Suppliers In Chandigarh", "primary_type": "Shopping", "sector_name": "38", "secondary_type": "clothing_store" }, "geometry": { "type": "Point", "coordinates": [ 76.7444736, 30.7408214 ] } },
{ "type": "Feature", "properties": { "name": "Batra Dental Clinic", "primary_type": "Essential Services", "sector_name": "38", "secondary_type": "doctor" }, "geometry": { "type": "Point", "coordinates": [ 76.7444736, 30.7408214 ] } },
{ "type": "Feature", "properties": { "name": "A N Dr Chawla", "primary_type": "Essential Services", "sector_name": "38", "secondary_type": "doctor" }, "geometry": { "type": "Point", "coordinates": [ 76.7444511, 30.7407971 ] } },
{ "type": "Feature", "properties": { "name": "Good Health Medical Centre", "primary_type": "Essential Services", "sector_name": "38", "secondary_type": "hospital" }, "geometry": { "type": "Point", "coordinates": [ 76.7444511, 30.7407971 ] } },
{ "type": "Feature", "properties": { "name": "Dr Ashok Wadehra", "primary_type": "Essential Services", "sector_name": "38", "secondary_type": "doctor" }, "geometry": { "type": "Point", "coordinates": [ 76.744406, 30.7408806 ] } },
{ "type": "Feature", "properties": { "name": "Wadehra Dental Clinic", "primary_type": "Essential Services", "sector_name": "38", "secondary_type": "dentist" }, "geometry": { "type": "Point", "coordinates": [ 76.7450063, 30.7425383 ] } },
{ "type": "Feature", "properties": { "name": "Vahbiz cafe", "primary_type": "Food and Drinks", "sector_name": "38", "secondary_type": "fast_food_restaurant" }, "geometry": { "type": "Point", "coordinates": [ 76.7445691, 30.7448567 ] } },
{ "type": "Feature", "properties": { "name": "SHIRDI SOUTH INDIAN FOOD", "primary_type": "Food and Drinks", "sector_name": "38", "secondary_type": "indian_restaurant" }, "geometry": { "type": "Point", "coordinates": [ 76.7449592, 30.7437284 ] } },
{ "type": "Feature", "properties": { "name": "Sai photostat", "primary_type": "Shopping", "sector_name": "38", "secondary_type": "book_store" }, "geometry": { "type": "Point", "coordinates": [ 76.7444426, 30.7444394 ] } },
{ "type": "Feature", "properties": { "name": "Mr. lal chai wala", "primary_type": "Food and Drinks", "sector_name": "38", "secondary_type": "indian_restaurant" }, "geometry": { "type": "Point", "coordinates": [ 76.744377, 30.744885 ] } },
{ "type": "Feature", "properties": { "name": "VS Graphics", "primary_type": "Shopping", "sector_name": "38", "secondary_type": "store" }, "geometry": { "type": "Point", "coordinates": [ 76.7443531, 30.7445447 ] } },
{ "type": "Feature", "properties": { "name": "Sector 38 C Market", "primary_type": "Tourism", "sector_name": "38", "secondary_type": "historical_landmark" }, "geometry": { "type": "Point", "coordinates": [ 76.7443343, 30.7448896 ] } },
{ "type": "Feature", "properties": { "name": "CANARA BANK - CHANDIGARH SECTOR 38", "primary_type": "Essential Services", "sector_name": "38", "secondary_type": "bank" }, "geometry": { "type": "Point", "coordinates": [ 76.7442932, 30.7448586 ] } },
{ "type": "Feature", "properties": { "name": "Luxmi market", "primary_type": "Essential Services", "sector_name": "38", "secondary_type": "supermarket" }, "geometry": { "type": "Point", "coordinates": [ 76.7442364, 30.7445346 ] } },
{ "type": "Feature", "properties": { "name": "Standard Medicos", "primary_type": "Essential Services", "sector_name": "38", "secondary_type": "pharmacy" }, "geometry": { "type": "Point", "coordinates": [ 76.7454175, 30.7432975 ] } },
{ "type": "Feature", "properties": { "name": "Yuva pharmacy", "primary_type": "Essential Services", "sector_name": "38", "secondary_type": "pharmacy" }, "geometry": { "type": "Point", "coordinates": [ 76.7441979, 30.7450195 ] } },
{ "type": "Feature", "properties": { "name": "BILLA MUTTON & CHICKEN CORNER", "primary_type": "Food and Drinks", "sector_name": "38", "secondary_type": "restaurant" }, "geometry": { "type": "Point", "coordinates": [ 76.7442296, 30.7451091 ] } },
{ "type": "Feature", "properties": { "name": "Sahib Medical Store", "primary_type": "Essential Services", "sector_name": "38", "secondary_type": "pharmacy" }, "geometry": { "type": "Point", "coordinates": [ 76.7455363, 30.7432114 ] } },
{ "type": "Feature", "properties": { "name": "Fluence bites", "primary_type": "Food and Drinks", "sector_name": "38", "secondary_type": "bakery" }, "geometry": { "type": "Point", "coordinates": [ 76.7463002, 30.7476471 ] } },
{ "type": "Feature", "properties": { "name": "650", "primary_type": "Tourism", "sector_name": "38", "secondary_type": "park" }, "geometry": { "type": "Point", "coordinates": [ 76.7476297, 30.7481136 ] } },
{ "type": "Feature", "properties": { "name": "Kunwarpal Vaishno Dhaba", "primary_type": "Food and Drinks", "sector_name": "38", "secondary_type": "indian_restaurant" }, "geometry": { "type": "Point", "coordinates": [ 76.747388, 30.7482068 ] } },
{ "type": "Feature", "properties": { "name": "Mini Market Sector 38-A", "primary_type": "Shopping", "sector_name": "38", "secondary_type": "market" }, "geometry": { "type": "Point", "coordinates": [ 76.747388, 30.7482068 ] } },
{ "type": "Feature", "properties": { "name": "Dr. Harjeet Kaur - General Doctor / General Physician", "primary_type": "Essential Services", "sector_name": "38", "secondary_type": "doctor" }, "geometry": { "type": "Point", "coordinates": [ 76.7476608, 30.7474627 ] } },
{ "type": "Feature", "properties": { "name": "605/1", "primary_type": "Tourism", "sector_name": "38", "secondary_type": "park" }, "geometry": { "type": "Point", "coordinates": [ 76.7477424, 30.7497784 ] } },
{ "type": "Feature", "properties": { "name": "Harnand Sharma Foundation", "primary_type": "Essential Services", "sector_name": "38", "secondary_type": "doctor" }, "geometry": { "type": "Point", "coordinates": [ 76.7470907, 30.7465773 ] } },
{ "type": "Feature", "properties": { "name": "Pet puja", "primary_type": "Food and Drinks", "sector_name": "38", "secondary_type": "indian_restaurant" }, "geometry": { "type": "Point", "coordinates": [ 76.7448912, 30.7460886 ] } },
{ "type": "Feature", "properties": { "name": "Tandon acupressure", "primary_type": "Essential Services", "sector_name": "38", "secondary_type": "doctor" }, "geometry": { "type": "Point", "coordinates": [ 76.7472221, 30.7495781 ] } },
{ "type": "Feature", "properties": { "name": "841", "primary_type": "Tourism", "sector_name": "38", "secondary_type": "park" }, "geometry": { "type": "Point", "coordinates": [ 76.7483962, 30.7484133 ] } },
{ "type": "Feature", "properties": { "name": "Ministry Momos", "primary_type": "Food and Drinks", "sector_name": "38", "secondary_type": "restaurant" }, "geometry": { "type": "Point", "coordinates": [ 76.7435578, 30.7468403 ] } },
{ "type": "Feature", "properties": { "name": "Didi Ji Chicken & Egg Corner", "primary_type": "Food and Drinks", "sector_name": "38", "secondary_type": "restaurant" }, "geometry": { "type": "Point", "coordinates": [ 76.7432118, 30.7470142 ] } },
{ "type": "Feature", "properties": { "name": "New Doaba Sweets, Bakery and Dairy", "primary_type": "Food and Drinks", "sector_name": "38W", "secondary_type": "indian_restaurant" }, "geometry": { "type": "Point", "coordinates": [ 76.7429232, 30.7479768 ] } },
{ "type": "Feature", "properties": { "name": "Sabar - A Healing Gym", "primary_type": "Sports", "sector_name": "38", "secondary_type": "fitness_center" }, "geometry": { "type": "Point", "coordinates": [ 76.7434639, 30.7464214 ] } },
{ "type": "Feature", "properties": { "name": "Dogra Restaurant", "primary_type": "Food and Drinks", "sector_name": "38", "secondary_type": "indian_restaurant" }, "geometry": { "type": "Point", "coordinates": [ 76.743045, 30.7467674 ] } },
{ "type": "Feature", "properties": { "name": "1067/1", "primary_type": "Tourism", "sector_name": "38", "secondary_type": "park" }, "geometry": { "type": "Point", "coordinates": [ 76.7502898, 30.744377 ] } },
{ "type": "Feature", "properties": { "name": "Sambhav Yog", "primary_type": "Sports", "sector_name": "38", "secondary_type": "yoga_studio" }, "geometry": { "type": "Point", "coordinates": [ 76.7500597, 30.7441778 ] } },
{ "type": "Feature", "properties": { "name": "Dr Tarun's Home Physiotherapy Session Chandigarh", "primary_type": "Essential Services", "sector_name": "38", "secondary_type": "doctor" }, "geometry": { "type": "Point", "coordinates": [ 76.7490448, 30.7449914 ] } },
{ "type": "Feature", "properties": { "name": "Dr. Vivek Mohan", "primary_type": "Essential Services", "sector_name": "38", "secondary_type": "doctor" }, "geometry": { "type": "Point", "coordinates": [ 76.7491048, 30.7450905 ] } },
{ "type": "Feature", "properties": { "name": "Sector 38B Mini Market Park", "primary_type": "Tourism", "sector_name": "38", "secondary_type": "park" }, "geometry": { "type": "Point", "coordinates": [ 76.7501399, 30.745565 ] } },
{ "type": "Feature", "properties": { "name": "mini market sec 38 b", "primary_type": "Shopping", "sector_name": "38", "secondary_type": "shopping_mall" }, "geometry": { "type": "Point", "coordinates": [ 76.7506864, 30.7454483 ] } },
{ "type": "Feature", "properties": { "name": "Dr S. P Singh", "primary_type": "Essential Services", "sector_name": "38", "secondary_type": "doctor" }, "geometry": { "type": "Point", "coordinates": [ 76.748675, 30.743421 ] } },
{ "type": "Feature", "properties": { "name": "1046", "primary_type": "Tourism", "sector_name": "38", "secondary_type": "park" }, "geometry": { "type": "Point", "coordinates": [ 76.7510111, 30.7461269 ] } },
{ "type": "Feature", "properties": { "name": "Sundari Public Park", "primary_type": "Tourism", "sector_name": "38", "secondary_type": "park" }, "geometry": { "type": "Point", "coordinates": [ 76.7488471, 30.7464652 ] } },
{ "type": "Feature", "properties": { "name": "Workout with Sim", "primary_type": "Sports", "sector_name": "38", "secondary_type": "fitness_center" }, "geometry": { "type": "Point", "coordinates": [ 76.7490654, 30.7468514 ] } },
{ "type": "Feature", "properties": { "name": "Sector 38 Sugar Sister Park", "primary_type": "Tourism", "sector_name": "38", "secondary_type": "park" }, "geometry": { "type": "Point", "coordinates": [ 76.7500219, 30.7469147 ] } },
{ "type": "Feature", "properties": { "name": "836", "primary_type": "Tourism", "sector_name": "38", "secondary_type": "park" }, "geometry": { "type": "Point", "coordinates": [ 76.7492979, 30.7480658 ] } },
{ "type": "Feature", "properties": { "name": "dr. dinesh sahajpal", "primary_type": "Essential Services", "sector_name": "38", "secondary_type": "hospital" }, "geometry": { "type": "Point", "coordinates": [ 76.7493548, 30.7482975 ] } },
{ "type": "Feature", "properties": { "name": "Dr Harjoban Singh - Best Orthopaedic Surgeon | ACL Surgeon | Shoulder Surgeon | Knee Surgeon", "primary_type": "Essential Services", "sector_name": "38", "secondary_type": "doctor" }, "geometry": { "type": "Point", "coordinates": [ 76.7490875, 30.747821 ] } },
{ "type": "Feature", "properties": { "name": "Santokh Hospital", "primary_type": "Essential Services", "sector_name": "38", "secondary_type": "hospital" }, "geometry": { "type": "Point", "coordinates": [ 76.749011, 30.747784 ] } },
{ "type": "Feature", "properties": { "name": "Rakesh Ka Dhaba", "primary_type": "Food and Drinks", "sector_name": "25", "secondary_type": "restaurant" }, "geometry": { "type": "Point", "coordinates": [ 76.7525603, 30.7479587 ] } },
{ "type": "Feature", "properties": { "name": "Judge Ground", "primary_type": "Tourism", "sector_name": "24", "secondary_type": "park" }, "geometry": { "type": "Point", "coordinates": [ 76.7569909, 30.7429252 ] } },
{ "type": "Feature", "properties": { "name": "The Fusion Kitchen", "primary_type": "Food and Drinks", "sector_name": "24", "secondary_type": "fast_food_restaurant" }, "geometry": { "type": "Point", "coordinates": [ 76.7581548, 30.7411502 ] } },
{ "type": "Feature", "properties": { "name": "Raju juse", "primary_type": "Food and Drinks", "sector_name": "24", "secondary_type": "bar" }, "geometry": { "type": "Point", "coordinates": [ 76.7589532, 30.7423236 ] } },
{ "type": "Feature", "properties": { "name": "Simran Boutique", "primary_type": "Shopping", "sector_name": "24", "secondary_type": "clothing_store" }, "geometry": { "type": "Point", "coordinates": [ 76.759091, 30.741371 ] } },
{ "type": "Feature", "properties": { "name": "SD School Playground", "primary_type": "Sports", "sector_name": "24", "secondary_type": "playground" }, "geometry": { "type": "Point", "coordinates": [ 76.7590657, 30.7433396 ] } },
{ "type": "Feature", "properties": { "name": "Green Belt 2", "primary_type": "Tourism", "sector_name": "24", "secondary_type": "park" }, "geometry": { "type": "Point", "coordinates": [ 76.7574214, 30.7452584 ] } },
{ "type": "Feature", "properties": { "name": "Clinical Geneticist Dr Meenakshi Lallar", "primary_type": "Essential Services", "sector_name": "24", "secondary_type": "hospital" }, "geometry": { "type": "Point", "coordinates": [ 76.7574302, 30.7449694 ] } },
{ "type": "Feature", "properties": { "name": "StreetGen", "primary_type": "Shopping", "sector_name": "24", "secondary_type": "clothing_store" }, "geometry": { "type": "Point", "coordinates": [ 76.7574304, 30.7449692 ] } },
{ "type": "Feature", "properties": { "name": "Body Power Cafe", "primary_type": "Food and Drinks", "sector_name": "24", "secondary_type": "restaurant" }, "geometry": { "type": "Point", "coordinates": [ 76.7574304, 30.7449691 ] } },
{ "type": "Feature", "properties": { "name": "PQW5+F32", "primary_type": "Tourism", "sector_name": "24", "secondary_type": "park" }, "geometry": { "type": "Point", "coordinates": [ 76.7576835, 30.7461998 ] } },
{ "type": "Feature", "properties": { "name": "Park 30", "primary_type": "Tourism", "sector_name": "24", "secondary_type": "park" }, "geometry": { "type": "Point", "coordinates": [ 76.7580078, 30.7458024 ] } },
{ "type": "Feature", "properties": { "name": "Green Belt 1", "primary_type": "Tourism", "sector_name": "24", "secondary_type": "park" }, "geometry": { "type": "Point", "coordinates": [ 76.7569715, 30.7458655 ] } },
{ "type": "Feature", "properties": { "name": "Park 31", "primary_type": "Tourism", "sector_name": "24", "secondary_type": "park" }, "geometry": { "type": "Point", "coordinates": [ 76.7576424, 30.7461255 ] } },
{ "type": "Feature", "properties": { "name": "Park 29", "primary_type": "Tourism", "sector_name": "24", "secondary_type": "park" }, "geometry": { "type": "Point", "coordinates": [ 76.7583672, 30.7453699 ] } },
{ "type": "Feature", "properties": { "name": "Park 26", "primary_type": "Tourism", "sector_name": "24", "secondary_type": "park" }, "geometry": { "type": "Point", "coordinates": [ 76.7566462, 30.7454788 ] } },
{ "type": "Feature", "properties": { "name": "Pro fitness zone", "primary_type": "Sports", "sector_name": "24", "secondary_type": "fitness_center" }, "geometry": { "type": "Point", "coordinates": [ 76.7588974, 30.745419 ] } },
{ "type": "Feature", "properties": { "name": "Park 32", "primary_type": "Tourism", "sector_name": "24", "secondary_type": "park" }, "geometry": { "type": "Point", "coordinates": [ 76.7579776, 30.7471026 ] } },
{ "type": "Feature", "properties": { "name": "Park 37", "primary_type": "Tourism", "sector_name": "24", "secondary_type": "park" }, "geometry": { "type": "Point", "coordinates": [ 76.759305, 30.7462687 ] } },
{ "type": "Feature", "properties": { "name": "CCD", "primary_type": "Food and Drinks", "sector_name": "24", "secondary_type": "fast_food_restaurant" }, "geometry": { "type": "Point", "coordinates": [ 76.7587437, 30.7439431 ] } },
{ "type": "Feature", "properties": { "name": "GARG MEDICOS #super stockist of dreamease.", "primary_type": "Essential Services", "sector_name": "24", "secondary_type": "pharmacy" }, "geometry": { "type": "Point", "coordinates": [ 76.7615725, 30.7453591 ] } },
{ "type": "Feature", "properties": { "name": "Kaushik dental & aesthetics", "primary_type": "Essential Services", "sector_name": "24", "secondary_type": "dental_clinic" }, "geometry": { "type": "Point", "coordinates": [ 76.7615827, 30.7453497 ] } },
{ "type": "Feature", "properties": { "name": "Yadav Fast Food", "primary_type": "Food and Drinks", "sector_name": "24", "secondary_type": "fast_food_restaurant" }, "geometry": { "type": "Point", "coordinates": [ 76.761321, 30.745535 ] } },
{ "type": "Feature", "properties": { "name": "Dr K BABU- Best Pediatrician & Child Specialist Chandigarh. Hare Krishna OPD", "primary_type": "Essential Services", "sector_name": "24", "secondary_type": "doctor" }, "geometry": { "type": "Point", "coordinates": [ 76.7615807, 30.7452979 ] } },
{ "type": "Feature", "properties": { "name": "Yogita Medicose", "primary_type": "Essential Services", "sector_name": "24", "secondary_type": "pharmacy" }, "geometry": { "type": "Point", "coordinates": [ 76.7616031, 30.7453014 ] } },
{ "type": "Feature", "properties": { "name": "K.K Garments", "primary_type": "Shopping", "sector_name": "24", "secondary_type": "clothing_store" }, "geometry": { "type": "Point", "coordinates": [ 76.761256, 30.7455016 ] } },
{ "type": "Feature", "properties": { "name": "Vijay Confectionary", "primary_type": "Essential Services", "sector_name": "24", "secondary_type": "grocery_store" }, "geometry": { "type": "Point", "coordinates": [ 76.761604, 30.745559 ] } },
{ "type": "Feature", "properties": { "name": "Lalit Medicos", "primary_type": "Essential Services", "sector_name": "24", "secondary_type": "drugstore" }, "geometry": { "type": "Point", "coordinates": [ 76.7616232, 30.7452527 ] } },
{ "type": "Feature", "properties": { "name": "PIZZA HUB", "primary_type": "Food and Drinks", "sector_name": "24", "secondary_type": "pizza_restaurant" }, "geometry": { "type": "Point", "coordinates": [ 76.7612007, 30.7455895 ] } },
{ "type": "Feature", "properties": { "name": "Ganesh Market", "primary_type": "Shopping", "sector_name": "24", "secondary_type": "market" }, "geometry": { "type": "Point", "coordinates": [ 76.7611999, 30.7455935 ] } },
{ "type": "Feature", "properties": { "name": "National Book House", "primary_type": "Shopping", "sector_name": "24", "secondary_type": "book_store" }, "geometry": { "type": "Point", "coordinates": [ 76.7611999, 30.7455935 ] } },
{ "type": "Feature", "properties": { "name": "U Like Boutique", "primary_type": "Shopping", "sector_name": "24", "secondary_type": "clothing_store" }, "geometry": { "type": "Point", "coordinates": [ 76.7611635, 30.7455705 ] } },
{ "type": "Feature", "properties": { "name": "Dr Yogi Health Care - Sexologist Doctor in Chandigarh | Sex Specialist | Sex Clinic", "primary_type": "Essential Services", "sector_name": "24", "secondary_type": "doctor" }, "geometry": { "type": "Point", "coordinates": [ 76.7616924, 30.7452221 ] } },
{ "type": "Feature", "properties": { "name": "Dr. Rajit Rattan Medical Oncologist", "primary_type": "Essential Services", "sector_name": "24", "secondary_type": "doctor" }, "geometry": { "type": "Point", "coordinates": [ 76.761671, 30.745155 ] } },
{ "type": "Feature", "properties": { "name": "Kamal Handlooms", "primary_type": "Shopping", "sector_name": "24", "secondary_type": "clothing_store" }, "geometry": { "type": "Point", "coordinates": [ 76.7611493, 30.7456768 ] } },
{ "type": "Feature", "properties": { "name": "Chhabra Provision & General Store", "primary_type": "Essential Services", "sector_name": "24", "secondary_type": "grocery_store" }, "geometry": { "type": "Point", "coordinates": [ 76.761704, 30.7451169 ] } },
{ "type": "Feature", "properties": { "name": "Food Jungshan - 24", "primary_type": "Food and Drinks", "sector_name": "24", "secondary_type": "restaurant" }, "geometry": { "type": "Point", "coordinates": [ 76.7611386, 30.7457091 ] } },
{ "type": "Feature", "properties": { "name": "BURGIZZA BITES", "primary_type": "Food and Drinks", "sector_name": "24", "secondary_type": "hamburger_restaurant" }, "geometry": { "type": "Point", "coordinates": [ 76.7610582, 30.7457018 ] } },
{ "type": "Feature", "properties": { "name": "Park 45", "primary_type": "Tourism", "sector_name": "24", "secondary_type": "park" }, "geometry": { "type": "Point", "coordinates": [ 76.7615192, 30.7489029 ] } },
{ "type": "Feature", "properties": { "name": "Haripur nuclear powerplant, west bengal", "primary_type": "Tourism", "sector_name": "24", "secondary_type": "historical_landmark" }, "geometry": { "type": "Point", "coordinates": [ 76.7632286, 30.7484042 ] } },
{ "type": "Feature", "properties": { "name": "Mini Rose Garden", "primary_type": "Tourism", "sector_name": "24", "secondary_type": "park" }, "geometry": { "type": "Point", "coordinates": [ 76.7630483, 30.7475039 ] } },
{ "type": "Feature", "properties": { "name": "Green Belt 3", "primary_type": "Tourism", "sector_name": "24", "secondary_type": "park" }, "geometry": { "type": "Point", "coordinates": [ 76.7605076, 30.7468199 ] } },
{ "type": "Feature", "properties": { "name": "Yuvi’s", "primary_type": "Food and Drinks", "sector_name": "24", "secondary_type": "meal_takeaway" }, "geometry": { "type": "Point", "coordinates": [ 76.7599734, 30.7470373 ] } },
{ "type": "Feature", "properties": { "name": "Dr hawala Prasad homeopathy clinic", "primary_type": "Essential Services", "sector_name": "24", "secondary_type": "doctor" }, "geometry": { "type": "Point", "coordinates": [ 76.75902, 30.747546 ] } },
{ "type": "Feature", "properties": { "name": "Ajay Book Shop", "primary_type": "Shopping", "sector_name": "24", "secondary_type": "book_store" }, "geometry": { "type": "Point", "coordinates": [ 76.7596631, 30.7468384 ] } },
{ "type": "Feature", "properties": { "name": "Bansal Medical Store", "primary_type": "Essential Services", "sector_name": "24", "secondary_type": "pharmacy" }, "geometry": { "type": "Point", "coordinates": [ 76.7597613, 30.7467689 ] } },
{ "type": "Feature", "properties": { "name": "Student Book Center", "primary_type": "Shopping", "sector_name": "24", "secondary_type": "book_store" }, "geometry": { "type": "Point", "coordinates": [ 76.7596204, 30.7468218 ] } },
{ "type": "Feature", "properties": { "name": "Dr. U P Singh - Best Cardiologist in Chandigarh", "primary_type": "Essential Services", "sector_name": "24", "secondary_type": "doctor" }, "geometry": { "type": "Point", "coordinates": [ 76.7600044, 30.7465557 ] } },
{ "type": "Feature", "properties": { "name": "Apollo Orthopaedics Limited", "primary_type": "Essential Services", "sector_name": "24", "secondary_type": "doctor" }, "geometry": { "type": "Point", "coordinates": [ 76.7591736, 30.7471369 ] } },
{ "type": "Feature", "properties": { "name": "Rajindra Dr Sarna", "primary_type": "Essential Services", "sector_name": "24", "secondary_type": "doctor" }, "geometry": { "type": "Point", "coordinates": [ 76.7610267, 30.7461793 ] } },
{ "type": "Feature", "properties": { "name": "UT Surgicals", "primary_type": "Essential Services", "sector_name": "24", "secondary_type": "pharmacy" }, "geometry": { "type": "Point", "coordinates": [ 76.7588254, 30.7475774 ] } },
{ "type": "Feature", "properties": { "name": "Khatu Confectionery", "primary_type": "Essential Services", "sector_name": "24", "secondary_type": "grocery_store" }, "geometry": { "type": "Point", "coordinates": [ 76.7589916, 30.7472236 ] } },
{ "type": "Feature", "properties": { "name": "Alpha ENT & Vertigo Clinic", "primary_type": "Essential Services", "sector_name": "24", "secondary_type": "doctor" }, "geometry": { "type": "Point", "coordinates": [ 76.7595662, 30.746666 ] } },
{ "type": "Feature", "properties": { "name": "Dr. Kshitij charaya", "primary_type": "Essential Services", "sector_name": "24", "secondary_type": "doctor" }, "geometry": { "type": "Point", "coordinates": [ 76.7595549, 30.7466653 ] } },
{ "type": "Feature", "properties": { "name": "Aastha Medical Store", "primary_type": "Essential Services", "sector_name": "24", "secondary_type": "pharmacy" }, "geometry": { "type": "Point", "coordinates": [ 76.760236, 30.746286 ] } },
{ "type": "Feature", "properties": { "name": "Meliora Kidney and Urology Institute", "primary_type": "Essential Services", "sector_name": "24", "secondary_type": "doctor" }, "geometry": { "type": "Point", "coordinates": [ 76.7598322, 30.746455 ] } },
{ "type": "Feature", "properties": { "name": "Dr. Meetan Preet - Best Fetal Medicine & Imaging Specialist in Chandigarh | 3D Ultrasound Specialist in Chandigarh", "primary_type": "Essential Services", "sector_name": "24", "secondary_type": "doctor" }, "geometry": { "type": "Point", "coordinates": [ 76.7596903, 30.7465314 ] } },
{ "type": "Feature", "properties": { "name": "Park 40", "primary_type": "Tourism", "sector_name": "24", "secondary_type": "park" }, "geometry": { "type": "Point", "coordinates": [ 76.764547, 30.7464577 ] } },
{ "type": "Feature", "properties": { "name": "The Palms", "primary_type": "Food and Drinks", "sector_name": "24", "secondary_type": "indian_restaurant" }, "geometry": { "type": "Point", "coordinates": [ 76.7676071, 30.7460932 ] } },
{ "type": "Feature", "properties": { "name": "Park 41", "primary_type": "Tourism", "sector_name": "24", "secondary_type": "park" }, "geometry": { "type": "Point", "coordinates": [ 76.7629937, 30.7459552 ] } },
{ "type": "Feature", "properties": { "name": "Government Ayurvedic Dispensary", "primary_type": "Essential Services", "sector_name": "24", "secondary_type": "hospital" }, "geometry": { "type": "Point", "coordinates": [ 76.7643129, 30.7473563 ] } },
{ "type": "Feature", "properties": { "name": "Dr.Dimple lalit's physiotherapy clinic", "primary_type": "Essential Services", "sector_name": "24", "secondary_type": "doctor" }, "geometry": { "type": "Point", "coordinates": [ 76.7661595, 30.7474767 ] } },
{ "type": "Feature", "properties": { "name": "Eye clinicsujata", "primary_type": "Essential Services", "sector_name": "24", "secondary_type": "hospital" }, "geometry": { "type": "Point", "coordinates": [ 76.7661973, 30.747495 ] } },
{ "type": "Feature", "properties": { "name": "Charitable hospital", "primary_type": "Essential Services", "sector_name": "24", "secondary_type": "hospital" }, "geometry": { "type": "Point", "coordinates": [ 76.7660754, 30.7476441 ] } },
{ "type": "Feature", "properties": { "name": "Dr. Jatinder Sharma", "primary_type": "Essential Services", "sector_name": "24", "secondary_type": "doctor" }, "geometry": { "type": "Point", "coordinates": [ 76.7655838, 30.7495038 ] } },
{ "type": "Feature", "properties": { "name": "Parking indira holiday homes", "primary_type": "Essential Services", "sector_name": "24", "secondary_type": "hospital" }, "geometry": { "type": "Point", "coordinates": [ 76.7663283, 30.7481865 ] } },
{ "type": "Feature", "properties": { "name": "Sant Nirankari Bhawan Ground", "primary_type": "Tourism", "sector_name": "15", "secondary_type": "park" }, "geometry": { "type": "Point", "coordinates": [ 76.7678274, 30.749848 ] } },
{ "type": "Feature", "properties": { "name": "Central Park Sector 15D", "primary_type": "Tourism", "sector_name": "15", "secondary_type": "park" }, "geometry": { "type": "Point", "coordinates": [ 76.7684485, 30.7500867 ] } },
{ "type": "Feature", "properties": { "name": "Om Parkash Dr Dhir", "primary_type": "Essential Services", "sector_name": "15", "secondary_type": "doctor" }, "geometry": { "type": "Point", "coordinates": [ 76.7688636, 30.7499124 ] } },
{ "type": "Feature", "properties": { "name": "Onkar Chander Dr Jagpal", "primary_type": "Essential Services", "sector_name": "15", "secondary_type": "doctor" }, "geometry": { "type": "Point", "coordinates": [ 76.7688636, 30.7499124 ] } },
{ "type": "Feature", "properties": { "name": "Bharat Clinic", "primary_type": "Essential Services", "sector_name": "15", "secondary_type": "doctor" }, "geometry": { "type": "Point", "coordinates": [ 76.7688636, 30.7499124 ] } },
{ "type": "Feature", "properties": { "name": "Sai Confectioners", "primary_type": "Essential Services", "sector_name": "16", "secondary_type": "convenience_store" }, "geometry": { "type": "Point", "coordinates": [ 76.7747821, 30.7442681 ] } },
{ "type": "Feature", "properties": { "name": "Sector 16 Cricket Stadium", "primary_type": "Sports", "sector_name": "16", "secondary_type": "stadium" }, "geometry": { "type": "Point", "coordinates": [ 76.7748528, 30.7416994 ] } },
{ "type": "Feature", "properties": { "name": "Dr Ashit Syngle", "primary_type": "Essential Services", "sector_name": "16", "secondary_type": "doctor" }, "geometry": { "type": "Point", "coordinates": [ 76.7739176, 30.7448496 ] } },
{ "type": "Feature", "properties": { "name": "SHARAN'S BOUTIQUE", "primary_type": "Shopping", "sector_name": "16", "secondary_type": "clothing_store" }, "geometry": { "type": "Point", "coordinates": [ 76.7733538, 30.7453605 ] } },
{ "type": "Feature", "properties": { "name": "SECTOR 17", "primary_type": "Sports", "sector_name": "16", "secondary_type": "hiking_area" }, "geometry": { "type": "Point", "coordinates": [ 76.7762593, 30.7434903 ] } },
{ "type": "Feature", "properties": { "name": "Shanti Kunj Park", "primary_type": "Tourism", "sector_name": "16", "secondary_type": "park" }, "geometry": { "type": "Point", "coordinates": [ 76.7761901, 30.743855 ] } },
{ "type": "Feature", "properties": { "name": "ResCure India Company", "primary_type": "Shopping", "sector_name": "16", "secondary_type": "wholesaler" }, "geometry": { "type": "Point", "coordinates": [ 76.7732699, 30.7457894 ] } },
{ "type": "Feature", "properties": { "name": "Dr. Japneet 's Dental Wellness", "primary_type": "Essential Services", "sector_name": "16", "secondary_type": "hospital" }, "geometry": { "type": "Point", "coordinates": [ 76.7732699, 30.7457894 ] } },
{ "type": "Feature", "properties": { "name": "Shinku dhaba", "primary_type": "Food and Drinks", "sector_name": "16", "secondary_type": "vegetarian_restaurant" }, "geometry": { "type": "Point", "coordinates": [ 76.773271, 30.7465802 ] } },
{ "type": "Feature", "properties": { "name": "Tour & travels", "primary_type": "Tourism", "sector_name": "16", "secondary_type": "tourist_attraction" }, "geometry": { "type": "Point", "coordinates": [ 76.7724923, 30.7471791 ] } },
{ "type": "Feature", "properties": { "name": "Saini’s Children Clinic", "primary_type": "Essential Services", "sector_name": "16", "secondary_type": "doctor" }, "geometry": { "type": "Point", "coordinates": [ 76.7713443, 30.7461668 ] } },
{ "type": "Feature", "properties": { "name": "Dr Harish Chander Gupta", "primary_type": "Essential Services", "sector_name": "16", "secondary_type": "doctor" }, "geometry": { "type": "Point", "coordinates": [ 76.7713247, 30.7459863 ] } },
{ "type": "Feature", "properties": { "name": "Dr. Ashok C Saini", "primary_type": "Essential Services", "sector_name": "16", "secondary_type": "doctor" }, "geometry": { "type": "Point", "coordinates": [ 76.7712739, 30.7462136 ] } },
{ "type": "Feature", "properties": { "name": "Markfed bazaar", "primary_type": "Essential Services", "sector_name": "16", "secondary_type": "supermarket" }, "geometry": { "type": "Point", "coordinates": [ 76.7751072, 30.7475298 ] } },
{ "type": "Feature", "properties": { "name": "Kaul Agency", "primary_type": "Essential Services", "sector_name": "16", "secondary_type": "pharmacy" }, "geometry": { "type": "Point", "coordinates": [ 76.7750617, 30.7475767 ] } },
{ "type": "Feature", "properties": { "name": "Dr Sohinderjit Singh", "primary_type": "Essential Services", "sector_name": "16", "secondary_type": "dentist" }, "geometry": { "type": "Point", "coordinates": [ 76.7745871, 30.7479343 ] } },
{ "type": "Feature", "properties": { "name": "Sub Post Office sector 16", "primary_type": "Essential Services", "sector_name": "16", "secondary_type": "post_office" }, "geometry": { "type": "Point", "coordinates": [ 76.7753471, 30.7473587 ] } },
{ "type": "Feature", "properties": { "name": "QUEZON RESTAURANT CHANDIGARH", "primary_type": "Food and Drinks", "sector_name": "16", "secondary_type": "fast_food_restaurant" }, "geometry": { "type": "Point", "coordinates": [ 76.7753013, 30.7474494 ] } },
{ "type": "Feature", "properties": { "name": "Eating Joint", "primary_type": "Food and Drinks", "sector_name": "16", "secondary_type": "restaurant" }, "geometry": { "type": "Point", "coordinates": [ 76.7788607, 30.7436845 ] } },
{ "type": "Feature", "properties": { "name": "Shimla communication", "primary_type": "Shopping", "sector_name": "17", "secondary_type": "market" }, "geometry": { "type": "Point", "coordinates": [ 76.7787078, 30.7415807 ] } },
{ "type": "Feature", "properties": { "name": "Mexican Pan & Grill", "primary_type": "Food and Drinks", "sector_name": "17", "secondary_type": "fast_food_restaurant" }, "geometry": { "type": "Point", "coordinates": [ 76.779015, 30.7410517 ] } },
{ "type": "Feature", "properties": { "name": "Chij", "primary_type": "Food and Drinks", "sector_name": "17", "secondary_type": "coffee_shop" }, "geometry": { "type": "Point", "coordinates": [ 76.779015, 30.7410517 ] } },
{ "type": "Feature", "properties": { "name": "Knitted Gallery", "primary_type": "Shopping", "sector_name": "17", "secondary_type": "clothing_store" }, "geometry": { "type": "Point", "coordinates": [ 76.779015, 30.7410517 ] } },
{ "type": "Feature", "properties": { "name": "Sindhi bakery", "primary_type": "Shopping", "sector_name": "17", "secondary_type": "shopping_mall" }, "geometry": { "type": "Point", "coordinates": [ 76.779015, 30.7410517 ] } },
{ "type": "Feature", "properties": { "name": "Chest and Lungs Clinic | Pulmonologist | Chest Specialist | Asthma Doctor | Chandigarh", "primary_type": "Essential Services", "sector_name": "16", "secondary_type": "hospital" }, "geometry": { "type": "Point", "coordinates": [ 76.778172, 30.7463106 ] } },
{ "type": "Feature", "properties": { "name": "Principal General Hospital", "primary_type": "Essential Services", "sector_name": "16", "secondary_type": "hospital" }, "geometry": { "type": "Point", "coordinates": [ 76.7783748, 30.7464418 ] } },
{ "type": "Feature", "properties": { "name": "Genl Hospital", "primary_type": "Essential Services", "sector_name": "16", "secondary_type": "hospital" }, "geometry": { "type": "Point", "coordinates": [ 76.7783748, 30.7464418 ] } },
{ "type": "Feature", "properties": { "name": "Ccb Pco Genl Hospital", "primary_type": "Essential Services", "sector_name": "16", "secondary_type": "hospital" }, "geometry": { "type": "Point", "coordinates": [ 76.7783748, 30.7464418 ] } },
{ "type": "Feature", "properties": { "name": "Dr Sarla malhotra", "primary_type": "Essential Services", "sector_name": "16", "secondary_type": "doctor" }, "geometry": { "type": "Point", "coordinates": [ 76.7783748, 30.7464418 ] } },
{ "type": "Feature", "properties": { "name": "Ishika Will", "primary_type": "Essential Services", "sector_name": "16", "secondary_type": "hospital" }, "geometry": { "type": "Point", "coordinates": [ 76.7786347, 30.7464805 ] } },
{ "type": "Feature", "properties": { "name": "Sector 16 - Park", "primary_type": "Tourism", "sector_name": "16", "secondary_type": "park" }, "geometry": { "type": "Point", "coordinates": [ 76.7781301, 30.7475457 ] } },
{ "type": "Feature", "properties": { "name": "Chandigarh Clinical Laboratories", "primary_type": "Essential Services", "sector_name": "16", "secondary_type": "doctor" }, "geometry": { "type": "Point", "coordinates": [ 76.7759817, 30.7469587 ] } },
{ "type": "Feature", "properties": { "name": "The Hotspot", "primary_type": "Food and Drinks", "sector_name": "16", "secondary_type": "indian_restaurant" }, "geometry": { "type": "Point", "coordinates": [ 76.7758677, 30.746803 ] } },
{ "type": "Feature", "properties": { "name": "Books N Brew", "primary_type": "Food and Drinks", "sector_name": "16", "secondary_type": "cafe" }, "geometry": { "type": "Point", "coordinates": [ 76.7759218, 30.746974 ] } },
{ "type": "Feature", "properties": { "name": "Bistro 40", "primary_type": "Food and Drinks", "sector_name": "16", "secondary_type": "restaurant" }, "geometry": { "type": "Point", "coordinates": [ 76.7784805, 30.7474952 ] } },
{ "type": "Feature", "properties": { "name": "Dr Sunil Sood", "primary_type": "Essential Services", "sector_name": "16", "secondary_type": "doctor" }, "geometry": { "type": "Point", "coordinates": [ 76.775805, 30.7470065 ] } },
{ "type": "Feature", "properties": { "name": "Manu Traders", "primary_type": "Essential Services", "sector_name": "16", "secondary_type": "food_store" }, "geometry": { "type": "Point", "coordinates": [ 76.775942, 30.7473268 ] } },
{ "type": "Feature", "properties": { "name": "Dr. Dua's Diagnostics- ULTRASOUND, MAMMOGRAPHY; Dr. Ashish Dua, MD(Ex. PGI)- Radiologist, Fetal Medicine & Breast Specialist", "primary_type": "Essential Services", "sector_name": "16", "secondary_type": "doctor" }, "geometry": { "type": "Point", "coordinates": [ 76.7757723, 30.7471706 ] } },
{ "type": "Feature", "properties": { "name": "Raju Parathe Wala", "primary_type": "Food and Drinks", "sector_name": "16", "secondary_type": "fast_food_restaurant" }, "geometry": { "type": "Point", "coordinates": [ 76.7758526, 30.7473781 ] } },
{ "type": "Feature", "properties": { "name": "Clarity Women's Clinic - Best Gynaecologist in Chandigarh | Female Gynaecologist in Chandigarh", "primary_type": "Essential Services", "sector_name": "16", "secondary_type": "doctor" }, "geometry": { "type": "Point", "coordinates": [ 76.7771836, 30.749498 ] } },
{ "type": "Feature", "properties": { "name": "Dr. Karun Singla- Urologist In Chandigarh| Andrologist, ED Specialist, & Male Infertility Specialist In Chandigarh", "primary_type": "Essential Services", "sector_name": "16", "secondary_type": "doctor" }, "geometry": { "type": "Point", "coordinates": [ 76.7771712, 30.7495161 ] } },
{ "type": "Feature", "properties": { "name": "Dr Sandeep Dhavan, Gastro, Liver & Endoscopy Centre", "primary_type": "Essential Services", "sector_name": "16", "secondary_type": "doctor" }, "geometry": { "type": "Point", "coordinates": [ 76.7777787, 30.7496173 ] } },
{ "type": "Feature", "properties": { "name": "Gastroenterology Services", "primary_type": "Essential Services", "sector_name": "16", "secondary_type": "doctor" }, "geometry": { "type": "Point", "coordinates": [ 76.7774788, 30.7499506 ] } },
{ "type": "Feature", "properties": { "name": "Dr. Gurbilas P. Singh", "primary_type": "Essential Services", "sector_name": "16", "secondary_type": "doctor" }, "geometry": { "type": "Point", "coordinates": [ 76.7774788, 30.7499506 ] } },
{ "type": "Feature", "properties": { "name": "Liver Gastroenterology & Endoscopy Centre", "primary_type": "Essential Services", "sector_name": "16", "secondary_type": "doctor" }, "geometry": { "type": "Point", "coordinates": [ 76.7778778, 30.7496798 ] } },
{ "type": "Feature", "properties": { "name": "Dr. Sonil |Best Gynecologist Chandigarh |Best Abortion Specialist|Infertility Specialist|Fetal Medicine|Pregnancy expert", "primary_type": "Essential Services", "sector_name": "16", "secondary_type": "doctor" }, "geometry": { "type": "Point", "coordinates": [ 76.778008, 30.749242 ] } },
{ "type": "Feature", "properties": { "name": "Dr. Sudesh Prabhakar", "primary_type": "Essential Services", "sector_name": "16", "secondary_type": "doctor" }, "geometry": { "type": "Point", "coordinates": [ 76.778008, 30.749242 ] } },
{ "type": "Feature", "properties": { "name": "MODELE BOUTIQUE", "primary_type": "Shopping", "sector_name": "16", "secondary_type": "clothing_store" }, "geometry": { "type": "Point", "coordinates": [ 76.777393, 30.750197 ] } },
{ "type": "Feature", "properties": { "name": "Dr Amit Agarwal Pediatric Nephrologist", "primary_type": "Essential Services", "sector_name": "16", "secondary_type": "doctor" }, "geometry": { "type": "Point", "coordinates": [ 76.776827, 30.749935 ] } },
{ "type": "Feature", "properties": { "name": "Dr. Pallavi Bansal - Best Gynaecologist in Chandigarh", "primary_type": "Essential Services", "sector_name": "16", "secondary_type": "doctor" }, "geometry": { "type": "Point", "coordinates": [ 76.7769258, 30.7490357 ] } },
{ "type": "Feature", "properties": { "name": "INDU NURSING HOME", "primary_type": "Essential Services", "sector_name": "16", "secondary_type": "doctor" }, "geometry": { "type": "Point", "coordinates": [ 76.777973, 30.7487395 ] } },
{ "type": "Feature", "properties": { "name": "skin Clinic by Dr Ana", "primary_type": "Essential Services", "sector_name": "16", "secondary_type": "doctor" }, "geometry": { "type": "Point", "coordinates": [ 76.776932, 30.750525 ] } },
{ "type": "Feature", "properties": { "name": "Crescentbypooja", "primary_type": "Shopping", "sector_name": "16", "secondary_type": "clothing_store" }, "geometry": { "type": "Point", "coordinates": [ 76.7765594, 30.7488343 ] } },
{ "type": "Feature", "properties": { "name": "Shivangi’s Gleaming Boutique", "primary_type": "Shopping", "sector_name": "16", "secondary_type": "clothing_store" }, "geometry": { "type": "Point", "coordinates": [ 76.7765594, 30.7488342 ] } },
{ "type": "Feature", "properties": { "name": "Abhishek laller", "primary_type": "Essential Services", "sector_name": "16", "secondary_type": "hospital" }, "geometry": { "type": "Point", "coordinates": [ 76.7758381, 30.7496593 ] } },
{ "type": "Feature", "properties": { "name": "Public Park and Raing", "primary_type": "Tourism", "sector_name": "15", "secondary_type": "park" }, "geometry": { "type": "Point", "coordinates": [ 76.7759958, 30.7502235 ] } },
{ "type": "Feature", "properties": { "name": "Dr sukhjeet Singh Bawa", "primary_type": "Essential Services", "sector_name": "16", "secondary_type": "hospital" }, "geometry": { "type": "Point", "coordinates": [ 76.775638, 30.7494821 ] } },
{ "type": "Feature", "properties": { "name": "Musical Fountain", "primary_type": "Tourism", "sector_name": "16", "secondary_type": "park" }, "geometry": { "type": "Point", "coordinates": [ 76.7813497, 30.7459552 ] } },
{ "type": "Feature", "properties": { "name": "Ashish Wong", "primary_type": "Sports", "sector_name": "16", "secondary_type": "fitness_center" }, "geometry": { "type": "Point", "coordinates": [ 76.7827941, 30.7462716 ] } },
{ "type": "Feature", "properties": { "name": "Rose Garden Back Gate", "primary_type": "Tourism", "sector_name": "16", "secondary_type": "park" }, "geometry": { "type": "Point", "coordinates": [ 76.7803034, 30.7471435 ] } },
{ "type": "Feature", "properties": { "name": "Rose Garden Music Walk Way", "primary_type": "Tourism", "sector_name": "16", "secondary_type": "park" }, "geometry": { "type": "Point", "coordinates": [ 76.7820569, 30.7449458 ] } },
{ "type": "Feature", "properties": { "name": "Boota book center sector 16 b chandigarh", "primary_type": "Shopping", "sector_name": "16", "secondary_type": "book_store" }, "geometry": { "type": "Point", "coordinates": [ 76.7816382, 30.747737 ] } },
{ "type": "Feature", "properties": { "name": "Zakir Rose Garden Kids play area", "primary_type": "Sports", "sector_name": "16", "secondary_type": "playground" }, "geometry": { "type": "Point", "coordinates": [ 76.7809029, 30.7446643 ] } },
{ "type": "Feature", "properties": { "name": "Yog Cafe - Kaval Yoga", "primary_type": "Sports", "sector_name": "16", "secondary_type": "yoga_studio" }, "geometry": { "type": "Point", "coordinates": [ 76.7815415, 30.7481742 ] } },
{ "type": "Feature", "properties": { "name": "Slacklining spot 1 - Shanti KunjKunj side", "primary_type": "Sports", "sector_name": "16", "secondary_type": "playground" }, "geometry": { "type": "Point", "coordinates": [ 76.7793375, 30.7452351 ] } },
{ "type": "Feature", "properties": { "name": "Raju Parantha Corner", "primary_type": "Food and Drinks", "sector_name": "16", "secondary_type": "restaurant" }, "geometry": { "type": "Point", "coordinates": [ 76.7818269, 30.7487571 ] } },
{ "type": "Feature", "properties": { "name": "Hyatt Centric Lounge", "primary_type": "Food and Drinks", "sector_name": "17", "secondary_type": "bar" }, "geometry": { "type": "Point", "coordinates": [ 76.7838393, 30.7446105 ] } },
{ "type": "Feature", "properties": { "name": "allo prantha", "primary_type": "Food and Drinks", "sector_name": "16", "secondary_type": "indian_restaurant" }, "geometry": { "type": "Point", "coordinates": [ 76.781999, 30.748947 ] } },
{ "type": "Feature", "properties": { "name": "Babaji Anda and Mix Parathe", "primary_type": "Food and Drinks", "sector_name": "16", "secondary_type": "fast_food_restaurant" }, "geometry": { "type": "Point", "coordinates": [ 76.7821065, 30.7491231 ] } },
{ "type": "Feature", "properties": { "name": "Advanced Pediatrics Centre APC", "primary_type": "Essential Services", "sector_name": "16", "secondary_type": "hospital" }, "geometry": { "type": "Point", "coordinates": [ 76.7818306, 30.7502843 ] } },
{ "type": "Feature", "properties": { "name": "GMSH", "primary_type": "Essential Services", "sector_name": "16", "secondary_type": "hospital" }, "geometry": { "type": "Point", "coordinates": [ 76.7811312, 30.7508295 ] } },
{ "type": "Feature", "properties": { "name": "Ortho OPD GOVT HOSPITAL Sec 16 Chandigarh", "primary_type": "Essential Services", "sector_name": "16", "secondary_type": "hospital" }, "geometry": { "type": "Point", "coordinates": [ 76.7807151, 30.7507733 ] } },
{ "type": "Feature", "properties": { "name": "Avinash sir ki jay ho", "primary_type": "Essential Services", "sector_name": "16", "secondary_type": "hospital" }, "geometry": { "type": "Point", "coordinates": [ 76.7803389, 30.7508585 ] } },
{ "type": "Feature", "properties": { "name": "Skating Ring. Sec 10", "primary_type": "Sports", "sector_name": "10", "secondary_type": "sports_complex" }, "geometry": { "type": "Point", "coordinates": [ 76.7833551, 30.7505857 ] } },
{ "type": "Feature", "properties": { "name": "swami Vivekananda training hall", "primary_type": "Essential Services", "sector_name": "16", "secondary_type": "hospital" }, "geometry": { "type": "Point", "coordinates": [ 76.7835725, 30.7484575 ] } },
{ "type": "Feature", "properties": { "name": "Government Multi Specialty Hospital", "primary_type": "Essential Services", "sector_name": "16", "secondary_type": "hospital" }, "geometry": { "type": "Point", "coordinates": [ 76.780409, 30.7515025 ] } },
{ "type": "Feature", "properties": { "name": "Sudhir Parantha Junction", "primary_type": "Food and Drinks", "sector_name": "10", "secondary_type": "restaurant" }, "geometry": { "type": "Point", "coordinates": [ 76.7816971, 30.7519082 ] } },
{ "type": "Feature", "properties": { "name": "Shiv Traders", "primary_type": "Essential Services", "sector_name": "16", "secondary_type": "supermarket" }, "geometry": { "type": "Point", "coordinates": [ 76.7802457, 30.7516339 ] } },
{ "type": "Feature", "properties": { "name": "16 secatar", "primary_type": "Essential Services", "sector_name": "16", "secondary_type": "hospital" }, "geometry": { "type": "Point", "coordinates": [ 76.779096, 30.7486324 ] } },
{ "type": "Feature", "properties": { "name": "Carewell360 | Dr. Sonil |", "primary_type": "Essential Services", "sector_name": "16", "secondary_type": "doctor" }, "geometry": { "type": "Point", "coordinates": [ 76.779096, 30.7486324 ] } },
{ "type": "Feature", "properties": { "name": "State Bank of India SEC 16 CHANDIGARH", "primary_type": "Essential Services", "sector_name": "16", "secondary_type": "bank" }, "geometry": { "type": "Point", "coordinates": [ 76.779966, 30.751547 ] } },
{ "type": "Feature", "properties": { "name": "Chemists Hospital Medical And Surgical", "primary_type": "Essential Services", "sector_name": "16", "secondary_type": "pharmacy" }, "geometry": { "type": "Point", "coordinates": [ 76.7798222, 30.7516641 ] } },
{ "type": "Feature", "properties": { "name": "Punjabi Dhaba", "primary_type": "Food and Drinks", "sector_name": "9", "secondary_type": "restaurant" }, "geometry": { "type": "Point", "coordinates": [ 76.7898628, 30.7434378 ] } },
{ "type": "Feature", "properties": { "name": "Veer ji Malai Chaap Wale", "primary_type": "Food and Drinks", "sector_name": "9", "secondary_type": "indian_restaurant" }, "geometry": { "type": "Point", "coordinates": [ 76.7898692, 30.7434165 ] } },
{ "type": "Feature", "properties": { "name": "VB's Cafe", "primary_type": "Food and Drinks", "sector_name": "9", "secondary_type": "fast_food_restaurant" }, "geometry": { "type": "Point", "coordinates": [ 76.7898445, 30.7434062 ] } },
{ "type": "Feature", "properties": { "name": "Krafty Kitchen", "primary_type": "Food and Drinks", "sector_name": "9", "secondary_type": "indian_restaurant" }, "geometry": { "type": "Point", "coordinates": [ 76.7897283, 30.7433794 ] } },
{ "type": "Feature", "properties": { "name": "Salad eat", "primary_type": "Food and Drinks", "sector_name": "9", "secondary_type": "restaurant" }, "geometry": { "type": "Point", "coordinates": [ 76.7898608, 30.7433886 ] } },
{ "type": "Feature", "properties": { "name": "Raj Fast Food", "primary_type": "Food and Drinks", "sector_name": "9", "secondary_type": "fast_food_restaurant" }, "geometry": { "type": "Point", "coordinates": [ 76.7898567, 30.7433846 ] } },
{ "type": "Feature", "properties": { "name": "Jolly's Kitchen", "primary_type": "Food and Drinks", "sector_name": "9", "secondary_type": "restaurant" }, "geometry": { "type": "Point", "coordinates": [ 76.7898624, 30.7433849 ] } },
{ "type": "Feature", "properties": { "name": "Tea town chandigarh", "primary_type": "Food and Drinks", "sector_name": "9", "secondary_type": "cafe" }, "geometry": { "type": "Point", "coordinates": [ 76.7897708, 30.7433703 ] } },
{ "type": "Feature", "properties": { "name": "Chinese Fast Food", "primary_type": "Food and Drinks", "sector_name": "9", "secondary_type": "chinese_restaurant" }, "geometry": { "type": "Point", "coordinates": [ 76.7896569, 30.7433705 ] } },
{ "type": "Feature", "properties": { "name": "Flames", "primary_type": "Food and Drinks", "sector_name": "9", "secondary_type": "food_court" }, "geometry": { "type": "Point", "coordinates": [ 76.7896576, 30.743333 ] } },
{ "type": "Feature", "properties": { "name": "Burger Point - Best Burgers and Pizza in Chandigarh | Wholewheat Veg/NonVeg Wraps | Fresh Sandwiches | Shakes & Mojitos", "primary_type": "Food and Drinks", "sector_name": "9", "secondary_type": "fast_food_restaurant" }, "geometry": { "type": "Point", "coordinates": [ 76.7896575, 30.7433295 ] } },
{ "type": "Feature", "properties": { "name": "Khokha", "primary_type": "Food and Drinks", "sector_name": "9", "secondary_type": "fast_food_restaurant" }, "geometry": { "type": "Point", "coordinates": [ 76.7899235, 30.7433437 ] } },
{ "type": "Feature", "properties": { "name": "Smoothie Square - Best Smoothies and Gym Diet in Chandigarh | Healthy Salad | Detox Juice", "primary_type": "Essential Services", "sector_name": "9", "secondary_type": "food_store" }, "geometry": { "type": "Point", "coordinates": [ 76.7896597, 30.7433233 ] } },
{ "type": "Feature", "properties": { "name": "Love In First Sip", "primary_type": "Food and Drinks", "sector_name": "9", "secondary_type": "coffee_shop" }, "geometry": { "type": "Point", "coordinates": [ 76.7898054, 30.7432996 ] } },
{ "type": "Feature", "properties": { "name": "SRAN DESI GHEE MEAT", "primary_type": "Food and Drinks", "sector_name": "9", "secondary_type": "indian_restaurant" }, "geometry": { "type": "Point", "coordinates": [ 76.7896187, 30.74328 ] } },
{ "type": "Feature", "properties": { "name": "LOKAL- \"End Your Cravings Here\"", "primary_type": "Food and Drinks", "sector_name": "9", "secondary_type": "restaurant" }, "geometry": { "type": "Point", "coordinates": [ 76.789641, 30.7431725 ] } },
{ "type": "Feature", "properties": { "name": "Brothers Amritsari Kulcha Hub", "primary_type": "Food and Drinks", "sector_name": "9", "secondary_type": "indian_restaurant" }, "geometry": { "type": "Point", "coordinates": [ 76.7896318, 30.7431483 ] } },
{ "type": "Feature", "properties": { "name": "BEST ALLO KE PARATHE", "primary_type": "Food and Drinks", "sector_name": "9", "secondary_type": "restaurant" }, "geometry": { "type": "Point", "coordinates": [ 76.7890853, 30.7440234 ] } },
{ "type": "Feature", "properties": { "name": "Pannacottas", "primary_type": "Food and Drinks", "sector_name": "9", "secondary_type": "italian_restaurant" }, "geometry": { "type": "Point", "coordinates": [ 76.7900445, 30.7431555 ] } },
{ "type": "Feature", "properties": { "name": "Badlu Sahu Tea Parantha Stall", "primary_type": "Food and Drinks", "sector_name": "9", "secondary_type": "restaurant" }, "geometry": { "type": "Point", "coordinates": [ 76.7890061, 30.7439736 ] } },
{ "type": "Feature", "properties": { "name": "Truevisa immigration", "primary_type": "Tourism", "sector_name": "9", "secondary_type": "tourist_attraction" }, "geometry": { "type": "Point", "coordinates": [ 76.7906347, 30.7470013 ] } },
{ "type": "Feature", "properties": { "name": "V Smile Dental Clinic", "primary_type": "Essential Services", "sector_name": "9", "secondary_type": "dentist" }, "geometry": { "type": "Point", "coordinates": [ 76.7886013, 30.7474692 ] } },
{ "type": "Feature", "properties": { "name": "Wat-a-Burger", "primary_type": "Food and Drinks", "sector_name": "9", "secondary_type": "fast_food_restaurant" }, "geometry": { "type": "Point", "coordinates": [ 76.7898339, 30.7481739 ] } },
{ "type": "Feature", "properties": { "name": "VBs CAFE", "primary_type": "Food and Drinks", "sector_name": "9", "secondary_type": "restaurant" }, "geometry": { "type": "Point", "coordinates": [ 76.7910367, 30.7464191 ] } },
{ "type": "Feature", "properties": { "name": "Rahul dhaba 9d", "primary_type": "Food and Drinks", "sector_name": "9", "secondary_type": "indian_restaurant" }, "geometry": { "type": "Point", "coordinates": [ 76.7882943, 30.7454655 ] } },
{ "type": "Feature", "properties": { "name": "Yo!China", "primary_type": "Food and Drinks", "sector_name": "9", "secondary_type": "chinese_restaurant" }, "geometry": { "type": "Point", "coordinates": [ 76.7876803, 30.7457379 ] } },
{ "type": "Feature", "properties": { "name": "Pro Yokalp", "primary_type": "Sports", "sector_name": "9", "secondary_type": "gym" }, "geometry": { "type": "Point", "coordinates": [ 76.7876044, 30.7458258 ] } },
{ "type": "Feature", "properties": { "name": "Chandigarh Foundation Stone", "primary_type": "Tourism", "sector_name": "9", "secondary_type": "historical_landmark" }, "geometry": { "type": "Point", "coordinates": [ 76.7906617, 30.7449179 ] } },
{ "type": "Feature", "properties": { "name": "FOLA | Kitchen & Bar", "primary_type": "Food and Drinks", "sector_name": "9", "secondary_type": "mediterranean_restaurant" }, "geometry": { "type": "Point", "coordinates": [ 76.7875323, 30.7457406 ] } },
{ "type": "Feature", "properties": { "name": "Boom Box Cafe", "primary_type": "Food and Drinks", "sector_name": "9", "secondary_type": "bar" }, "geometry": { "type": "Point", "coordinates": [ 76.7881988, 30.7451233 ] } },
{ "type": "Feature", "properties": { "name": "Alpha Q", "primary_type": "Food and Drinks", "sector_name": "9", "secondary_type": "bar" }, "geometry": { "type": "Point", "coordinates": [ 76.7876493, 30.7455039 ] } },
{ "type": "Feature", "properties": { "name": "Lily Garden aka Jawahar Lal Nehru Memorial", "primary_type": "Tourism", "sector_name": "9", "secondary_type": "park" }, "geometry": { "type": "Point", "coordinates": [ 76.7917423, 30.7453769 ] } },
{ "type": "Feature", "properties": { "name": "Khan's Cafe Shop", "primary_type": "Food and Drinks", "sector_name": "9", "secondary_type": "cafe" }, "geometry": { "type": "Point", "coordinates": [ 76.7876937, 30.7454383 ] } },
{ "type": "Feature", "properties": { "name": "Wao Fitness-Best Gym In Chandigarh", "primary_type": "Sports", "sector_name": "9", "secondary_type": "gym" }, "geometry": { "type": "Point", "coordinates": [ 76.7881575, 30.7450838 ] } },
{ "type": "Feature", "properties": { "name": "DBS Bank - Chandigarh Branch", "primary_type": "Essential Services", "sector_name": "9", "secondary_type": "bank" }, "geometry": { "type": "Point", "coordinates": [ 76.7883347, 30.7448921 ] } },
{ "type": "Feature", "properties": { "name": "Human Fitness - Best Gym In Chandigarh , Gyms in Chandigarh", "primary_type": "Sports", "sector_name": "9", "secondary_type": "gym" }, "geometry": { "type": "Point", "coordinates": [ 76.787945, 30.7451164 ] } },
{ "type": "Feature", "properties": { "name": "Cleopatra | Bridal Makeup Artist | Skin Clinic in Chandigarh", "primary_type": "Shopping", "sector_name": "9", "secondary_type": "beauty_salon" }, "geometry": { "type": "Point", "coordinates": [ 76.7882483, 30.7449209 ] } },
{ "type": "Feature", "properties": { "name": "Dr. Anjali Sampley", "primary_type": "Essential Services", "sector_name": "9", "secondary_type": "doctor" }, "geometry": { "type": "Point", "coordinates": [ 76.7920528, 30.742851 ] } },
{ "type": "Feature", "properties": { "name": "Dr. Ajay Aurora", "primary_type": "Essential Services", "sector_name": "9", "secondary_type": "doctor" }, "geometry": { "type": "Point", "coordinates": [ 76.7920527, 30.742851 ] } },
{ "type": "Feature", "properties": { "name": "Convent school ground", "primary_type": "Tourism", "sector_name": "9", "secondary_type": "park" }, "geometry": { "type": "Point", "coordinates": [ 76.7950203, 30.7463341 ] } },
{ "type": "Feature", "properties": { "name": "Dr Shiba Mittal, M.D Best Gynecologist, Diploma ART (Germany), Advanced Diploma in Laparoscopy (Kiel,Germany)", "primary_type": "Essential Services", "sector_name": "9", "secondary_type": "doctor" }, "geometry": { "type": "Point", "coordinates": [ 76.7914718, 30.7419238 ] } },
{ "type": "Feature", "properties": { "name": "Shiv chai wala", "primary_type": "Food and Drinks", "sector_name": "9", "secondary_type": "indian_restaurant" }, "geometry": { "type": "Point", "coordinates": [ 76.7942484, 30.746665 ] } },
{ "type": "Feature", "properties": { "name": "Rakesh kumar", "primary_type": "Essential Services", "sector_name": "9", "secondary_type": "hospital" }, "geometry": { "type": "Point", "coordinates": [ 76.7942403, 30.7466677 ] } },
{ "type": "Feature", "properties": { "name": "R Dr Chopra", "primary_type": "Essential Services", "sector_name": "9", "secondary_type": "doctor" }, "geometry": { "type": "Point", "coordinates": [ 76.7942403, 30.7466677 ] } },
{ "type": "Feature", "properties": { "name": "Just Casuals", "primary_type": "Shopping", "sector_name": "9", "secondary_type": "clothing_store" }, "geometry": { "type": "Point", "coordinates": [ 76.7942403, 30.7466677 ] } },
{ "type": "Feature", "properties": { "name": "SANDEEP KUMAR MUNGFALI STORE", "primary_type": "Shopping", "sector_name": "9", "secondary_type": "market" }, "geometry": { "type": "Point", "coordinates": [ 76.7931662, 30.7466133 ] } },
{ "type": "Feature", "properties": { "name": "PQRR+CHW", "primary_type": "Tourism", "sector_name": "9", "secondary_type": "park" }, "geometry": { "type": "Point", "coordinates": [ 76.7914459, 30.7411768 ] } },
{ "type": "Feature", "properties": { "name": "Organic Fresco", "primary_type": "Essential Services", "sector_name": "9", "secondary_type": "grocery_store" }, "geometry": { "type": "Point", "coordinates": [ 76.7936331, 30.7469834 ] } },
{ "type": "Feature", "properties": { "name": "Yoga with Yogi", "primary_type": "Sports", "sector_name": "9", "secondary_type": "yoga_studio" }, "geometry": { "type": "Point", "coordinates": [ 76.7936132, 30.7469547 ] } },
{ "type": "Feature", "properties": { "name": "Cinnabon", "primary_type": "Food and Drinks", "sector_name": "9", "secondary_type": "coffee_shop" }, "geometry": { "type": "Point", "coordinates": [ 76.7935698, 30.7470667 ] } },
{ "type": "Feature", "properties": { "name": "V-spot cafe", "primary_type": "Food and Drinks", "sector_name": "9", "secondary_type": "vegan_restaurant" }, "geometry": { "type": "Point", "coordinates": [ 76.7935628, 30.7470356 ] } },
{ "type": "Feature", "properties": { "name": "Monlal Meatwala", "primary_type": "Food and Drinks", "sector_name": "9", "secondary_type": "indian_restaurant" }, "geometry": { "type": "Point", "coordinates": [ 76.7938311, 30.7467821 ] } },
{ "type": "Feature", "properties": { "name": "POST OFFICE SECTOR 9D CHANDIGARH", "primary_type": "Essential Services", "sector_name": "9", "secondary_type": "post_office" }, "geometry": { "type": "Point", "coordinates": [ 76.7936869, 30.7468285 ] } },
{ "type": "Feature", "properties": { "name": "Sector 9 D market", "primary_type": "Food and Drinks", "sector_name": "9", "secondary_type": "vegetarian_restaurant" }, "geometry": { "type": "Point", "coordinates": [ 76.7939449, 30.7467498 ] } },
{ "type": "Feature", "properties": { "name": "Raman Medical Store", "primary_type": "Essential Services", "sector_name": "9", "secondary_type": "drugstore" }, "geometry": { "type": "Point", "coordinates": [ 76.793492, 30.747124 ] } },
{ "type": "Feature", "properties": { "name": "NABOBS", "primary_type": "Food and Drinks", "sector_name": "9", "secondary_type": "bar_and_grill" }, "geometry": { "type": "Point", "coordinates": [ 76.793509, 30.746974 ] } },
{ "type": "Feature", "properties": { "name": "Nomad Pizza, Chandigarh", "primary_type": "Food and Drinks", "sector_name": "9", "secondary_type": "pizza_restaurant" }, "geometry": { "type": "Point", "coordinates": [ 76.7934957, 30.7469816 ] } },
{ "type": "Feature", "properties": { "name": "Devendra Vaishno Dhaba", "primary_type": "Food and Drinks", "sector_name": "9", "secondary_type": "indian_restaurant" }, "geometry": { "type": "Point", "coordinates": [ 76.7939068, 30.7467272 ] } },
{ "type": "Feature", "properties": { "name": "Paratha Roti Dhaba", "primary_type": "Food and Drinks", "sector_name": "9", "secondary_type": "indian_restaurant" }, "geometry": { "type": "Point", "coordinates": [ 76.7941552, 30.7467883 ] } },
{ "type": "Feature", "properties": { "name": "Tattlers", "primary_type": "Food and Drinks", "sector_name": "9", "secondary_type": "italian_restaurant" }, "geometry": { "type": "Point", "coordinates": [ 76.793486, 30.747226 ] } },
{ "type": "Feature", "properties": { "name": "MyFresh - Fruits & Vegetables Store", "primary_type": "Essential Services", "sector_name": "9", "secondary_type": "grocery_store" }, "geometry": { "type": "Point", "coordinates": [ 76.7935039, 30.7472752 ] } },
{ "type": "Feature", "properties": { "name": "M.G. SUPERMARKET", "primary_type": "Essential Services", "sector_name": "9", "secondary_type": "supermarket" }, "geometry": { "type": "Point", "coordinates": [ 76.793453, 30.747043 ] } },
{ "type": "Feature", "properties": { "name": "MyFresh - Salad & Juice Bar", "primary_type": "Food and Drinks", "sector_name": "9", "secondary_type": "restaurant" }, "geometry": { "type": "Point", "coordinates": [ 76.793454, 30.747266 ] } },
{ "type": "Feature", "properties": { "name": "Jute Mill", "primary_type": "Shopping", "sector_name": "9", "secondary_type": "shopping_mall" }, "geometry": { "type": "Point", "coordinates": [ 76.793441, 30.747281 ] } },
{ "type": "Feature", "properties": { "name": "Manish Fruit Shop", "primary_type": "Shopping", "sector_name": "9", "secondary_type": "wholesaler" }, "geometry": { "type": "Point", "coordinates": [ 76.793386, 30.747098 ] } },
{ "type": "Feature", "properties": { "name": "Punjab State Cooperative Bank", "primary_type": "Essential Services", "sector_name": "9", "secondary_type": "bank" }, "geometry": { "type": "Point", "coordinates": [ 76.7945485, 30.7511209 ] } },
{ "type": "Feature", "properties": { "name": "Sub Post Office Sector 9", "primary_type": "Essential Services", "sector_name": "9", "secondary_type": "post_office" }, "geometry": { "type": "Point", "coordinates": [ 76.7925926, 30.7499653 ] } },
{ "type": "Feature", "properties": { "name": "EVARA", "primary_type": "Tourism", "sector_name": "9", "secondary_type": "tourist_attraction" }, "geometry": { "type": "Point", "coordinates": [ 76.7957596, 30.7497751 ] } },
{ "type": "Feature", "properties": { "name": "Guneety's Fusion Store", "primary_type": "Shopping", "sector_name": "9", "secondary_type": "clothing_store" }, "geometry": { "type": "Point", "coordinates": [ 76.7929305, 30.7479465 ] } },
{ "type": "Feature", "properties": { "name": "DIMSUM BOX", "primary_type": "Food and Drinks", "sector_name": "9", "secondary_type": "restaurant" }, "geometry": { "type": "Point", "coordinates": [ 76.7931147, 30.7478487 ] } },
{ "type": "Feature", "properties": { "name": "Dumpling hood", "primary_type": "Food and Drinks", "sector_name": "9", "secondary_type": "chinese_restaurant" }, "geometry": { "type": "Point", "coordinates": [ 76.7928962, 30.7478616 ] } },
{ "type": "Feature", "properties": { "name": "Adayein - Western Wear - Sector 9D", "primary_type": "Shopping", "sector_name": "9", "secondary_type": "clothing_store" }, "geometry": { "type": "Point", "coordinates": [ 76.7929356, 30.7478232 ] } },
{ "type": "Feature", "properties": { "name": "La Pino'z Pizza Sector-9", "primary_type": "Food and Drinks", "sector_name": "9", "secondary_type": "pizza_restaurant" }, "geometry": { "type": "Point", "coordinates": [ 76.7929256, 30.7477294 ] } },
{ "type": "Feature", "properties": { "name": "Pummy store 9", "primary_type": "Shopping", "sector_name": "9", "secondary_type": "clothing_store" }, "geometry": { "type": "Point", "coordinates": [ 76.7930021, 30.7476868 ] } },
{ "type": "Feature", "properties": { "name": "Sage Cafe", "primary_type": "Food and Drinks", "sector_name": "9", "secondary_type": "cafe" }, "geometry": { "type": "Point", "coordinates": [ 76.7930968, 30.7476084 ] } },
{ "type": "Feature", "properties": { "name": "Leisure Valley", "primary_type": "Tourism", "sector_name": "10", "secondary_type": "park" }, "geometry": { "type": "Point", "coordinates": [ 76.7920625, 30.7528125 ] } },
{ "type": "Feature", "properties": { "name": "Kewal Stores", "primary_type": "Essential Services", "sector_name": "9", "secondary_type": "supermarket" }, "geometry": { "type": "Point", "coordinates": [ 76.7930844, 30.7476014 ] } },
{ "type": "Feature", "properties": { "name": "Kala Kriti", "primary_type": "Shopping", "sector_name": "9", "secondary_type": "clothing_store" }, "geometry": { "type": "Point", "coordinates": [ 76.7932664, 30.7475658 ] } },
{ "type": "Feature", "properties": { "name": "NewWay Orthodontics - Best Dentist in Chandigarh | Black diamond Invisalign Doctor | TMJ Treatment | Dental Implants", "primary_type": "Essential Services", "sector_name": "9", "secondary_type": "dentist" }, "geometry": { "type": "Point", "coordinates": [ 76.7933242, 30.7475418 ] } },
{ "type": "Feature", "properties": { "name": "Brands Bargain", "primary_type": "Shopping", "sector_name": "9", "secondary_type": "clothing_store" }, "geometry": { "type": "Point", "coordinates": [ 76.7931542, 30.7475275 ] } },
{ "type": "Feature", "properties": { "name": "Theobroma Bakery and Cake Shop - Sector 9, Chandigarh", "primary_type": "Food and Drinks", "sector_name": "9", "secondary_type": "bakery" }, "geometry": { "type": "Point", "coordinates": [ 76.7931287, 30.747513 ] } },
{ "type": "Feature", "properties": { "name": "101", "primary_type": "Tourism", "sector_name": "9", "secondary_type": "park" }, "geometry": { "type": "Point", "coordinates": [ 76.7995584, 30.7497731 ] } },
{ "type": "Feature", "properties": { "name": "Meenakshi Sud", "primary_type": "Sports", "sector_name": "9", "secondary_type": "yoga_studio" }, "geometry": { "type": "Point", "coordinates": [ 76.7975639, 30.7508102 ] } },
{ "type": "Feature", "properties": { "name": "In & Out Super Market", "primary_type": "Essential Services", "sector_name": "4", "secondary_type": "grocery_store" }, "geometry": { "type": "Point", "coordinates": [ 76.7980307, 30.753189 ] } },
{ "type": "Feature", "properties": { "name": "Run Point", "primary_type": "Essential Services", "sector_name": "9", "secondary_type": "hospital" }, "geometry": { "type": "Point", "coordinates": [ 76.7968808, 30.7536246 ] } },
{ "type": "Feature", "properties": { "name": "book shoper", "primary_type": "Shopping", "sector_name": "4", "secondary_type": "book_store" }, "geometry": { "type": "Point", "coordinates": [ 76.8019152, 30.7509555 ] } },
{ "type": "Feature", "properties": { "name": "HIG (Ind) Park 5", "primary_type": "Tourism", "sector_name": "38W", "secondary_type": "park" }, "geometry": { "type": "Point", "coordinates": [ 76.7351136, 30.7498389 ] } },
{ "type": "Feature", "properties": { "name": "HIG (Ind) Park 3", "primary_type": "Tourism", "sector_name": "38W", "secondary_type": "park" }, "geometry": { "type": "Point", "coordinates": [ 76.7351977, 30.7503866 ] } },
{ "type": "Feature", "properties": { "name": "Shree Bala Ji Traders", "primary_type": "Essential Services", "sector_name": "38W", "secondary_type": "supermarket" }, "geometry": { "type": "Point", "coordinates": [ 76.7374262, 30.7490247 ] } },
{ "type": "Feature", "properties": { "name": "Aanchal World", "primary_type": "Shopping", "sector_name": "38W", "secondary_type": "shopping_mall" }, "geometry": { "type": "Point", "coordinates": [ 76.7372594, 30.7499495 ] } },
{ "type": "Feature", "properties": { "name": "Dadumajra", "primary_type": "Essential Services", "sector_name": "38W", "secondary_type": "grocery_store" }, "geometry": { "type": "Point", "coordinates": [ 76.7372594, 30.7499495 ] } },
{ "type": "Feature", "properties": { "name": "Dr. DK Chadha Ayurvedic doctor", "primary_type": "Essential Services", "sector_name": "38W", "secondary_type": "doctor" }, "geometry": { "type": "Point", "coordinates": [ 76.7372594, 30.7499495 ] } },
{ "type": "Feature", "properties": { "name": "Dr ravi bhandwal", "primary_type": "Essential Services", "sector_name": "38W", "secondary_type": "doctor" }, "geometry": { "type": "Point", "coordinates": [ 76.7372594, 30.7499495 ] } },
{ "type": "Feature", "properties": { "name": "Jindal Departmental Store", "primary_type": "Shopping", "sector_name": "38W", "secondary_type": "department_store" }, "geometry": { "type": "Point", "coordinates": [ 76.7372594, 30.7499495 ] } },
{ "type": "Feature", "properties": { "name": "Sector 38 West Market Road", "primary_type": "Tourism", "sector_name": "38W", "secondary_type": "park" }, "geometry": { "type": "Point", "coordinates": [ 76.7360111, 30.7509585 ] } },
{ "type": "Feature", "properties": { "name": "Singh Medicos", "primary_type": "Essential Services", "sector_name": "38W", "secondary_type": "pharmacy" }, "geometry": { "type": "Point", "coordinates": [ 76.7374403, 30.750269 ] } },
{ "type": "Feature", "properties": { "name": "Trikona Park", "primary_type": "Tourism", "sector_name": "38W", "secondary_type": "park" }, "geometry": { "type": "Point", "coordinates": [ 76.7351979, 30.752706 ] } },
{ "type": "Feature", "properties": { "name": "Kids Play Ground", "primary_type": "Sports", "sector_name": "38W", "secondary_type": "playground" }, "geometry": { "type": "Point", "coordinates": [ 76.7340805, 30.7522431 ] } },
{ "type": "Feature", "properties": { "name": "Tri Cone Park", "primary_type": "Tourism", "sector_name": "38W", "secondary_type": "park" }, "geometry": { "type": "Point", "coordinates": [ 76.7337198, 30.7515886 ] } },
{ "type": "Feature", "properties": { "name": "Evergreen Medicos", "primary_type": "Essential Services", "sector_name": "38W", "secondary_type": "drugstore" }, "geometry": { "type": "Point", "coordinates": [ 76.7339834, 30.7522501 ] } },
{ "type": "Feature", "properties": { "name": "Mann Medical Store", "primary_type": "Essential Services", "sector_name": "38W", "secondary_type": "pharmacy" }, "geometry": { "type": "Point", "coordinates": [ 76.7374201, 30.7502943 ] } },
{ "type": "Feature", "properties": { "name": "Kids Playground", "primary_type": "Tourism", "sector_name": "38W", "secondary_type": "park" }, "geometry": { "type": "Point", "coordinates": [ 76.7341481, 30.7531978 ] } },
{ "type": "Feature", "properties": { "name": "Khana Khazana 38 West", "primary_type": "Food and Drinks", "sector_name": "38W", "secondary_type": "restaurant" }, "geometry": { "type": "Point", "coordinates": [ 76.7374647, 30.7502433 ] } },
{ "type": "Feature", "properties": { "name": "AASHIRWAD SUIT & DRESSES", "primary_type": "Shopping", "sector_name": "38W", "secondary_type": "clothing_store" }, "geometry": { "type": "Point", "coordinates": [ 76.7375909, 30.7454296 ] } },
{ "type": "Feature", "properties": { "name": "SUPER MARKET", "primary_type": "Essential Services", "sector_name": "38W", "secondary_type": "grocery_store" }, "geometry": { "type": "Point", "coordinates": [ 76.7375777, 30.7453133 ] } },
{ "type": "Feature", "properties": { "name": "Sports Infrastructure", "primary_type": "Sports", "sector_name": "38W", "secondary_type": "sports_complex" }, "geometry": { "type": "Point", "coordinates": [ 76.7393916, 30.7475979 ] } },
{ "type": "Feature", "properties": { "name": "Mata Kulbir Kaur Ji Charitable Hospital", "primary_type": "Essential Services", "sector_name": "38W", "secondary_type": "hospital" }, "geometry": { "type": "Point", "coordinates": [ 76.7399096, 30.745727 ] } },
{ "type": "Feature", "properties": { "name": "Mom & Teen Care Clinic", "primary_type": "Essential Services", "sector_name": "38", "secondary_type": "doctor" }, "geometry": { "type": "Point", "coordinates": [ 76.7394509, 30.7440807 ] } },
{ "type": "Feature", "properties": { "name": "Market Road", "primary_type": "Tourism", "sector_name": "38W", "secondary_type": "park" }, "geometry": { "type": "Point", "coordinates": [ 76.7379047, 30.7500434 ] } },
{ "type": "Feature", "properties": { "name": "Public Park Opposite Mini Market", "primary_type": "Tourism", "sector_name": "38W", "secondary_type": "park" }, "geometry": { "type": "Point", "coordinates": [ 76.7378138, 30.7500512 ] } },
{ "type": "Feature", "properties": { "name": "Dr. Piyush's Dental Care", "primary_type": "Essential Services", "sector_name": "38W", "secondary_type": "dentist" }, "geometry": { "type": "Point", "coordinates": [ 76.738646, 30.7501886 ] } },
{ "type": "Feature", "properties": { "name": "QP2Q+6J8", "primary_type": "Tourism", "sector_name": "38W", "secondary_type": "park" }, "geometry": { "type": "Point", "coordinates": [ 76.7391532, 30.7505864 ] } },
{ "type": "Feature", "properties": { "name": "Samraat Fast Food", "primary_type": "Food and Drinks", "sector_name": "38W", "secondary_type": "fast_food_restaurant" }, "geometry": { "type": "Point", "coordinates": [ 76.739628, 30.749955 ] } },
{ "type": "Feature", "properties": { "name": "Avtar Singh ( Tari)", "primary_type": "Sports", "sector_name": "38W", "secondary_type": "playground" }, "geometry": { "type": "Point", "coordinates": [ 76.7392353, 30.7515827 ] } },
{ "type": "Feature", "properties": { "name": "Ishika dhillon", "primary_type": "Essential Services", "sector_name": "38W", "secondary_type": "hospital" }, "geometry": { "type": "Point", "coordinates": [ 76.7402497, 30.7507704 ] } },
{ "type": "Feature", "properties": { "name": "Dr Nidhi Goel clinic", "primary_type": "Essential Services", "sector_name": "38", "secondary_type": "doctor" }, "geometry": { "type": "Point", "coordinates": [ 76.7421668, 30.7463283 ] } },
{ "type": "Feature", "properties": { "name": "Veliko Pharmacls", "primary_type": "Essential Services", "sector_name": "38", "secondary_type": "pharmacy" }, "geometry": { "type": "Point", "coordinates": [ 76.7427377, 30.7468358 ] } },
{ "type": "Feature", "properties": { "name": "B.v. Pharmaceutical", "primary_type": "Essential Services", "sector_name": "38", "secondary_type": "pharmacy" }, "geometry": { "type": "Point", "coordinates": [ 76.7428536, 30.7461877 ] } },
{ "type": "Feature", "properties": { "name": "Payal Garg Designer Studio", "primary_type": "Shopping", "sector_name": "38", "secondary_type": "clothing_store" }, "geometry": { "type": "Point", "coordinates": [ 76.7430243, 30.7464885 ] } },
{ "type": "Feature", "properties": { "name": "Subway Sector 38", "primary_type": "Food and Drinks", "sector_name": "38", "secondary_type": "fast_food_restaurant" }, "geometry": { "type": "Point", "coordinates": [ 76.74306, 30.7463297 ] } },
{ "type": "Feature", "properties": { "name": "Oxizone Fitness & Spa", "primary_type": "Sports", "sector_name": "38", "secondary_type": "gym" }, "geometry": { "type": "Point", "coordinates": [ 76.7431102, 30.7463655 ] } },
{ "type": "Feature", "properties": { "name": "Karnataka Bank ATM - Sector 38", "primary_type": "Essential Services", "sector_name": "38", "secondary_type": "atm" }, "geometry": { "type": "Point", "coordinates": [ 76.74308, 30.74619 ] } },
{ "type": "Feature", "properties": { "name": "Federal Bank", "primary_type": "Essential Services", "sector_name": "38", "secondary_type": "bank" }, "geometry": { "type": "Point", "coordinates": [ 76.7431519, 30.7462692 ] } },
{ "type": "Feature", "properties": { "name": "Mittal Supermarket", "primary_type": "Essential Services", "sector_name": "38", "secondary_type": "grocery_store" }, "geometry": { "type": "Point", "coordinates": [ 76.7431772, 30.746326 ] } },
{ "type": "Feature", "properties": { "name": "ICICI Bank Kotkapura-Branch & ATM", "primary_type": "Essential Services", "sector_name": "38", "secondary_type": "bank" }, "geometry": { "type": "Point", "coordinates": [ 76.7431367, 30.7461042 ] } },
{ "type": "Feature", "properties": { "name": "Karnataka Bank - Sector 38 Branch", "primary_type": "Essential Services", "sector_name": "38", "secondary_type": "bank" }, "geometry": { "type": "Point", "coordinates": [ 76.7431743, 30.746248 ] } },
{ "type": "Feature", "properties": { "name": "38D Theka", "primary_type": "Food and Drinks", "sector_name": "38", "secondary_type": "bar" }, "geometry": { "type": "Point", "coordinates": [ 76.7432286, 30.7462787 ] } },
{ "type": "Feature", "properties": { "name": "Rotary Saraya", "primary_type": "Essential Services", "sector_name": "38W", "secondary_type": "hospital" }, "geometry": { "type": "Point", "coordinates": [ 76.740452, 30.7505374 ] } },
{ "type": "Feature", "properties": { "name": "i", "primary_type": "Sports", "sector_name": "38W", "secondary_type": "hiking_area" }, "geometry": { "type": "Point", "coordinates": [ 76.742567, 30.7483993 ] } },
{ "type": "Feature", "properties": { "name": "QR23+P6V", "primary_type": "Tourism", "sector_name": "4", "secondary_type": "park" }, "geometry": { "type": "Point", "coordinates": [ 76.8029835, 30.7518897 ] } },
{ "type": "Feature", "properties": { "name": "Civil dispensary Mla hostel punjab", "primary_type": "Essential Services", "sector_name": "4", "secondary_type": "hospital" }, "geometry": { "type": "Point", "coordinates": [ 76.7998973, 30.7545302 ] } },
{ "type": "Feature", "properties": { "name": "Park Sector 4 Chd", "primary_type": "Tourism", "sector_name": "4", "secondary_type": "park" }, "geometry": { "type": "Point", "coordinates": [ 76.8030496, 30.7518585 ] } },
{ "type": "Feature", "properties": { "name": "Omi chay wala.media senter", "primary_type": "Food and Drinks", "sector_name": "3", "secondary_type": "coffee_shop" }, "geometry": { "type": "Point", "coordinates": [ 76.7975121, 30.7556818 ] } },
{ "type": "Feature", "properties": { "name": "MLA Hostel Dispensary Sector 3 Chandigarh", "primary_type": "Essential Services", "sector_name": "3", "secondary_type": "hospital" }, "geometry": { "type": "Point", "coordinates": [ 76.7979665, 30.7560849 ] } },
{ "type": "Feature", "properties": { "name": "Netaji Subhas Chandra Bose Park 3 Chd", "primary_type": "Tourism", "sector_name": "3", "secondary_type": "park" }, "geometry": { "type": "Point", "coordinates": [ 76.7966074, 30.7553873 ] } },
{ "type": "Feature", "properties": { "name": "Rock Garden Ticket Counter gate No 2", "primary_type": "Entertainment", "sector_name": "1", "secondary_type": "museum" }, "geometry": { "type": "Point", "coordinates": [ 76.8040825, 30.7528444 ] } },
{ "type": "Feature", "properties": { "name": "Fast food counter", "primary_type": "Food and Drinks", "sector_name": "1", "secondary_type": "coffee_shop" }, "geometry": { "type": "Point", "coordinates": [ 76.8042679, 30.7525732 ] } },
{ "type": "Feature", "properties": { "name": "Capitol Complex Tourist Center", "primary_type": "Tourism", "sector_name": "1", "secondary_type": "tourist_information_center" }, "geometry": { "type": "Point", "coordinates": [ 76.8023693, 30.7566254 ] } },
{ "type": "Feature", "properties": { "name": "BBOMBER ACOUSTIC", "primary_type": "Shopping", "sector_name": "1", "secondary_type": "wholesaler" }, "geometry": { "type": "Point", "coordinates": [ 76.8057776, 30.7535003 ] } },
{ "type": "Feature", "properties": { "name": "foodyBaba", "primary_type": "Food and Drinks", "sector_name": "1", "secondary_type": "indian_restaurant" }, "geometry": { "type": "Point", "coordinates": [ 76.8057776, 30.7535003 ] } },
{ "type": "Feature", "properties": { "name": "Punjabi Kitab Website", "primary_type": "Shopping", "sector_name": "1", "secondary_type": "book_store" }, "geometry": { "type": "Point", "coordinates": [ 76.8057776, 30.7535003 ] } },
{ "type": "Feature", "properties": { "name": "IDFC ATM", "primary_type": "Essential Services", "sector_name": "25", "secondary_type": "bank" }, "geometry": { "type": "Point", "coordinates": [ 76.7526344, 30.7490792 ] } },
{ "type": "Feature", "properties": { "name": "krishna chemist", "primary_type": "Essential Services", "sector_name": "25", "secondary_type": "pharmacy" }, "geometry": { "type": "Point", "coordinates": [ 76.7531762, 30.7492648 ] } },
{ "type": "Feature", "properties": { "name": "Upkar beaty", "primary_type": "Essential Services", "sector_name": "25", "secondary_type": "doctor" }, "geometry": { "type": "Point", "coordinates": [ 76.7536738, 30.7498044 ] } },
{ "type": "Feature", "properties": { "name": "Firoz Dhaba", "primary_type": "Food and Drinks", "sector_name": "25", "secondary_type": "indian_restaurant" }, "geometry": { "type": "Point", "coordinates": [ 76.7527923, 30.7498832 ] } },
{ "type": "Feature", "properties": { "name": "BMS Ground", "primary_type": "Tourism", "sector_name": "25", "secondary_type": "park" }, "geometry": { "type": "Point", "coordinates": [ 76.7551268, 30.7487012 ] } },
{ "type": "Feature", "properties": { "name": "DATARAM KARYANA STORE", "primary_type": "Essential Services", "sector_name": "25", "secondary_type": "grocery_store" }, "geometry": { "type": "Point", "coordinates": [ 76.7528272, 30.7503943 ] } },
{ "type": "Feature", "properties": { "name": "M. K. Fashion Suit & Sarees", "primary_type": "Shopping", "sector_name": "25", "secondary_type": "clothing_store" }, "geometry": { "type": "Point", "coordinates": [ 76.7531296, 30.7504489 ] } },
{ "type": "Feature", "properties": { "name": "Public Health Dispensary and community center", "primary_type": "Essential Services", "sector_name": "25", "secondary_type": "doctor" }, "geometry": { "type": "Point", "coordinates": [ 76.7543205, 30.7503831 ] } },
{ "type": "Feature", "properties": { "name": "BHAWAR SINGH KARYANA STORE", "primary_type": "Essential Services", "sector_name": "25", "secondary_type": "grocery_store" }, "geometry": { "type": "Point", "coordinates": [ 76.7538115, 30.7510072 ] } },
{ "type": "Feature", "properties": { "name": "Bhaskar chowk", "primary_type": "Tourism", "sector_name": "25", "secondary_type": "park" }, "geometry": { "type": "Point", "coordinates": [ 76.7537849, 30.7454618 ] } },
{ "type": "Feature", "properties": { "name": "Maa durga Karyana store", "primary_type": "Shopping", "sector_name": "25", "secondary_type": "market" }, "geometry": { "type": "Point", "coordinates": [ 76.751508, 30.7509772 ] } },
{ "type": "Feature", "properties": { "name": "Mankoo Medicos", "primary_type": "Essential Services", "sector_name": "25", "secondary_type": "pharmacy" }, "geometry": { "type": "Point", "coordinates": [ 76.7514488, 30.7509662 ] } },
{ "type": "Feature", "properties": { "name": "Gazebo", "primary_type": "Tourism", "sector_name": "25", "secondary_type": "park" }, "geometry": { "type": "Point", "coordinates": [ 76.7533344, 30.7519788 ] } },
{ "type": "Feature", "properties": { "name": "The Grocewell Store", "primary_type": "Essential Services", "sector_name": "25", "secondary_type": "food_store" }, "geometry": { "type": "Point", "coordinates": [ 76.7517882, 30.7520431 ] } },
{ "type": "Feature", "properties": { "name": "Sahil", "primary_type": "Essential Services", "sector_name": "25", "secondary_type": "grocery_store" }, "geometry": { "type": "Point", "coordinates": [ 76.7537049, 30.7530938 ] } },
{ "type": "Feature", "properties": { "name": "Abhishek Garments", "primary_type": "Shopping", "sector_name": "25", "secondary_type": "clothing_store" }, "geometry": { "type": "Point", "coordinates": [ 76.754638, 30.7527983 ] } },
{ "type": "Feature", "properties": { "name": "Kunti devi", "primary_type": "Food and Drinks", "sector_name": "25", "secondary_type": "restaurant" }, "geometry": { "type": "Point", "coordinates": [ 76.754902, 30.752671 ] } },
{ "type": "Feature", "properties": { "name": "Madhu Karyana Store", "primary_type": "Essential Services", "sector_name": "25", "secondary_type": "grocery_store" }, "geometry": { "type": "Point", "coordinates": [ 76.7555102, 30.7519206 ] } },
{ "type": "Feature", "properties": { "name": "State Bank of India SECTOR-25 CHANDIGARH", "primary_type": "Essential Services", "sector_name": "25", "secondary_type": "bank" }, "geometry": { "type": "Point", "coordinates": [ 76.7567819, 30.7487517 ] } },
{ "type": "Feature", "properties": { "name": "Nescafe", "primary_type": "Essential Services", "sector_name": "25", "secondary_type": "food_store" }, "geometry": { "type": "Point", "coordinates": [ 76.7568221, 30.7491168 ] } },
{ "type": "Feature", "properties": { "name": "UIET Stationary", "primary_type": "Shopping", "sector_name": "25", "secondary_type": "book_store" }, "geometry": { "type": "Point", "coordinates": [ 76.7569653, 30.749198 ] } },
{ "type": "Feature", "properties": { "name": "UIET Canteen", "primary_type": "Food and Drinks", "sector_name": "25", "secondary_type": "cafe" }, "geometry": { "type": "Point", "coordinates": [ 76.7568602, 30.7492049 ] } },
{ "type": "Feature", "properties": { "name": "Park 36", "primary_type": "Tourism", "sector_name": "24", "secondary_type": "park" }, "geometry": { "type": "Point", "coordinates": [ 76.7586066, 30.7471164 ] } },
{ "type": "Feature", "properties": { "name": "R P Caryana Store 25/D", "primary_type": "Essential Services", "sector_name": "25", "secondary_type": "grocery_store" }, "geometry": { "type": "Point", "coordinates": [ 76.7561256, 30.7502498 ] } },
{ "type": "Feature", "properties": { "name": "Care Botanicals Chandigarh", "primary_type": "Shopping", "sector_name": "25", "secondary_type": "wholesaler" }, "geometry": { "type": "Point", "coordinates": [ 76.7583714, 30.7512305 ] } },
{ "type": "Feature", "properties": { "name": "Yoga journey junction", "primary_type": "Sports", "sector_name": "25", "secondary_type": "yoga_studio" }, "geometry": { "type": "Point", "coordinates": [ 76.7592759, 30.7510507 ] } },
{ "type": "Feature", "properties": { "name": "Rally ground", "primary_type": "Sports", "sector_name": "25W", "secondary_type": "playground" }, "geometry": { "type": "Point", "coordinates": [ 76.7562232, 30.7562828 ] } },
{ "type": "Feature", "properties": { "name": "Family Park", "primary_type": "Tourism", "sector_name": "25", "secondary_type": "park" }, "geometry": { "type": "Point", "coordinates": [ 76.7592484, 30.7554568 ] } },
{ "type": "Feature", "properties": { "name": "Basketball Court", "primary_type": "Sports", "sector_name": "25W", "secondary_type": "playground" }, "geometry": { "type": "Point", "coordinates": [ 76.7572243, 30.7576387 ] } },
{ "type": "Feature", "properties": { "name": "Baba ka dhabha", "primary_type": "Food and Drinks", "sector_name": "25W", "secondary_type": "fast_food_restaurant" }, "geometry": { "type": "Point", "coordinates": [ 76.7581545, 30.7577457 ] } },
{ "type": "Feature", "properties": { "name": "Childrens Park", "primary_type": "Tourism", "sector_name": "14", "secondary_type": "park" }, "geometry": { "type": "Point", "coordinates": [ 76.7631384, 30.756242 ] } },
{ "type": "Feature", "properties": { "name": "Baljit Kaur Dr", "primary_type": "Essential Services", "sector_name": "14", "secondary_type": "doctor" }, "geometry": { "type": "Point", "coordinates": [ 76.7630759, 30.7570824 ] } },
{ "type": "Feature", "properties": { "name": "Dr A S Chaudhury", "primary_type": "Essential Services", "sector_name": "15", "secondary_type": "doctor" }, "geometry": { "type": "Point", "coordinates": [ 76.7688636, 30.7499124 ] } },
{ "type": "Feature", "properties": { "name": "Dr Kewal Krishan", "primary_type": "Essential Services", "sector_name": "15", "secondary_type": "doctor" }, "geometry": { "type": "Point", "coordinates": [ 76.7688636, 30.7499124 ] } },
{ "type": "Feature", "properties": { "name": "Kumar Dr Suman", "primary_type": "Essential Services", "sector_name": "15", "secondary_type": "doctor" }, "geometry": { "type": "Point", "coordinates": [ 76.7688636, 30.7499124 ] } },
{ "type": "Feature", "properties": { "name": "Madhu Mrs Dr Kaul", "primary_type": "Essential Services", "sector_name": "15", "secondary_type": "doctor" }, "geometry": { "type": "Point", "coordinates": [ 76.7688636, 30.7499124 ] } },
{ "type": "Feature", "properties": { "name": "S M Dr Nehra", "primary_type": "Essential Services", "sector_name": "15", "secondary_type": "doctor" }, "geometry": { "type": "Point", "coordinates": [ 76.7688636, 30.7499124 ] } },
{ "type": "Feature", "properties": { "name": "Dr. R Serwal Clinic", "primary_type": "Essential Services", "sector_name": "15", "secondary_type": "hospital" }, "geometry": { "type": "Point", "coordinates": [ 76.7704413, 30.7491495 ] } },
{ "type": "Feature", "properties": { "name": "Shweta B.S. Ahluwalia", "primary_type": "Shopping", "sector_name": "15", "secondary_type": "clothing_store" }, "geometry": { "type": "Point", "coordinates": [ 76.7704842, 30.749629 ] } },
{ "type": "Feature", "properties": { "name": "Azure by Dr Anahat | Dermatologist in Chandigarh | Hair Fall Doctor | Skin Clinic | Skin Specialist", "primary_type": "Essential Services", "sector_name": "15", "secondary_type": "doctor" }, "geometry": { "type": "Point", "coordinates": [ 76.7699346, 30.7471511 ] } },
{ "type": "Feature", "properties": { "name": "Assistant Professor", "primary_type": "Essential Services", "sector_name": "15", "secondary_type": "hospital" }, "geometry": { "type": "Point", "coordinates": [ 76.7681507, 30.7524598 ] } },
{ "type": "Feature", "properties": { "name": "QQ39+63V", "primary_type": "Tourism", "sector_name": "15", "secondary_type": "park" }, "geometry": { "type": "Point", "coordinates": [ 76.7676915, 30.7530536 ] } },
{ "type": "Feature", "properties": { "name": "Mem Sahib", "primary_type": "Shopping", "sector_name": "15", "secondary_type": "clothing_store" }, "geometry": { "type": "Point", "coordinates": [ 76.7690225, 30.7532308 ] } },
{ "type": "Feature", "properties": { "name": "Park - Sector 15D", "primary_type": "Tourism", "sector_name": "15", "secondary_type": "park" }, "geometry": { "type": "Point", "coordinates": [ 76.7673275, 30.7520998 ] } },
{ "type": "Feature", "properties": { "name": "Shri Ram Sharnam Sabha", "primary_type": "Essential Services", "sector_name": "15", "secondary_type": "drugstore" }, "geometry": { "type": "Point", "coordinates": [ 76.7671059, 30.7519485 ] } },
{ "type": "Feature", "properties": { "name": "Near PU", "primary_type": "Tourism", "sector_name": "15", "secondary_type": "park" }, "geometry": { "type": "Point", "coordinates": [ 76.768391, 30.7541553 ] } },
{ "type": "Feature", "properties": { "name": "Dinesh Food Hub", "primary_type": "Food and Drinks", "sector_name": "15", "secondary_type": "restaurant" }, "geometry": { "type": "Point", "coordinates": [ 76.7700295, 30.753629 ] } },
{ "type": "Feature", "properties": { "name": "Trikuta Cafe", "primary_type": "Food and Drinks", "sector_name": "15", "secondary_type": "buffet_restaurant" }, "geometry": { "type": "Point", "coordinates": [ 76.7686607, 30.7541897 ] } },
{ "type": "Feature", "properties": { "name": "Garden of Shadows.", "primary_type": "Tourism", "sector_name": "15", "secondary_type": "park" }, "geometry": { "type": "Point", "coordinates": [ 76.7703189, 30.7512155 ] } },
{ "type": "Feature", "properties": { "name": "Garments House", "primary_type": "Shopping", "sector_name": "15", "secondary_type": "clothing_store" }, "geometry": { "type": "Point", "coordinates": [ 76.769474, 30.7541418 ] } },
{ "type": "Feature", "properties": { "name": "Watch House", "primary_type": "Shopping", "sector_name": "15", "secondary_type": "clothing_store" }, "geometry": { "type": "Point", "coordinates": [ 76.7706417, 30.7515939 ] } },
{ "type": "Feature", "properties": { "name": "Golden Flavours", "primary_type": "Food and Drinks", "sector_name": "15", "secondary_type": "fast_food_restaurant" }, "geometry": { "type": "Point", "coordinates": [ 76.7701832, 30.7537525 ] } },
{ "type": "Feature", "properties": { "name": "Bluff Master", "primary_type": "Shopping", "sector_name": "15", "secondary_type": "clothing_store" }, "geometry": { "type": "Point", "coordinates": [ 76.7708152, 30.7517483 ] } },
{ "type": "Feature", "properties": { "name": "EEG NCV EMG Chandigarh Mohali Panchkula", "primary_type": "Essential Services", "sector_name": "14", "secondary_type": "hospital" }, "geometry": { "type": "Point", "coordinates": [ 76.7678302, 30.7544139 ] } },
{ "type": "Feature", "properties": { "name": "AAGAZ FASHION CONCEPTS", "primary_type": "Shopping", "sector_name": "15", "secondary_type": "clothing_store" }, "geometry": { "type": "Point", "coordinates": [ 76.7709876, 30.7526462 ] } },
{ "type": "Feature", "properties": { "name": "Public Park - Sector 15D", "primary_type": "Tourism", "sector_name": "15", "secondary_type": "park" }, "geometry": { "type": "Point", "coordinates": [ 76.7710122, 30.751688 ] } },
{ "type": "Feature", "properties": { "name": "Raju Chinese Fast Food", "primary_type": "Food and Drinks", "sector_name": "15", "secondary_type": "chinese_restaurant" }, "geometry": { "type": "Point", "coordinates": [ 76.7711471, 30.7525135 ] } },
{ "type": "Feature", "properties": { "name": "Dr Ashish Dwivedi PGIMER Chandigarh", "primary_type": "Essential Services", "sector_name": "15", "secondary_type": "doctor" }, "geometry": { "type": "Point", "coordinates": [ 76.7722005, 30.7490799 ] } },
{ "type": "Feature", "properties": { "name": "Park No. 15C20", "primary_type": "Tourism", "sector_name": "15", "secondary_type": "park" }, "geometry": { "type": "Point", "coordinates": [ 76.7727586, 30.7484303 ] } },
{ "type": "Feature", "properties": { "name": "Dr Bansal, MCh Aiims Delhi, Bypass heart surgery, valve surgery and Pediatric heart surgery expert", "primary_type": "Essential Services", "sector_name": "15", "secondary_type": "hospital" }, "geometry": { "type": "Point", "coordinates": [ 76.7737051, 30.7491182 ] } },
{ "type": "Feature", "properties": { "name": "Dr. Vipul Parmar - Piles | Fissure | Fistula | Pilonidal sinus | Circumcision | Hydrocele | Hernia | Balanitis | Gallstones", "primary_type": "Essential Services", "sector_name": "15", "secondary_type": "doctor" }, "geometry": { "type": "Point", "coordinates": [ 76.7737202, 30.7490024 ] } },
{ "type": "Feature", "properties": { "name": "Vivek Makik", "primary_type": "Essential Services", "sector_name": "15", "secondary_type": "doctor" }, "geometry": { "type": "Point", "coordinates": [ 76.77235, 30.7501116 ] } },
{ "type": "Feature", "properties": { "name": "Nari Park", "primary_type": "Tourism", "sector_name": "15", "secondary_type": "park" }, "geometry": { "type": "Point", "coordinates": [ 76.772988, 30.7502068 ] } },
{ "type": "Feature", "properties": { "name": "Dr. Rajesh Dhir", "primary_type": "Essential Services", "sector_name": "15", "secondary_type": "doctor" }, "geometry": { "type": "Point", "coordinates": [ 76.7740121, 30.7492037 ] } },
{ "type": "Feature", "properties": { "name": "Dharam Hospital", "primary_type": "Essential Services", "sector_name": "15", "secondary_type": "hospital" }, "geometry": { "type": "Point", "coordinates": [ 76.7740115, 30.7492297 ] } },
{ "type": "Feature", "properties": { "name": "Dr. Prasant Maskara - Neurosurgeon in Chandigarh", "primary_type": "Essential Services", "sector_name": "15", "secondary_type": "doctor" }, "geometry": { "type": "Point", "coordinates": [ 76.7740175, 30.7492245 ] } },
{ "type": "Feature", "properties": { "name": "Jumeirah Restaurant - Night Club In Chandigarh", "primary_type": "Entertainment", "sector_name": "16", "secondary_type": "night_club" }, "geometry": { "type": "Point", "coordinates": [ 76.774129, 30.748549 ] } },
{ "type": "Feature", "properties": { "name": "Sector 15 - Park", "primary_type": "Tourism", "sector_name": "15", "secondary_type": "park" }, "geometry": { "type": "Point", "coordinates": [ 76.7730628, 30.7504953 ] } },
{ "type": "Feature", "properties": { "name": "Marhaba Cafe", "primary_type": "Food and Drinks", "sector_name": "16", "secondary_type": "cafe" }, "geometry": { "type": "Point", "coordinates": [ 76.774143, 30.7485141 ] } },
{ "type": "Feature", "properties": { "name": "ORTHODONTIC & IMPLANT CENTRE", "primary_type": "Essential Services", "sector_name": "16", "secondary_type": "dentist" }, "geometry": { "type": "Point", "coordinates": [ 76.7741097, 30.7484387 ] } },
{ "type": "Feature", "properties": { "name": "Sachdeva Clinic", "primary_type": "Essential Services", "sector_name": "15", "secondary_type": "doctor" }, "geometry": { "type": "Point", "coordinates": [ 76.7739034, 30.7500127 ] } },
{ "type": "Feature", "properties": { "name": "RK PHOTO STUDIO, SANDWITCH ZONE And CONFECTIONERY", "primary_type": "Food and Drinks", "sector_name": "16", "secondary_type": "sandwich_shop" }, "geometry": { "type": "Point", "coordinates": [ 76.7742708, 30.7485286 ] } },
{ "type": "Feature", "properties": { "name": "Dr Neelam Aggarwal", "primary_type": "Essential Services", "sector_name": "16", "secondary_type": "doctor" }, "geometry": { "type": "Point", "coordinates": [ 76.774277, 30.748433 ] } },
{ "type": "Feature", "properties": { "name": "verma book agency", "primary_type": "Shopping", "sector_name": "16", "secondary_type": "book_store" }, "geometry": { "type": "Point", "coordinates": [ 76.7743074, 30.7482969 ] } },
{ "type": "Feature", "properties": { "name": "Anna Dosa Point", "primary_type": "Food and Drinks", "sector_name": "15", "secondary_type": "indian_restaurant" }, "geometry": { "type": "Point", "coordinates": [ 76.7722105, 30.752381 ] } },
{ "type": "Feature", "properties": { "name": "ANH Stone Clinic", "primary_type": "Essential Services", "sector_name": "15", "secondary_type": "doctor" }, "geometry": { "type": "Point", "coordinates": [ 76.7720644, 30.7520462 ] } },
{ "type": "Feature", "properties": { "name": "MOHIT AYODHAYAVASI SOUP VALA", "primary_type": "Food and Drinks", "sector_name": "15", "secondary_type": "fast_food_restaurant" }, "geometry": { "type": "Point", "coordinates": [ 76.7724086, 30.7518457 ] } },
{ "type": "Feature", "properties": { "name": "Gupta Garments", "primary_type": "Shopping", "sector_name": "15", "secondary_type": "clothing_store" }, "geometry": { "type": "Point", "coordinates": [ 76.772033, 30.7520697 ] } },
{ "type": "Feature", "properties": { "name": "Cuts & Curves Gym", "primary_type": "Sports", "sector_name": "15", "secondary_type": "gym" }, "geometry": { "type": "Point", "coordinates": [ 76.7721836, 30.7519171 ] } },
{ "type": "Feature", "properties": { "name": "JOCKEY", "primary_type": "Shopping", "sector_name": "15", "secondary_type": "clothing_store" }, "geometry": { "type": "Point", "coordinates": [ 76.7722167, 30.7518884 ] } },
{ "type": "Feature", "properties": { "name": "Gupta readymade garments", "primary_type": "Shopping", "sector_name": "15", "secondary_type": "clothing_store" }, "geometry": { "type": "Point", "coordinates": [ 76.7718956, 30.7522383 ] } },
{ "type": "Feature", "properties": { "name": "Prem Medical Hall", "primary_type": "Essential Services", "sector_name": "15", "secondary_type": "pharmacy" }, "geometry": { "type": "Point", "coordinates": [ 76.7722406, 30.7518335 ] } },
{ "type": "Feature", "properties": { "name": "Highway Taxis", "primary_type": "Public Transport", "sector_name": "15", "secondary_type": "taxi_stand" }, "geometry": { "type": "Point", "coordinates": [ 76.7719292, 30.7525813 ] } },
{ "type": "Feature", "properties": { "name": "Cosmetic Solutions by Dr. Isha", "primary_type": "Essential Services", "sector_name": "15", "secondary_type": "doctor" }, "geometry": { "type": "Point", "coordinates": [ 76.772118, 30.7518777 ] } },
{ "type": "Feature", "properties": { "name": "Domino's Pizza", "primary_type": "Food and Drinks", "sector_name": "15", "secondary_type": "pizza_restaurant" }, "geometry": { "type": "Point", "coordinates": [ 76.7721186, 30.7518769 ] } },
{ "type": "Feature", "properties": { "name": "OVR (Observe Victory of Raghra) Fitness & Gym in Chandigarh", "primary_type": "Sports", "sector_name": "15", "secondary_type": "fitness_center" }, "geometry": { "type": "Point", "coordinates": [ 76.7721689, 30.7518309 ] } },
{ "type": "Feature", "properties": { "name": "R.K Collections", "primary_type": "Shopping", "sector_name": "15", "secondary_type": "clothing_store" }, "geometry": { "type": "Point", "coordinates": [ 76.7718285, 30.7523945 ] } },
{ "type": "Feature", "properties": { "name": "KUKREJA READYMADE GARMENTS", "primary_type": "Shopping", "sector_name": "15", "secondary_type": "clothing_store" }, "geometry": { "type": "Point", "coordinates": [ 76.7723154, 30.7517379 ] } },
{ "type": "Feature", "properties": { "name": "Fine Stuff", "primary_type": "Shopping", "sector_name": "15", "secondary_type": "clothing_store" }, "geometry": { "type": "Point", "coordinates": [ 76.7717998, 30.7523822 ] } },
{ "type": "Feature", "properties": { "name": "Prem Stores", "primary_type": "Shopping", "sector_name": "15", "secondary_type": "department_store" }, "geometry": { "type": "Point", "coordinates": [ 76.7723329, 30.7517243 ] } },
{ "type": "Feature", "properties": { "name": "JAPT T.aneja Garments", "primary_type": "Shopping", "sector_name": "15", "secondary_type": "clothing_store" }, "geometry": { "type": "Point", "coordinates": [ 76.7717944, 30.7522415 ] } },
{ "type": "Feature", "properties": { "name": "Aloo tikki guy chd", "primary_type": "Food and Drinks", "sector_name": "15", "secondary_type": "indian_restaurant" }, "geometry": { "type": "Point", "coordinates": [ 76.7724152, 30.7548083 ] } },
{ "type": "Feature", "properties": { "name": "Dr. Nikhil Arora", "primary_type": "Essential Services", "sector_name": "15", "secondary_type": "doctor" }, "geometry": { "type": "Point", "coordinates": [ 76.773677, 30.756274 ] } },
{ "type": "Feature", "properties": { "name": "Vedvyas Health Clinic", "primary_type": "Essential Services", "sector_name": "15", "secondary_type": "doctor" }, "geometry": { "type": "Point", "coordinates": [ 76.7736157, 30.7549285 ] } },
{ "type": "Feature", "properties": { "name": "Chandigarh Skin Clinics", "primary_type": "Essential Services", "sector_name": "15", "secondary_type": "doctor" }, "geometry": { "type": "Point", "coordinates": [ 76.7735523, 30.7548524 ] } },
{ "type": "Feature", "properties": { "name": "Dr Mohak Kataria |Best Arthroscopic & Joint Replacement Orthopedic Surgeon|", "primary_type": "Essential Services", "sector_name": "15", "secondary_type": "doctor" }, "geometry": { "type": "Point", "coordinates": [ 76.7735852, 30.7548281 ] } },
{ "type": "Feature", "properties": { "name": "Panjab University (Hostel 3) Mess", "primary_type": "Food and Drinks", "sector_name": "14", "secondary_type": "indian_restaurant" }, "geometry": { "type": "Point", "coordinates": [ 76.7716481, 30.7569991 ] } },
{ "type": "Feature", "properties": { "name": "Hiralal Tiffin Service", "primary_type": "Food and Drinks", "sector_name": "15", "secondary_type": "cafe" }, "geometry": { "type": "Point", "coordinates": [ 76.7732786, 30.7541165 ] } },
{ "type": "Feature", "properties": { "name": "Dr. Mithun Hastir Clinic- Best General Physician in Tricity", "primary_type": "Essential Services", "sector_name": "15", "secondary_type": "doctor" }, "geometry": { "type": "Point", "coordinates": [ 76.77036, 30.754787 ] } },
{ "type": "Feature", "properties": { "name": "QQ4F+PWC", "primary_type": "Tourism", "sector_name": "15", "secondary_type": "park" }, "geometry": { "type": "Point", "coordinates": [ 76.7748138, 30.7567871 ] } },
{ "type": "Feature", "properties": { "name": "Aesthetix Dental Clinic & Orthodontic Centre", "primary_type": "Essential Services", "sector_name": "15", "secondary_type": "dental_clinic" }, "geometry": { "type": "Point", "coordinates": [ 76.7703178, 30.7548053 ] } },
{ "type": "Feature", "properties": { "name": "Famicare Clinic", "primary_type": "Essential Services", "sector_name": "15", "secondary_type": "doctor" }, "geometry": { "type": "Point", "coordinates": [ 76.7702793, 30.7548607 ] } },
{ "type": "Feature", "properties": { "name": "Dr Neha Singh", "primary_type": "Essential Services", "sector_name": "15", "secondary_type": "doctor" }, "geometry": { "type": "Point", "coordinates": [ 76.7710051, 30.7539796 ] } },
{ "type": "Feature", "properties": { "name": "Soya champ", "primary_type": "Food and Drinks", "sector_name": "15", "secondary_type": "restaurant" }, "geometry": { "type": "Point", "coordinates": [ 76.770455, 30.75438 ] } },
{ "type": "Feature", "properties": { "name": "Public Park-2", "primary_type": "Tourism", "sector_name": "15", "secondary_type": "park" }, "geometry": { "type": "Point", "coordinates": [ 76.7747732, 30.7568184 ] } },
{ "type": "Feature", "properties": { "name": "KFC", "primary_type": "Food and Drinks", "sector_name": "15", "secondary_type": "restaurant" }, "geometry": { "type": "Point", "coordinates": [ 76.77036, 30.754314 ] } },
{ "type": "Feature", "properties": { "name": "Dr Ashima Goel’s Parisa Skin Cosmetic & Laser Centre", "primary_type": "Essential Services", "sector_name": "15", "secondary_type": "doctor" }, "geometry": { "type": "Point", "coordinates": [ 76.7702648, 30.7544367 ] } },
{ "type": "Feature", "properties": { "name": "QQ2G+MHC", "primary_type": "Tourism", "sector_name": "15", "secondary_type": "park" }, "geometry": { "type": "Point", "coordinates": [ 76.7764816, 30.751625 ] } },
{ "type": "Feature", "properties": { "name": "dr Arvind Gupta", "primary_type": "Essential Services", "sector_name": "15", "secondary_type": "hospital" }, "geometry": { "type": "Point", "coordinates": [ 76.7772005, 30.7529995 ] } },
{ "type": "Feature", "properties": { "name": "Sahayatha Charitable Organization", "primary_type": "Essential Services", "sector_name": "15", "secondary_type": "hospital" }, "geometry": { "type": "Point", "coordinates": [ 76.77549, 30.752664 ] } },
{ "type": "Feature", "properties": { "name": "Amshi Fitness - Best Fitness, Functional Training & Therapeutic Centre in Chandigarh", "primary_type": "Sports", "sector_name": "15", "secondary_type": "fitness_center" }, "geometry": { "type": "Point", "coordinates": [ 76.7762424, 30.7513603 ] } },
{ "type": "Feature", "properties": { "name": "Shaisha Boutique", "primary_type": "Shopping", "sector_name": "15", "secondary_type": "clothing_store" }, "geometry": { "type": "Point", "coordinates": [ 76.7758596, 30.7533294 ] } },
{ "type": "Feature", "properties": { "name": "Garment Shop", "primary_type": "Shopping", "sector_name": "15", "secondary_type": "clothing_store" }, "geometry": { "type": "Point", "coordinates": [ 76.7762183, 30.7535294 ] } },
{ "type": "Feature", "properties": { "name": "Sector 15 - Children Park", "primary_type": "Tourism", "sector_name": "15", "secondary_type": "park" }, "geometry": { "type": "Point", "coordinates": [ 76.7782635, 30.7526489 ] } },
{ "type": "Feature", "properties": { "name": "Sagar Ladies Fashion", "primary_type": "Shopping", "sector_name": "15", "secondary_type": "clothing_store" }, "geometry": { "type": "Point", "coordinates": [ 76.7756325, 30.753673 ] } },
{ "type": "Feature", "properties": { "name": "15 B Park", "primary_type": "Tourism", "sector_name": "15", "secondary_type": "park" }, "geometry": { "type": "Point", "coordinates": [ 76.7758137, 30.7509542 ] } },
{ "type": "Feature", "properties": { "name": "Sharma Garments", "primary_type": "Shopping", "sector_name": "15", "secondary_type": "clothing_store" }, "geometry": { "type": "Point", "coordinates": [ 76.7757899, 30.7538923 ] } },
{ "type": "Feature", "properties": { "name": "Dango Bites", "primary_type": "Food and Drinks", "sector_name": "15", "secondary_type": "chinese_restaurant" }, "geometry": { "type": "Point", "coordinates": [ 76.7758463, 30.7539489 ] } },
{ "type": "Feature", "properties": { "name": "Nakli chef", "primary_type": "Food and Drinks", "sector_name": "15", "secondary_type": "restaurant" }, "geometry": { "type": "Point", "coordinates": [ 76.7758917, 30.7539834 ] } },
{ "type": "Feature", "properties": { "name": "Reaju Din Garments", "primary_type": "Shopping", "sector_name": "15", "secondary_type": "clothing_store" }, "geometry": { "type": "Point", "coordinates": [ 76.7756964, 30.7539608 ] } },
{ "type": "Feature", "properties": { "name": "Shades by Vidhi", "primary_type": "Shopping", "sector_name": "15", "secondary_type": "clothing_store" }, "geometry": { "type": "Point", "coordinates": [ 76.7778463, 30.7537616 ] } },
{ "type": "Feature", "properties": { "name": "Sahyata", "primary_type": "Tourism", "sector_name": "15", "secondary_type": "park" }, "geometry": { "type": "Point", "coordinates": [ 76.7786303, 30.7522006 ] } },
{ "type": "Feature", "properties": { "name": "Joggers park", "primary_type": "Tourism", "sector_name": "15", "secondary_type": "park" }, "geometry": { "type": "Point", "coordinates": [ 76.7786532, 30.7518924 ] } },
{ "type": "Feature", "properties": { "name": "Shresth Book Centre", "primary_type": "Shopping", "sector_name": "15", "secondary_type": "book_store" }, "geometry": { "type": "Point", "coordinates": [ 76.7764366, 30.7559849 ] } },
{ "type": "Feature", "properties": { "name": "Medical Books (Home Delivery Available)", "primary_type": "Shopping", "sector_name": "15", "secondary_type": "book_store" }, "geometry": { "type": "Point", "coordinates": [ 76.7764366, 30.7559849 ] } },
{ "type": "Feature", "properties": { "name": "Bharatiyam Store", "primary_type": "Shopping", "sector_name": "15", "secondary_type": "book_store" }, "geometry": { "type": "Point", "coordinates": [ 76.7764366, 30.7559849 ] } },
{ "type": "Feature", "properties": { "name": "Durga Book Shop", "primary_type": "Shopping", "sector_name": "15", "secondary_type": "book_store" }, "geometry": { "type": "Point", "coordinates": [ 76.7769451, 30.7553759 ] } },
{ "type": "Feature", "properties": { "name": "Sandy Book Shop", "primary_type": "Shopping", "sector_name": "15", "secondary_type": "book_store" }, "geometry": { "type": "Point", "coordinates": [ 76.7770989, 30.7551033 ] } },
{ "type": "Feature", "properties": { "name": "Azad Book Shop", "primary_type": "Shopping", "sector_name": "15", "secondary_type": "book_store" }, "geometry": { "type": "Point", "coordinates": [ 76.7771415, 30.7551253 ] } },
{ "type": "Feature", "properties": { "name": "Rajeev Book Shop", "primary_type": "Shopping", "sector_name": "15", "secondary_type": "book_store" }, "geometry": { "type": "Point", "coordinates": [ 76.7772601, 30.7552191 ] } },
{ "type": "Feature", "properties": { "name": "Book Paradise", "primary_type": "Shopping", "sector_name": "15", "secondary_type": "book_store" }, "geometry": { "type": "Point", "coordinates": [ 76.7772337, 30.7551622 ] } },
{ "type": "Feature", "properties": { "name": "Hussain Book Shop", "primary_type": "Shopping", "sector_name": "15", "secondary_type": "book_store" }, "geometry": { "type": "Point", "coordinates": [ 76.7772924, 30.7552195 ] } },
{ "type": "Feature", "properties": { "name": "Books Corner", "primary_type": "Shopping", "sector_name": "15", "secondary_type": "book_store" }, "geometry": { "type": "Point", "coordinates": [ 76.7770975, 30.7550301 ] } },
{ "type": "Feature", "properties": { "name": "Gulati Book Shop", "primary_type": "Shopping", "sector_name": "15", "secondary_type": "book_store" }, "geometry": { "type": "Point", "coordinates": [ 76.7772942, 30.7552107 ] } },
{ "type": "Feature", "properties": { "name": "Simran Book Shop", "primary_type": "Shopping", "sector_name": "15", "secondary_type": "book_store" }, "geometry": { "type": "Point", "coordinates": [ 76.7773114, 30.7552292 ] } },
{ "type": "Feature", "properties": { "name": "Naman Book Shop", "primary_type": "Shopping", "sector_name": "15", "secondary_type": "book_store" }, "geometry": { "type": "Point", "coordinates": [ 76.7773236, 30.7552378 ] } },
{ "type": "Feature", "properties": { "name": "Aggarwal Home PNarcwkaelrs and Book MShopvpeqrs", "primary_type": "Shopping", "sector_name": "15", "secondary_type": "book_store" }, "geometry": { "type": "Point", "coordinates": [ 76.7773121, 30.7552207 ] } },
{ "type": "Feature", "properties": { "name": "Books Heritage", "primary_type": "Shopping", "sector_name": "15", "secondary_type": "book_store" }, "geometry": { "type": "Point", "coordinates": [ 76.7770988, 30.7550151 ] } },
{ "type": "Feature", "properties": { "name": "Sharma Book Shop", "primary_type": "Shopping", "sector_name": "15", "secondary_type": "book_store" }, "geometry": { "type": "Point", "coordinates": [ 76.7771159, 30.7550082 ] } },
{ "type": "Feature", "properties": { "name": "City Old Book Centre", "primary_type": "Shopping", "sector_name": "15", "secondary_type": "book_store" }, "geometry": { "type": "Point", "coordinates": [ 76.7773995, 30.7552846 ] } },
{ "type": "Feature", "properties": { "name": "Super Book Shop", "primary_type": "Shopping", "sector_name": "15", "secondary_type": "book_store" }, "geometry": { "type": "Point", "coordinates": [ 76.777468, 30.7552419 ] } },
{ "type": "Feature", "properties": { "name": "Rehri market", "primary_type": "Shopping", "sector_name": "15", "secondary_type": "market" }, "geometry": { "type": "Point", "coordinates": [ 76.7767746, 30.7564827 ] } },
{ "type": "Feature", "properties": { "name": "Sachin Book Shop", "primary_type": "Shopping", "sector_name": "15", "secondary_type": "book_store" }, "geometry": { "type": "Point", "coordinates": [ 76.7775238, 30.7553206 ] } },
{ "type": "Feature", "properties": { "name": "Park - Sector 10C", "primary_type": "Tourism", "sector_name": "10", "secondary_type": "park" }, "geometry": { "type": "Point", "coordinates": [ 76.7855735, 30.7494339 ] } },
{ "type": "Feature", "properties": { "name": "Chole kulche", "primary_type": "Food and Drinks", "sector_name": "10", "secondary_type": "indian_restaurant" }, "geometry": { "type": "Point", "coordinates": [ 76.7854527, 30.750976 ] } },
{ "type": "Feature", "properties": { "name": "Eiffel Tower Replica", "primary_type": "Tourism", "sector_name": "10", "secondary_type": "tourist_attraction" }, "geometry": { "type": "Point", "coordinates": [ 76.785415, 30.7488467 ] } },
{ "type": "Feature", "properties": { "name": "CLTA Tennis Stadium", "primary_type": "Sports", "sector_name": "10", "secondary_type": "athletic_field" }, "geometry": { "type": "Point", "coordinates": [ 76.7859129, 30.7506238 ] } },
{ "type": "Feature", "properties": { "name": "Seema Book Centre", "primary_type": "Shopping", "sector_name": "10", "secondary_type": "book_store" }, "geometry": { "type": "Point", "coordinates": [ 76.7863031, 30.7492914 ] } },
{ "type": "Feature", "properties": { "name": "DAV 10 Nescafe", "primary_type": "Food and Drinks", "sector_name": "10", "secondary_type": "coffee_shop" }, "geometry": { "type": "Point", "coordinates": [ 76.7859576, 30.751156 ] } },
{ "type": "Feature", "properties": { "name": "DAVC Park 2", "primary_type": "Tourism", "sector_name": "10", "secondary_type": "park" }, "geometry": { "type": "Point", "coordinates": [ 76.785812, 30.7514859 ] } },
{ "type": "Feature", "properties": { "name": "10C", "primary_type": "Entertainment", "sector_name": "10", "secondary_type": "monument" }, "geometry": { "type": "Point", "coordinates": [ 76.7866968, 30.7495801 ] } },
{ "type": "Feature", "properties": { "name": "Tank Monument", "primary_type": "Entertainment", "sector_name": "10", "secondary_type": "monument" }, "geometry": { "type": "Point", "coordinates": [ 76.786754, 30.7496155 ] } },
{ "type": "Feature", "properties": { "name": "Umeed", "primary_type": "Food and Drinks", "sector_name": "16", "secondary_type": "ice_cream_shop" }, "geometry": { "type": "Point", "coordinates": [ 76.7841158, 30.7481621 ] } },
{ "type": "Feature", "properties": { "name": "DAVC Park 1", "primary_type": "Tourism", "sector_name": "10", "secondary_type": "park" }, "geometry": { "type": "Point", "coordinates": [ 76.7862437, 30.7516792 ] } },
{ "type": "Feature", "properties": { "name": "dav college handball ground", "primary_type": "Sports", "sector_name": "10", "secondary_type": "playground" }, "geometry": { "type": "Point", "coordinates": [ 76.7839592, 30.7519085 ] } },
{ "type": "Feature", "properties": { "name": "Natural History Museum", "primary_type": "Entertainment", "sector_name": "10", "secondary_type": "museum" }, "geometry": { "type": "Point", "coordinates": [ 76.7858843, 30.7480941 ] } },
{ "type": "Feature", "properties": { "name": "DAVC Park 3", "primary_type": "Tourism", "sector_name": "10", "secondary_type": "park" }, "geometry": { "type": "Point", "coordinates": [ 76.786125, 30.7516457 ] } },
{ "type": "Feature", "properties": { "name": "Rose Garden Entrance Gate", "primary_type": "Tourism", "sector_name": "16", "secondary_type": "park" }, "geometry": { "type": "Point", "coordinates": [ 76.7845131, 30.7477711 ] } },
{ "type": "Feature", "properties": { "name": "India Coffee House", "primary_type": "Food and Drinks", "sector_name": "10", "secondary_type": "cafe" }, "geometry": { "type": "Point", "coordinates": [ 76.7853902, 30.7521525 ] } },
{ "type": "Feature", "properties": { "name": "Public Park-Sector 10D", "primary_type": "Tourism", "sector_name": "10", "secondary_type": "park" }, "geometry": { "type": "Point", "coordinates": [ 76.7859997, 30.7546514 ] } },
{ "type": "Feature", "properties": { "name": "Faces n Smiles", "primary_type": "Essential Services", "sector_name": "10", "secondary_type": "dental_clinic" }, "geometry": { "type": "Point", "coordinates": [ 76.7872842, 30.7534133 ] } },
{ "type": "Feature", "properties": { "name": "National Medical And Dialysis Centre", "primary_type": "Essential Services", "sector_name": "10", "secondary_type": "hospital" }, "geometry": { "type": "Point", "coordinates": [ 76.7874835, 30.7532017 ] } },
{ "type": "Feature", "properties": { "name": "Panjak clinic", "primary_type": "Essential Services", "sector_name": "10", "secondary_type": "dentist" }, "geometry": { "type": "Point", "coordinates": [ 76.7875078, 30.753637 ] } },
{ "type": "Feature", "properties": { "name": "Dr. Nimrat's Pediatric Care", "primary_type": "Essential Services", "sector_name": "10", "secondary_type": "doctor" }, "geometry": { "type": "Point", "coordinates": [ 76.7875553, 30.7531118 ] } },
{ "type": "Feature", "properties": { "name": "Women Gallery", "primary_type": "Shopping", "sector_name": "10", "secondary_type": "clothing_store" }, "geometry": { "type": "Point", "coordinates": [ 76.7871988, 30.7545421 ] } },
{ "type": "Feature", "properties": { "name": "Brooks - Desserts & Coffee", "primary_type": "Food and Drinks", "sector_name": "10", "secondary_type": "coffee_shop" }, "geometry": { "type": "Point", "coordinates": [ 76.7872393, 30.754483 ] } },
{ "type": "Feature", "properties": { "name": "Teaspoon Cafe", "primary_type": "Food and Drinks", "sector_name": "10", "secondary_type": "cafe" }, "geometry": { "type": "Point", "coordinates": [ 76.7874478, 30.7541345 ] } },
{ "type": "Feature", "properties": { "name": "Turger Burger", "primary_type": "Food and Drinks", "sector_name": "10", "secondary_type": "cafe" }, "geometry": { "type": "Point", "coordinates": [ 76.7877501, 30.7495255 ] } },
{ "type": "Feature", "properties": { "name": "TuBu", "primary_type": "Food and Drinks", "sector_name": "10", "secondary_type": "cafe" }, "geometry": { "type": "Point", "coordinates": [ 76.7874375, 30.7501875 ] } },
{ "type": "Feature", "properties": { "name": "Podo", "primary_type": "Food and Drinks", "sector_name": "10", "secondary_type": "bar" }, "geometry": { "type": "Point", "coordinates": [ 76.7874675, 30.7489118 ] } },
{ "type": "Feature", "properties": { "name": "Government Museum and Art Gallery", "primary_type": "Entertainment", "sector_name": "10", "secondary_type": "museum" }, "geometry": { "type": "Point", "coordinates": [ 76.7874675, 30.7489118 ] } },
{ "type": "Feature", "properties": { "name": "Aman Park", "primary_type": "Tourism", "sector_name": "10", "secondary_type": "park" }, "geometry": { "type": "Point", "coordinates": [ 76.788612, 30.751544 ] } },
{ "type": "Feature", "properties": { "name": "Citco Cafe", "primary_type": "Food and Drinks", "sector_name": "10", "secondary_type": "cafe" }, "geometry": { "type": "Point", "coordinates": [ 76.7872141, 30.7513637 ] } },
{ "type": "Feature", "properties": { "name": "Chandigarh Architecture Museum", "primary_type": "Entertainment", "sector_name": "10", "secondary_type": "museum" }, "geometry": { "type": "Point", "coordinates": [ 76.7869536, 30.7481371 ] } },
{ "type": "Feature", "properties": { "name": "Momos", "primary_type": "Essential Services", "sector_name": "10", "secondary_type": "grocery_store" }, "geometry": { "type": "Point", "coordinates": [ 76.7884442, 30.7528622 ] } },
{ "type": "Feature", "properties": { "name": "Arabian Nights", "primary_type": "Shopping", "sector_name": "10", "secondary_type": "book_store" }, "geometry": { "type": "Point", "coordinates": [ 76.7884442, 30.7528622 ] } },
{ "type": "Feature", "properties": { "name": "Restaurants in Chandigarh", "primary_type": "Food and Drinks", "sector_name": "10", "secondary_type": "cafe" }, "geometry": { "type": "Point", "coordinates": [ 76.7884442, 30.7528622 ] } },
{ "type": "Feature", "properties": { "name": "Dr.ashok gautam clinic", "primary_type": "Essential Services", "sector_name": "10", "secondary_type": "doctor" }, "geometry": { "type": "Point", "coordinates": [ 76.789348, 30.753223 ] } },
{ "type": "Feature", "properties": { "name": "Kozi Bar & Kitchen", "primary_type": "Entertainment", "sector_name": "10", "secondary_type": "pub" }, "geometry": { "type": "Point", "coordinates": [ 76.7880296, 30.7534038 ] } },
{ "type": "Feature", "properties": { "name": "The Farm Kitchen", "primary_type": "Food and Drinks", "sector_name": "10", "secondary_type": "restaurant" }, "geometry": { "type": "Point", "coordinates": [ 76.787971, 30.7533871 ] } },
{ "type": "Feature", "properties": { "name": "Vintage terrace Lounge Bar", "primary_type": "Food and Drinks", "sector_name": "10", "secondary_type": "bar" }, "geometry": { "type": "Point", "coordinates": [ 76.788798, 30.75394 ] } },
{ "type": "Feature", "properties": { "name": "MBA CHAI WALA", "primary_type": "Food and Drinks", "sector_name": "10", "secondary_type": "cafe" }, "geometry": { "type": "Point", "coordinates": [ 76.7879323, 30.7533984 ] } },
{ "type": "Feature", "properties": { "name": "Hox Fitness", "primary_type": "Sports", "sector_name": "10", "secondary_type": "gym" }, "geometry": { "type": "Point", "coordinates": [ 76.7886644, 30.7540217 ] } },
{ "type": "Feature", "properties": { "name": "Hashguys Sector-10", "primary_type": "Food and Drinks", "sector_name": "10", "secondary_type": "meal_takeaway" }, "geometry": { "type": "Point", "coordinates": [ 76.7878826, 30.7535325 ] } },
{ "type": "Feature", "properties": { "name": "Scott edil factory to pharmacy store", "primary_type": "Essential Services", "sector_name": "10", "secondary_type": "pharmacy" }, "geometry": { "type": "Point", "coordinates": [ 76.7878026, 30.7533458 ] } },
{ "type": "Feature", "properties": { "name": "The Magic Wok", "primary_type": "Food and Drinks", "sector_name": "10", "secondary_type": "chinese_restaurant" }, "geometry": { "type": "Point", "coordinates": [ 76.789453, 30.753755 ] } },
{ "type": "Feature", "properties": { "name": "Madaan Confectionery", "primary_type": "Essential Services", "sector_name": "10", "secondary_type": "supermarket" }, "geometry": { "type": "Point", "coordinates": [ 76.787711, 30.7534105 ] } },
{ "type": "Feature", "properties": { "name": "mdnabianwer fry chicken", "primary_type": "Food and Drinks", "sector_name": "10", "secondary_type": "fast_food_restaurant" }, "geometry": { "type": "Point", "coordinates": [ 76.7877908, 30.7537172 ] } },
{ "type": "Feature", "properties": { "name": "Chai Churi Sector 10 Chandigarh", "primary_type": "Food and Drinks", "sector_name": "10", "secondary_type": "cafe" }, "geometry": { "type": "Point", "coordinates": [ 76.7877012, 30.7535872 ] } },
{ "type": "Feature", "properties": { "name": "ICICI Bank Chandigarh-Branch & ATM", "primary_type": "Essential Services", "sector_name": "10", "secondary_type": "bank" }, "geometry": { "type": "Point", "coordinates": [ 76.7877104, 30.7536116 ] } },
{ "type": "Feature", "properties": { "name": "Roll Lakers", "primary_type": "Food and Drinks", "sector_name": "10", "secondary_type": "restaurant" }, "geometry": { "type": "Point", "coordinates": [ 76.787697, 30.7535828 ] } },
{ "type": "Feature", "properties": { "name": "Sinu momos wala 10 thela", "primary_type": "Food and Drinks", "sector_name": "10", "secondary_type": "fast_food_restaurant" }, "geometry": { "type": "Point", "coordinates": [ 76.7877021, 30.7536171 ] } },
{ "type": "Feature", "properties": { "name": "Trustus medical laboratory", "primary_type": "Essential Services", "sector_name": "10", "secondary_type": "pharmacy" }, "geometry": { "type": "Point", "coordinates": [ 76.7884713, 30.7573593 ] } },
{ "type": "Feature", "properties": { "name": "Nimrat", "primary_type": "Essential Services", "sector_name": "10", "secondary_type": "doctor" }, "geometry": { "type": "Point", "coordinates": [ 76.7875041, 30.7563644 ] } },
{ "type": "Feature", "properties": { "name": "MC Park", "primary_type": "Tourism", "sector_name": "10", "secondary_type": "park" }, "geometry": { "type": "Point", "coordinates": [ 76.7917164, 30.7573414 ] } },
{ "type": "Feature", "properties": { "name": "Mystery of Eggs", "primary_type": "Food and Drinks", "sector_name": "10", "secondary_type": "cafe" }, "geometry": { "type": "Point", "coordinates": [ 76.7893723, 30.7547267 ] } },
{ "type": "Feature", "properties": { "name": "ARZOE - Pret | Couture", "primary_type": "Shopping", "sector_name": "10", "secondary_type": "clothing_store" }, "geometry": { "type": "Point", "coordinates": [ 76.7877282, 30.7548206 ] } },
{ "type": "Feature", "properties": { "name": "Oxi gym", "primary_type": "Sports", "sector_name": "10", "secondary_type": "gym" }, "geometry": { "type": "Point", "coordinates": [ 76.7891874, 30.7545871 ] } },
{ "type": "Feature", "properties": { "name": "Skin Veda", "primary_type": "Shopping", "sector_name": "10", "secondary_type": "skin_care_clinic" }, "geometry": { "type": "Point", "coordinates": [ 76.787804, 30.754701 ] } },
{ "type": "Feature", "properties": { "name": "GAAH SAHIL BAJAJ", "primary_type": "Food and Drinks", "sector_name": "11", "secondary_type": "restaurant" }, "geometry": { "type": "Point", "coordinates": [ 76.7879369, 30.758495 ] } },
{ "type": "Feature", "properties": { "name": "स्माइल एन शाइन डेंटल क्लीनिक", "primary_type": "Essential Services", "sector_name": "10", "secondary_type": "hospital" }, "geometry": { "type": "Point", "coordinates": [ 76.787563, 30.7547588 ] } },
{ "type": "Feature", "properties": { "name": "ED by Ethnic Edge", "primary_type": "Shopping", "sector_name": "10", "secondary_type": "clothing_store" }, "geometry": { "type": "Point", "coordinates": [ 76.7875637, 30.7546911 ] } },
{ "type": "Feature", "properties": { "name": "Sector 11B Park", "primary_type": "Tourism", "sector_name": "11", "secondary_type": "park" }, "geometry": { "type": "Point", "coordinates": [ 76.7866684, 30.7589367 ] } },
{ "type": "Feature", "properties": { "name": "Lal Path Lab Chandigarh Near PGI", "primary_type": "Essential Services", "sector_name": "10", "secondary_type": "doctor" }, "geometry": { "type": "Point", "coordinates": [ 76.787324, 30.7547799 ] } },
{ "type": "Feature", "properties": { "name": "Dr Jitender Rohila", "primary_type": "Essential Services", "sector_name": "11", "secondary_type": "doctor" }, "geometry": { "type": "Point", "coordinates": [ 76.7891195, 30.7586984 ] } },
{ "type": "Feature", "properties": { "name": "Hues By Paree", "primary_type": "Shopping", "sector_name": "10", "secondary_type": "clothing_store" }, "geometry": { "type": "Point", "coordinates": [ 76.7908722, 30.7554317 ] } },
{ "type": "Feature", "properties": { "name": "The Willow Cafe", "primary_type": "Food and Drinks", "sector_name": "10", "secondary_type": "cafe" }, "geometry": { "type": "Point", "coordinates": [ 76.7875274, 30.7546213 ] } },
{ "type": "Feature", "properties": { "name": "CAFE JC", "primary_type": "Food and Drinks", "sector_name": "10", "secondary_type": "cafe" }, "geometry": { "type": "Point", "coordinates": [ 76.7871885, 30.7547571 ] } },
{ "type": "Feature", "properties": { "name": "Mansar Coffee", "primary_type": "Food and Drinks", "sector_name": "10", "secondary_type": "cafe" }, "geometry": { "type": "Point", "coordinates": [ 76.787642, 30.7545227 ] } },
{ "type": "Feature", "properties": { "name": "Kalaghoda Courtyard", "primary_type": "Food and Drinks", "sector_name": "10", "secondary_type": "restaurant" }, "geometry": { "type": "Point", "coordinates": [ 76.7871132, 30.7547382 ] } },
{ "type": "Feature", "properties": { "name": "Paris tower india", "primary_type": "Food and Drinks", "sector_name": "10", "secondary_type": "coffee_shop" }, "geometry": { "type": "Point", "coordinates": [ 76.793641, 30.7546196 ] } },
{ "type": "Feature", "properties": { "name": "M C Park", "primary_type": "Tourism", "sector_name": "10", "secondary_type": "park" }, "geometry": { "type": "Point", "coordinates": [ 76.7912296, 30.757424 ] } },
{ "type": "Feature", "properties": { "name": "Aqua Women's Ensemble", "primary_type": "Shopping", "sector_name": "10", "secondary_type": "clothing_store" }, "geometry": { "type": "Point", "coordinates": [ 76.7922502, 30.7584803 ] } },
{ "type": "Feature", "properties": { "name": "Bougainvillea Park, 3B Chandigarh", "primary_type": "Tourism", "sector_name": "3", "secondary_type": "park" }, "geometry": { "type": "Point", "coordinates": [ 76.7959428, 30.7582694 ] } },
{ "type": "Feature", "properties": { "name": "Volleyball Ground JNV", "primary_type": "Sports", "sector_name": "25W", "secondary_type": "playground" }, "geometry": { "type": "Point", "coordinates": [ 76.7567465, 30.7586183 ] } },
{ "type": "Feature", "properties": { "name": "Chitkara Tree House", "primary_type": "Tourism", "sector_name": "25W", "secondary_type": "park" }, "geometry": { "type": "Point", "coordinates": [ 76.7570976, 30.7589807 ] } },
{ "type": "Feature", "properties": { "name": "Chitkara Harit Vatika (Organic Garden)", "primary_type": "Tourism", "sector_name": "25W", "secondary_type": "park" }, "geometry": { "type": "Point", "coordinates": [ 76.7577403, 30.7588796 ] } },
{ "type": "Feature", "properties": { "name": "Chitkara Vermi Compost", "primary_type": "Tourism", "sector_name": "25W", "secondary_type": "park" }, "geometry": { "type": "Point", "coordinates": [ 76.7577155, 30.7596379 ] } },
{ "type": "Feature", "properties": { "name": "Chitkara Herbal Garden", "primary_type": "Tourism", "sector_name": "25W", "secondary_type": "park" }, "geometry": { "type": "Point", "coordinates": [ 76.7577108, 30.7596578 ] } },
{ "type": "Feature", "properties": { "name": "Traffic police van", "primary_type": "Sports", "sector_name": "Rajindra Park", "secondary_type": "gym" }, "geometry": { "type": "Point", "coordinates": [ 76.7953341, 30.7621407 ] } },
{ "type": "Feature", "properties": { "name": "Barkat", "primary_type": "Tourism", "sector_name": "2", "secondary_type": "historical_landmark" }, "geometry": { "type": "Point", "coordinates": [ 76.79147, 30.761351 ] } },
{ "type": "Feature", "properties": { "name": "Dr. Rishi Dhawan", "primary_type": "Essential Services", "sector_name": "2", "secondary_type": "doctor" }, "geometry": { "type": "Point", "coordinates": [ 76.7918005, 30.7629827 ] } },
{ "type": "Feature", "properties": { "name": "Meraki Laser Hair & Plastic Surgery-Rhinoplasty In Chandigarh |Hair Transplant In Chandigarh |Facelift Surgery In Chandigarh", "primary_type": "Essential Services", "sector_name": "2", "secondary_type": "doctor" }, "geometry": { "type": "Point", "coordinates": [ 76.7918248, 30.7630055 ] } },
{ "type": "Feature", "properties": { "name": "Tea point", "primary_type": "Food and Drinks", "sector_name": "Rajindra Park", "secondary_type": "coffee_shop" }, "geometry": { "type": "Point", "coordinates": [ 76.7973915, 30.7633404 ] } },
{ "type": "Feature", "properties": { "name": "Shoping complex civil secretariat", "primary_type": "Shopping", "sector_name": "Rajindra Park", "secondary_type": "market" }, "geometry": { "type": "Point", "coordinates": [ 76.7997434, 30.7618301 ] } },
{ "type": "Feature", "properties": { "name": "Ground between Chandigarh Club & Secretariat", "primary_type": "Tourism", "sector_name": "Rajindra Park", "secondary_type": "park" }, "geometry": { "type": "Point", "coordinates": [ 76.798116, 30.7632155 ] } },
{ "type": "Feature", "properties": { "name": "Sub Post Office New Secretariat Chandigarh", "primary_type": "Essential Services", "sector_name": "1", "secondary_type": "post_office" }, "geometry": { "type": "Point", "coordinates": [ 76.8001811, 30.7610009 ] } },
{ "type": "Feature", "properties": { "name": "Geometric Hill", "primary_type": "Entertainment", "sector_name": "1", "secondary_type": "monument" }, "geometry": { "type": "Point", "coordinates": [ 76.8040604, 30.7590752 ] } },
{ "type": "Feature", "properties": { "name": "The Tower of Shadows - Chandigarh, India", "primary_type": "Tourism", "sector_name": "1", "secondary_type": "landmark" }, "geometry": { "type": "Point", "coordinates": [ 76.8041372, 30.7596984 ] } },
{ "type": "Feature", "properties": { "name": "Police Playground", "primary_type": "Sports", "sector_name": "Rajindra Park", "secondary_type": "playground" }, "geometry": { "type": "Point", "coordinates": [ 76.8002874, 30.763418 ] } },
{ "type": "Feature", "properties": { "name": "Central Police Canteen", "primary_type": "Essential Services", "sector_name": "Rajindra Park", "secondary_type": "grocery_store" }, "geometry": { "type": "Point", "coordinates": [ 76.8018606, 30.763491 ] } },
{ "type": "Feature", "properties": { "name": "Rajindra Park", "primary_type": "Tourism", "sector_name": "Rajindra Park", "secondary_type": "park" }, "geometry": { "type": "Point", "coordinates": [ 76.7985669, 30.7682756 ] } },
{ "type": "Feature", "properties": { "name": "Culinary Lane", "primary_type": "Food and Drinks", "sector_name": "Rajindra Park", "secondary_type": "restaurant" }, "geometry": { "type": "Point", "coordinates": [ 76.7976476, 30.7640629 ] } },
{ "type": "Feature", "properties": { "name": "High Court Museum", "primary_type": "Entertainment", "sector_name": "1", "secondary_type": "museum" }, "geometry": { "type": "Point", "coordinates": [ 76.8052476, 30.7559483 ] } },
{ "type": "Feature", "properties": { "name": "Sub Post Office High Court", "primary_type": "Essential Services", "sector_name": "1", "secondary_type": "post_office" }, "geometry": { "type": "Point", "coordinates": [ 76.8058268, 30.7564325 ] } },
{ "type": "Feature", "properties": { "name": "Sharma Sweets", "primary_type": "Food and Drinks", "sector_name": "1", "secondary_type": "restaurant" }, "geometry": { "type": "Point", "coordinates": [ 76.8067969, 30.7565392 ] } },
{ "type": "Feature", "properties": { "name": "Kadi Rajma Chhole chawal Chhole kulche stall", "primary_type": "Food and Drinks", "sector_name": "1", "secondary_type": "fast_food_restaurant" }, "geometry": { "type": "Point", "coordinates": [ 76.8069122, 30.7565027 ] } },
{ "type": "Feature", "properties": { "name": "OTG Restaurant", "primary_type": "Food and Drinks", "sector_name": "1", "secondary_type": "restaurant" }, "geometry": { "type": "Point", "coordinates": [ 76.8071523, 30.7560569 ] } },
{ "type": "Feature", "properties": { "name": "State Bank of India HIGH GROUND CHANDIGARH", "primary_type": "Essential Services", "sector_name": "1", "secondary_type": "bank" }, "geometry": { "type": "Point", "coordinates": [ 76.80722, 30.755974 ] } },
{ "type": "Feature", "properties": { "name": "State Bank of India PUNJAB - HARYANA HIGH COURT CHANDIGARH", "primary_type": "Essential Services", "sector_name": "1", "secondary_type": "bank" }, "geometry": { "type": "Point", "coordinates": [ 76.80722, 30.755974 ] } },
{ "type": "Feature", "properties": { "name": "The Book Cafe", "primary_type": "Shopping", "sector_name": "1", "secondary_type": "book_store" }, "geometry": { "type": "Point", "coordinates": [ 76.8067003, 30.7569532 ] } },
{ "type": "Feature", "properties": { "name": "Martyrs memorial", "primary_type": "Tourism", "sector_name": "1", "secondary_type": "park" }, "geometry": { "type": "Point", "coordinates": [ 76.8048312, 30.7595311 ] } },
{ "type": "Feature", "properties": { "name": "Capitol Complex", "primary_type": "Entertainment", "sector_name": "1", "secondary_type": "monument" }, "geometry": { "type": "Point", "coordinates": [ 76.8073548, 30.7589975 ] } },
{ "type": "Feature", "properties": { "name": "The Open Hand Monument", "primary_type": "Entertainment", "sector_name": "1", "secondary_type": "monument" }, "geometry": { "type": "Point", "coordinates": [ 76.8074011, 30.7590113 ] } },
{ "type": "Feature", "properties": { "name": "Satish Law Agency", "primary_type": "Shopping", "sector_name": "1", "secondary_type": "book_store" }, "geometry": { "type": "Point", "coordinates": [ 76.8080017, 30.7572064 ] } },
{ "type": "Feature", "properties": { "name": "Coffee Full Day High Court", "primary_type": "Food and Drinks", "sector_name": "1", "secondary_type": "coffee_shop" }, "geometry": { "type": "Point", "coordinates": [ 76.8081515, 30.757308 ] } },
{ "type": "Feature", "properties": { "name": "Olive Meals", "primary_type": "Food and Drinks", "sector_name": "1", "secondary_type": "restaurant" }, "geometry": { "type": "Point", "coordinates": [ 76.8083393, 30.7569395 ] } },
{ "type": "Feature", "properties": { "name": "Khatinder khatri paronthe wala", "primary_type": "Food and Drinks", "sector_name": "11", "secondary_type": "restaurant" }, "geometry": { "type": "Point", "coordinates": [ 76.7779611, 30.7566712 ] } },
{ "type": "Feature", "properties": { "name": "Osho Prem Dwara Meditation & Books Centre", "primary_type": "Shopping", "sector_name": "15", "secondary_type": "book_store" }, "geometry": { "type": "Point", "coordinates": [ 76.778465, 30.7546513 ] } },
{ "type": "Feature", "properties": { "name": "Spielplatz", "primary_type": "Sports", "sector_name": "15", "secondary_type": "playground" }, "geometry": { "type": "Point", "coordinates": [ 76.7776564, 30.7558273 ] } },
{ "type": "Feature", "properties": { "name": "Dr. Vikas Singhal", "primary_type": "Essential Services", "sector_name": "11", "secondary_type": "doctor" }, "geometry": { "type": "Point", "coordinates": [ 76.7782396, 30.7574936 ] } },
{ "type": "Feature", "properties": { "name": "3 T mri ct scan center", "primary_type": "Essential Services", "sector_name": "11", "secondary_type": "doctor" }, "geometry": { "type": "Point", "coordinates": [ 76.7796095, 30.7592272 ] } },
{ "type": "Feature", "properties": { "name": "Swimming Pool, PGGC 11", "primary_type": "Sports", "sector_name": "11", "secondary_type": "swimming_pool" }, "geometry": { "type": "Point", "coordinates": [ 76.7784578, 30.7596724 ] } },
{ "type": "Feature", "properties": { "name": "मोहित - कृष विश्व संगठन( भंडारा spot)", "primary_type": "Food and Drinks", "sector_name": "11", "secondary_type": "indian_restaurant" }, "geometry": { "type": "Point", "coordinates": [ 76.7782621, 30.7591491 ] } },
{ "type": "Feature", "properties": { "name": "BCA department PGGC 11 garden", "primary_type": "Tourism", "sector_name": "11", "secondary_type": "park" }, "geometry": { "type": "Point", "coordinates": [ 76.7781221, 30.7597526 ] } },
{ "type": "Feature", "properties": { "name": "My Book Shop", "primary_type": "Shopping", "sector_name": "11", "secondary_type": "book_store" }, "geometry": { "type": "Point", "coordinates": [ 76.7776963, 30.7588605 ] } },
{ "type": "Feature", "properties": { "name": "Surkh Designer Studio", "primary_type": "Shopping", "sector_name": "11", "secondary_type": "clothing_store" }, "geometry": { "type": "Point", "coordinates": [ 76.7817948, 30.7604054 ] } },
{ "type": "Feature", "properties": { "name": "DEPARTMENT OF HOSPITAL ADMINISTRATION", "primary_type": "Essential Services", "sector_name": "12", "secondary_type": "hospital" }, "geometry": { "type": "Point", "coordinates": [ 76.77869, 30.7609577 ] } },
{ "type": "Feature", "properties": { "name": "Dr. Mehraaj Sandhu - Best Psychiatrist in Chandigarh", "primary_type": "Essential Services", "sector_name": "11", "secondary_type": "doctor" }, "geometry": { "type": "Point", "coordinates": [ 76.7820873, 30.7600834 ] } },
{ "type": "Feature", "properties": { "name": "Nehru Hospital Extension Block | PGIMER", "primary_type": "Essential Services", "sector_name": "12", "secondary_type": "hospital" }, "geometry": { "type": "Point", "coordinates": [ 76.778572, 30.7609379 ] } },
{ "type": "Feature", "properties": { "name": "Kanishk Fast Foods", "primary_type": "Food and Drinks", "sector_name": "12", "secondary_type": "coffee_shop" }, "geometry": { "type": "Point", "coordinates": [ 76.778668, 30.7610425 ] } },
{ "type": "Feature", "properties": { "name": "Dr Nipun Verma (Associate Professor, Department of Hepatology)", "primary_type": "Essential Services", "sector_name": "12", "secondary_type": "hospital" }, "geometry": { "type": "Point", "coordinates": [ 76.778668, 30.7610425 ] } },
{ "type": "Feature", "properties": { "name": "Shiva Ambulance Services Chandigarh", "primary_type": "Essential Services", "sector_name": "12", "secondary_type": "hospital" }, "geometry": { "type": "Point", "coordinates": [ 76.777808, 30.7604992 ] } },
{ "type": "Feature", "properties": { "name": "Him Care Office PGI Chandigarh", "primary_type": "Essential Services", "sector_name": "12", "secondary_type": "doctor" }, "geometry": { "type": "Point", "coordinates": [ 76.7783953, 30.7609454 ] } },
{ "type": "Feature", "properties": { "name": "Canteen Nhe PGIMER", "primary_type": "Food and Drinks", "sector_name": "12", "secondary_type": "cafe" }, "geometry": { "type": "Point", "coordinates": [ 76.7785144, 30.7610453 ] } },
{ "type": "Feature", "properties": { "name": "Apna Yoga By Navneet Kaur Dhillon", "primary_type": "Sports", "sector_name": "11", "secondary_type": "yoga_studio" }, "geometry": { "type": "Point", "coordinates": [ 76.785022, 30.756775 ] } },
{ "type": "Feature", "properties": { "name": "Shaheed Bhai Mati Dass Memorial Trust", "primary_type": "Essential Services", "sector_name": "11", "secondary_type": "hospital" }, "geometry": { "type": "Point", "coordinates": [ 76.7842797, 30.7572725 ] } },
{ "type": "Feature", "properties": { "name": "रामेश्वर हॉस्पिटल", "primary_type": "Essential Services", "sector_name": "11", "secondary_type": "hospital" }, "geometry": { "type": "Point", "coordinates": [ 76.7841457, 30.7583235 ] } },
{ "type": "Feature", "properties": { "name": "ICU", "primary_type": "Essential Services", "sector_name": "11", "secondary_type": "hospital" }, "geometry": { "type": "Point", "coordinates": [ 76.784136, 30.758334 ] } },
{ "type": "Feature", "properties": { "name": "Be Yoga Be Fit", "primary_type": "Sports", "sector_name": "11", "secondary_type": "yoga_studio" }, "geometry": { "type": "Point", "coordinates": [ 76.784136, 30.758334 ] } },
{ "type": "Feature", "properties": { "name": "cafeholic cafe", "primary_type": "Food and Drinks", "sector_name": "11", "secondary_type": "restaurant" }, "geometry": { "type": "Point", "coordinates": [ 76.784136, 30.758334 ] } },
{ "type": "Feature", "properties": { "name": "Dr. Sonal", "primary_type": "Essential Services", "sector_name": "11", "secondary_type": "doctor" }, "geometry": { "type": "Point", "coordinates": [ 76.784136, 30.758334 ] } },
{ "type": "Feature", "properties": { "name": "Medicare Sales Corporation", "primary_type": "Essential Services", "sector_name": "11", "secondary_type": "pharmacy" }, "geometry": { "type": "Point", "coordinates": [ 76.7841861, 30.7583324 ] } },
{ "type": "Feature", "properties": { "name": "Pharma Linkers", "primary_type": "Essential Services", "sector_name": "11", "secondary_type": "pharmacy" }, "geometry": { "type": "Point", "coordinates": [ 76.7843021, 30.7583178 ] } },
{ "type": "Feature", "properties": { "name": "Thakur Dhaba", "primary_type": "Food and Drinks", "sector_name": "11", "secondary_type": "indian_restaurant" }, "geometry": { "type": "Point", "coordinates": [ 76.7828555, 30.7588859 ] } },
{ "type": "Feature", "properties": { "name": "Bhatia Confectionery", "primary_type": "Food and Drinks", "sector_name": "11", "secondary_type": "confectionery" }, "geometry": { "type": "Point", "coordinates": [ 76.7830316, 30.7590747 ] } },
{ "type": "Feature", "properties": { "name": "The Belgian Waffle Xpress", "primary_type": "Food and Drinks", "sector_name": "11", "secondary_type": "cafe" }, "geometry": { "type": "Point", "coordinates": [ 76.7829412, 30.7590414 ] } },
{ "type": "Feature", "properties": { "name": "Harison", "primary_type": "Food and Drinks", "sector_name": "11", "secondary_type": "indian_restaurant" }, "geometry": { "type": "Point", "coordinates": [ 76.7828787, 30.7591717 ] } },
{ "type": "Feature", "properties": { "name": "Turning 11 Punjabi Dhaba", "primary_type": "Food and Drinks", "sector_name": "11", "secondary_type": "restaurant" }, "geometry": { "type": "Point", "coordinates": [ 76.782832, 30.7589188 ] } },
{ "type": "Feature", "properties": { "name": "Raju Da Dhaba", "primary_type": "Food and Drinks", "sector_name": "11", "secondary_type": "indian_restaurant" }, "geometry": { "type": "Point", "coordinates": [ 76.7827987, 30.7589605 ] } },
{ "type": "Feature", "properties": { "name": "AJS CLOTH HOUSE", "primary_type": "Shopping", "sector_name": "11", "secondary_type": "clothing_store" }, "geometry": { "type": "Point", "coordinates": [ 76.7827791, 30.7590032 ] } },
{ "type": "Feature", "properties": { "name": "Kalae Ka Dhaba", "primary_type": "Food and Drinks", "sector_name": "11", "secondary_type": "indian_restaurant" }, "geometry": { "type": "Point", "coordinates": [ 76.7827317, 30.7590441 ] } },
{ "type": "Feature", "properties": { "name": "Mame da Vaishnu Dhaba", "primary_type": "Food and Drinks", "sector_name": "11", "secondary_type": "indian_restaurant" }, "geometry": { "type": "Point", "coordinates": [ 76.7827196, 30.7591281 ] } },
{ "type": "Feature", "properties": { "name": "yogastudio.fit", "primary_type": "Sports", "sector_name": "11", "secondary_type": "yoga_studio" }, "geometry": { "type": "Point", "coordinates": [ 76.7848488, 30.7619569 ] } },
{ "type": "Feature", "properties": { "name": "KUMAR BROTHERS CHEMISTS PRIVATE LIMITED", "primary_type": "Essential Services", "sector_name": "11", "secondary_type": "pharmacy" }, "geometry": { "type": "Point", "coordinates": [ 76.7827216, 30.7607269 ] } },
{ "type": "Feature", "properties": { "name": "Vet Hospital", "primary_type": "Essential Services", "sector_name": "11", "secondary_type": "hospital" }, "geometry": { "type": "Point", "coordinates": [ 76.7856403, 30.7617768 ] } },
{ "type": "Feature", "properties": { "name": "Nari in a Sari", "primary_type": "Shopping", "sector_name": "11", "secondary_type": "clothing_store" }, "geometry": { "type": "Point", "coordinates": [ 76.7854721, 30.7613129 ] } },
{ "type": "Feature", "properties": { "name": "MEDICOS LAB", "primary_type": "Essential Services", "sector_name": "11", "secondary_type": "hospital" }, "geometry": { "type": "Point", "coordinates": [ 76.7826118, 30.7607898 ] } },
{ "type": "Feature", "properties": { "name": "Dr. Hargunbir Singh", "primary_type": "Essential Services", "sector_name": "11", "secondary_type": "doctor" }, "geometry": { "type": "Point", "coordinates": [ 76.7856559, 30.7622584 ] } },
{ "type": "Feature", "properties": { "name": "SANT PHARMACY", "primary_type": "Essential Services", "sector_name": "11", "secondary_type": "pharmacy" }, "geometry": { "type": "Point", "coordinates": [ 76.7819515, 30.7614615 ] } },
{ "type": "Feature", "properties": { "name": "Gill Organic Farms", "primary_type": "Essential Services", "sector_name": "11", "secondary_type": "grocery_store" }, "geometry": { "type": "Point", "coordinates": [ 76.785807, 30.7618885 ] } },
{ "type": "Feature", "properties": { "name": "SRL Lab Sector 11", "primary_type": "Essential Services", "sector_name": "11", "secondary_type": "medical_lab" }, "geometry": { "type": "Point", "coordinates": [ 76.7824199, 30.7607149 ] } },
{ "type": "Feature", "properties": { "name": "Dr Lal Path Labs", "primary_type": "Essential Services", "sector_name": "11", "secondary_type": "hospital" }, "geometry": { "type": "Point", "coordinates": [ 76.7831211, 30.7602912 ] } },
{ "type": "Feature", "properties": { "name": "105Arts", "primary_type": "Entertainment", "sector_name": "11", "secondary_type": "art_gallery" }, "geometry": { "type": "Point", "coordinates": [ 76.7853278, 30.7607429 ] } },
{ "type": "Feature", "properties": { "name": "UMA PHARMACY", "primary_type": "Essential Services", "sector_name": "11", "secondary_type": "pharmacy" }, "geometry": { "type": "Point", "coordinates": [ 76.7821253, 30.7608615 ] } },
{ "type": "Feature", "properties": { "name": "Raju Fast Food", "primary_type": "Food and Drinks", "sector_name": "11", "secondary_type": "fast_food_restaurant" }, "geometry": { "type": "Point", "coordinates": [ 76.7827408, 30.7603712 ] } },
{ "type": "Feature", "properties": { "name": "MILY MEDICOS", "primary_type": "Essential Services", "sector_name": "11", "secondary_type": "pharmacy" }, "geometry": { "type": "Point", "coordinates": [ 76.7820074, 30.7608483 ] } },
{ "type": "Feature", "properties": { "name": "Ranshawa", "primary_type": "Essential Services", "sector_name": "11", "secondary_type": "doctor" }, "geometry": { "type": "Point", "coordinates": [ 76.7857871, 30.7609943 ] } },
{ "type": "Feature", "properties": { "name": "Dr. Yashwin Kang - Psychiatrist", "primary_type": "Essential Services", "sector_name": "11", "secondary_type": "doctor" }, "geometry": { "type": "Point", "coordinates": [ 76.7822546, 30.7605401 ] } },
{ "type": "Feature", "properties": { "name": "Verka", "primary_type": "Essential Services", "sector_name": "11", "secondary_type": "grocery_store" }, "geometry": { "type": "Point", "coordinates": [ 76.7890481, 30.7607486 ] } },
{ "type": "Feature", "properties": { "name": "Chandigarh SBI guest house", "primary_type": "Essential Services", "sector_name": "11", "secondary_type": "bank" }, "geometry": { "type": "Point", "coordinates": [ 76.785267, 30.7598397 ] } },
{ "type": "Feature", "properties": { "name": "Studio Naiya", "primary_type": "Sports", "sector_name": "11", "secondary_type": "yoga_studio" }, "geometry": { "type": "Point", "coordinates": [ 76.785295, 30.760394 ] } },
{ "type": "Feature", "properties": { "name": "Shallyoberoi Services", "primary_type": "Food and Drinks", "sector_name": "11", "secondary_type": "indian_restaurant" }, "geometry": { "type": "Point", "coordinates": [ 76.7867729, 30.7634112 ] } },
{ "type": "Feature", "properties": { "name": "ANMOL HELMET SUPPLIER", "primary_type": "Shopping", "sector_name": "2", "secondary_type": "clothing_store" }, "geometry": { "type": "Point", "coordinates": [ 76.7898183, 30.7623209 ] } },
{ "type": "Feature", "properties": { "name": "Desh Raj fast food & tea stall", "primary_type": "Food and Drinks", "sector_name": "12", "secondary_type": "fast_food_restaurant" }, "geometry": { "type": "Point", "coordinates": [ 76.7867693, 30.7648923 ] } },
{ "type": "Feature", "properties": { "name": "Volleyball Court PEC", "primary_type": "Sports", "sector_name": "12", "secondary_type": "playground" }, "geometry": { "type": "Point", "coordinates": [ 76.7860398, 30.7647654 ] } },
{ "type": "Feature", "properties": { "name": "Playground Sector 2A", "primary_type": "Sports", "sector_name": "2", "secondary_type": "playground" }, "geometry": { "type": "Point", "coordinates": [ 76.7895838, 30.7650982 ] } },
{ "type": "Feature", "properties": { "name": "Park 2 Chd", "primary_type": "Tourism", "sector_name": "2", "secondary_type": "park" }, "geometry": { "type": "Point", "coordinates": [ 76.7916538, 30.7633035 ] } },
{ "type": "Feature", "properties": { "name": "Cricket Ground - PEC", "primary_type": "Sports", "sector_name": "12", "secondary_type": "playground" }, "geometry": { "type": "Point", "coordinates": [ 76.788111, 30.7662188 ] } },
{ "type": "Feature", "properties": { "name": "Post And Telegraph Office", "primary_type": "Essential Services", "sector_name": "2", "secondary_type": "post_office" }, "geometry": { "type": "Point", "coordinates": [ 76.7913302, 30.7661288 ] } },
{ "type": "Feature", "properties": { "name": "Admin Stairs", "primary_type": "Sports", "sector_name": "12", "secondary_type": "playground" }, "geometry": { "type": "Point", "coordinates": [ 76.7856081, 30.7650006 ] } },
{ "type": "Feature", "properties": { "name": "Steam train model", "primary_type": "Tourism", "sector_name": "12", "secondary_type": "tourist_attraction" }, "geometry": { "type": "Point", "coordinates": [ 76.788804, 30.767185 ] } },
{ "type": "Feature", "properties": { "name": "PEC Squash Courts", "primary_type": "Sports", "sector_name": "12", "secondary_type": "athletic_field" }, "geometry": { "type": "Point", "coordinates": [ 76.788967, 30.7677703 ] } },
{ "type": "Feature", "properties": { "name": "PEC Swimming Pool", "primary_type": "Sports", "sector_name": "12", "secondary_type": "swimming_pool" }, "geometry": { "type": "Point", "coordinates": [ 76.7892149, 30.7679061 ] } },
{ "type": "Feature", "properties": { "name": "PEC Gymnasium", "primary_type": "Sports", "sector_name": "12", "secondary_type": "gym" }, "geometry": { "type": "Point", "coordinates": [ 76.7893577, 30.7678634 ] } },
{ "type": "Feature", "properties": { "name": "DB da Kotha", "primary_type": "Tourism", "sector_name": "12", "secondary_type": "tourist_attraction" }, "geometry": { "type": "Point", "coordinates": [ 76.7907117, 30.7676145 ] } },
{ "type": "Feature", "properties": { "name": "PEC Athletic Ground", "primary_type": "Sports", "sector_name": "12", "secondary_type": "gym" }, "geometry": { "type": "Point", "coordinates": [ 76.789267, 30.768116 ] } },
{ "type": "Feature", "properties": { "name": "Sub Post Office Engineering College", "primary_type": "Essential Services", "sector_name": "12", "secondary_type": "post_office" }, "geometry": { "type": "Point", "coordinates": [ 76.7869762, 30.7672898 ] } },
{ "type": "Feature", "properties": { "name": "Cricket Playing Ground", "primary_type": "Sports", "sector_name": "Rajindra Park", "secondary_type": "playground" }, "geometry": { "type": "Point", "coordinates": [ 76.7932939, 30.7660377 ] } },
{ "type": "Feature", "properties": { "name": "Swimming Pool", "primary_type": "Sports", "sector_name": "Rajindra Park", "secondary_type": "swimming_pool" }, "geometry": { "type": "Point", "coordinates": [ 76.7968822, 30.7643332 ] } },
{ "type": "Feature", "properties": { "name": "Sarojini Garden", "primary_type": "Tourism", "sector_name": "14", "secondary_type": "park" }, "geometry": { "type": "Point", "coordinates": [ 76.7655576, 30.756649 ] } },
{ "type": "Feature", "properties": { "name": "Drug Information Unit, PGIMER", "primary_type": "Essential Services", "sector_name": "14", "secondary_type": "hospital" }, "geometry": { "type": "Point", "coordinates": [ 76.7609614, 30.7609071 ] } },
{ "type": "Feature", "properties": { "name": "Public Park Sector 14", "primary_type": "Tourism", "sector_name": "14", "secondary_type": "park" }, "geometry": { "type": "Point", "coordinates": [ 76.7631835, 30.7608186 ] } },
{ "type": "Feature", "properties": { "name": "Meadow Garden", "primary_type": "Tourism", "sector_name": "14", "secondary_type": "botanical_garden" }, "geometry": { "type": "Point", "coordinates": [ 76.7639818, 30.7595434 ] } },
{ "type": "Feature", "properties": { "name": "Faculty Canteen", "primary_type": "Food and Drinks", "sector_name": "14", "secondary_type": "restaurant" }, "geometry": { "type": "Point", "coordinates": [ 76.7637758, 30.7610435 ] } },
{ "type": "Feature", "properties": { "name": "PU Shooting Range", "primary_type": "Sports", "sector_name": "14", "secondary_type": "sports_complex" }, "geometry": { "type": "Point", "coordinates": [ 76.7640901, 30.760383 ] } },
{ "type": "Feature", "properties": { "name": "PN Mehra Botanical Garden", "primary_type": "Tourism", "sector_name": "14", "secondary_type": "botanical_garden" }, "geometry": { "type": "Point", "coordinates": [ 76.7628358, 30.7626301 ] } },
{ "type": "Feature", "properties": { "name": "Gymnasium Hall", "primary_type": "Sports", "sector_name": "14", "secondary_type": "gym" }, "geometry": { "type": "Point", "coordinates": [ 76.7647718, 30.7617136 ] } },
{ "type": "Feature", "properties": { "name": "PU Swimming Pool", "primary_type": "Sports", "sector_name": "14", "secondary_type": "sports_complex" }, "geometry": { "type": "Point", "coordinates": [ 76.7638864, 30.7625065 ] } },
{ "type": "Feature", "properties": { "name": "Yash telecum center pura karondi", "primary_type": "Essential Services", "sector_name": "14", "secondary_type": "grocery_store" }, "geometry": { "type": "Point", "coordinates": [ 76.7653924, 30.7606188 ] } },
{ "type": "Feature", "properties": { "name": "Home Fashion Designer", "primary_type": "Shopping", "sector_name": "14", "secondary_type": "clothing_store" }, "geometry": { "type": "Point", "coordinates": [ 76.7653924, 30.7606188 ] } },
{ "type": "Feature", "properties": { "name": "VinodVinod kumar", "primary_type": "Food and Drinks", "sector_name": "14", "secondary_type": "asian_restaurant" }, "geometry": { "type": "Point", "coordinates": [ 76.7653924, 30.7606188 ] } },
{ "type": "Feature", "properties": { "name": "F.T. MAX HOSPITAL", "primary_type": "Essential Services", "sector_name": "14", "secondary_type": "hospital" }, "geometry": { "type": "Point", "coordinates": [ 76.7653924, 30.7606188 ] } },
{ "type": "Feature", "properties": { "name": "Kulcha Special", "primary_type": "Shopping", "sector_name": "14", "secondary_type": "book_store" }, "geometry": { "type": "Point", "coordinates": [ 76.7653924, 30.7606188 ] } },
{ "type": "Feature", "properties": { "name": "Mk", "primary_type": "Tourism", "sector_name": "14", "secondary_type": "campground" }, "geometry": { "type": "Point", "coordinates": [ 76.7653924, 30.7606188 ] } },
{ "type": "Feature", "properties": { "name": "Parveen Garments", "primary_type": "Shopping", "sector_name": "14", "secondary_type": "clothing_store" }, "geometry": { "type": "Point", "coordinates": [ 76.7653924, 30.7606188 ] } },
{ "type": "Feature", "properties": { "name": "Play Ground Panjab University Chandigarh", "primary_type": "Sports", "sector_name": "14", "secondary_type": "playground" }, "geometry": { "type": "Point", "coordinates": [ 76.7658195, 30.7596212 ] } },
{ "type": "Feature", "properties": { "name": "Hockey ground", "primary_type": "Sports", "sector_name": "14", "secondary_type": "playground" }, "geometry": { "type": "Point", "coordinates": [ 76.7657494, 30.7607863 ] } },
{ "type": "Feature", "properties": { "name": "All Weather Swimming Pool", "primary_type": "Sports", "sector_name": "14", "secondary_type": "swimming_pool" }, "geometry": { "type": "Point", "coordinates": [ 76.7647241, 30.7626913 ] } },
{ "type": "Feature", "properties": { "name": "Boys hostel 5, BH-5 mess", "primary_type": "Food and Drinks", "sector_name": "14", "secondary_type": "asian_restaurant" }, "geometry": { "type": "Point", "coordinates": [ 76.7653605, 30.7633697 ] } },
{ "type": "Feature", "properties": { "name": "Nehru Public Parking", "primary_type": "Essential Services", "sector_name": "14", "secondary_type": "hospital" }, "geometry": { "type": "Point", "coordinates": [ 76.7651908, 30.7620027 ] } },
{ "type": "Feature", "properties": { "name": "Directorate of Sports Jawahar Lal Nehru Complex", "primary_type": "Sports", "sector_name": "14", "secondary_type": "sports_complex" }, "geometry": { "type": "Point", "coordinates": [ 76.7651908, 30.7620027 ] } },
{ "type": "Feature", "properties": { "name": "STATE BANK ATM & CDM", "primary_type": "Essential Services", "sector_name": "14", "secondary_type": "atm" }, "geometry": { "type": "Point", "coordinates": [ 76.7666512, 30.7562632 ] } },
{ "type": "Feature", "properties": { "name": "Mahajan Traders", "primary_type": "Shopping", "sector_name": "14", "secondary_type": "department_store" }, "geometry": { "type": "Point", "coordinates": [ 76.7667197, 30.7562509 ] } },
{ "type": "Feature", "properties": { "name": "State Bank of India PUNJAB UNIVERSITY CHANDIGARH", "primary_type": "Essential Services", "sector_name": "14", "secondary_type": "bank" }, "geometry": { "type": "Point", "coordinates": [ 76.766779, 30.756328 ] } },
{ "type": "Feature", "properties": { "name": "ESS JEE Provision Store", "primary_type": "Essential Services", "sector_name": "14", "secondary_type": "grocery_store" }, "geometry": { "type": "Point", "coordinates": [ 76.7673124, 30.7562004 ] } },
{ "type": "Feature", "properties": { "name": "CANARA BANK - PANJAB UNIVERSITY CHANDIGARH", "primary_type": "Essential Services", "sector_name": "14", "secondary_type": "bank" }, "geometry": { "type": "Point", "coordinates": [ 76.7673278, 30.7561945 ] } },
{ "type": "Feature", "properties": { "name": "Lyall Book Depot", "primary_type": "Shopping", "sector_name": "14", "secondary_type": "book_store" }, "geometry": { "type": "Point", "coordinates": [ 76.7671526, 30.7564509 ] } },
{ "type": "Feature", "properties": { "name": "NAVYUG MEDICAL AND GENERAL STORE", "primary_type": "Essential Services", "sector_name": "14", "secondary_type": "pharmacy" }, "geometry": { "type": "Point", "coordinates": [ 76.7674684, 30.7560227 ] } },
{ "type": "Feature", "properties": { "name": "Panjab University Market", "primary_type": "Shopping", "sector_name": "14", "secondary_type": "market" }, "geometry": { "type": "Point", "coordinates": [ 76.7674858, 30.7558362 ] } },
{ "type": "Feature", "properties": { "name": "J D PROVISION STORE", "primary_type": "Essential Services", "sector_name": "14", "secondary_type": "grocery_store" }, "geometry": { "type": "Point", "coordinates": [ 76.7675239, 30.7559013 ] } },
{ "type": "Feature", "properties": { "name": "Backhouse Restaurant", "primary_type": "Food and Drinks", "sector_name": "14", "secondary_type": "indian_restaurant" }, "geometry": { "type": "Point", "coordinates": [ 76.7674366, 30.7556043 ] } },
{ "type": "Feature", "properties": { "name": "Chai Baithak", "primary_type": "Food and Drinks", "sector_name": "14", "secondary_type": "coffee_shop" }, "geometry": { "type": "Point", "coordinates": [ 76.767525, 30.7557216 ] } },
{ "type": "Feature", "properties": { "name": "Kwality RESTAURANT", "primary_type": "Food and Drinks", "sector_name": "14", "secondary_type": "indian_restaurant" }, "geometry": { "type": "Point", "coordinates": [ 76.7676353, 30.7558224 ] } },
{ "type": "Feature", "properties": { "name": "Sector 14 Market", "primary_type": "Essential Services", "sector_name": "14", "secondary_type": "grocery_store" }, "geometry": { "type": "Point", "coordinates": [ 76.7676273, 30.7557788 ] } },
{ "type": "Feature", "properties": { "name": "Ravi Store", "primary_type": "Essential Services", "sector_name": "14", "secondary_type": "grocery_store" }, "geometry": { "type": "Point", "coordinates": [ 76.7676735, 30.7555004 ] } },
{ "type": "Feature", "properties": { "name": "Tandoor And Ginza", "primary_type": "Food and Drinks", "sector_name": "14", "secondary_type": "indian_restaurant" }, "geometry": { "type": "Point", "coordinates": [ 76.7678325, 30.7555811 ] } },
{ "type": "Feature", "properties": { "name": "RAKESH TRADERS", "primary_type": "Shopping", "sector_name": "14", "secondary_type": "department_store" }, "geometry": { "type": "Point", "coordinates": [ 76.7679364, 30.7557152 ] } },
{ "type": "Feature", "properties": { "name": "Snackology", "primary_type": "Food and Drinks", "sector_name": "14", "secondary_type": "coffee_shop" }, "geometry": { "type": "Point", "coordinates": [ 76.7680222, 30.7561872 ] } },
{ "type": "Feature", "properties": { "name": "A D TRADERS", "primary_type": "Essential Services", "sector_name": "14", "secondary_type": "grocery_store" }, "geometry": { "type": "Point", "coordinates": [ 76.7679494, 30.7553372 ] } },
{ "type": "Feature", "properties": { "name": "Gupta Traders", "primary_type": "Shopping", "sector_name": "14", "secondary_type": "department_store" }, "geometry": { "type": "Point", "coordinates": [ 76.76788, 30.7551879 ] } },
{ "type": "Feature", "properties": { "name": "Kho Kho Ground", "primary_type": "Sports", "sector_name": "14", "secondary_type": "playground" }, "geometry": { "type": "Point", "coordinates": [ 76.7665165, 30.7590473 ] } },
{ "type": "Feature", "properties": { "name": "Chemistry Canteen", "primary_type": "Food and Drinks", "sector_name": "14", "secondary_type": "cafe" }, "geometry": { "type": "Point", "coordinates": [ 76.7681771, 30.7591455 ] } },
{ "type": "Feature", "properties": { "name": "Chemistry Park", "primary_type": "Tourism", "sector_name": "14", "secondary_type": "park" }, "geometry": { "type": "Point", "coordinates": [ 76.7685577, 30.7596059 ] } },
{ "type": "Feature", "properties": { "name": "Nisar", "primary_type": "Food and Drinks", "sector_name": "14", "secondary_type": "indian_restaurant" }, "geometry": { "type": "Point", "coordinates": [ 76.7658357, 30.7616374 ] } },
{ "type": "Feature", "properties": { "name": "24*7 Biryani", "primary_type": "Food and Drinks", "sector_name": "14", "secondary_type": "indian_restaurant" }, "geometry": { "type": "Point", "coordinates": [ 76.7658357, 30.7616374 ] } },
{ "type": "Feature", "properties": { "name": "Pardeep chand", "primary_type": "Shopping", "sector_name": "14", "secondary_type": "clothing_store" }, "geometry": { "type": "Point", "coordinates": [ 76.7662635, 30.7645184 ] } },
{ "type": "Feature", "properties": { "name": "Coffee N Bites", "primary_type": "Food and Drinks", "sector_name": "14", "secondary_type": "cafe" }, "geometry": { "type": "Point", "coordinates": [ 76.7667613, 30.7660498 ] } },
{ "type": "Feature", "properties": { "name": "Yaarana restaurant", "primary_type": "Food and Drinks", "sector_name": "14", "secondary_type": "restaurant" }, "geometry": { "type": "Point", "coordinates": [ 76.767346, 30.7660113 ] } },
{ "type": "Feature", "properties": { "name": "South Indian Coffee House PU", "primary_type": "Food and Drinks", "sector_name": "14", "secondary_type": "indian_restaurant" }, "geometry": { "type": "Point", "coordinates": [ 76.7692905, 30.7622032 ] } },
{ "type": "Feature", "properties": { "name": "Guru Snacks & Shakes", "primary_type": "Food and Drinks", "sector_name": "14", "secondary_type": "cafe" }, "geometry": { "type": "Point", "coordinates": [ 76.7697187, 30.7622825 ] } },
{ "type": "Feature", "properties": { "name": "FRESH BITE Student Center", "primary_type": "Food and Drinks", "sector_name": "14", "secondary_type": "restaurant" }, "geometry": { "type": "Point", "coordinates": [ 76.7697542, 30.7622223 ] } },
{ "type": "Feature", "properties": { "name": "Flavours of kashmir (Authentic Kashmiri wazwan)", "primary_type": "Food and Drinks", "sector_name": "14", "secondary_type": "indian_restaurant" }, "geometry": { "type": "Point", "coordinates": [ 76.7697749, 30.7622203 ] } },
{ "type": "Feature", "properties": { "name": "Raj Eatery", "primary_type": "Food and Drinks", "sector_name": "14", "secondary_type": "fast_food_restaurant" }, "geometry": { "type": "Point", "coordinates": [ 76.7696754, 30.7620741 ] } },
{ "type": "Feature", "properties": { "name": "University Rose Garden", "primary_type": "Tourism", "sector_name": "14", "secondary_type": "park" }, "geometry": { "type": "Point", "coordinates": [ 76.7707071, 30.7595426 ] } },
{ "type": "Feature", "properties": { "name": "Flower Park", "primary_type": "Tourism", "sector_name": "14", "secondary_type": "park" }, "geometry": { "type": "Point", "coordinates": [ 76.7706622, 30.7595019 ] } },
{ "type": "Feature", "properties": { "name": "P.U. V.C. Garden", "primary_type": "Essential Services", "sector_name": "14", "secondary_type": "doctor" }, "geometry": { "type": "Point", "coordinates": [ 76.7705046, 30.7595417 ] } },
{ "type": "Feature", "properties": { "name": "FUN BYTES", "primary_type": "Shopping", "sector_name": "14", "secondary_type": "shopping_mall" }, "geometry": { "type": "Point", "coordinates": [ 76.7719367, 30.7589388 ] } },
{ "type": "Feature", "properties": { "name": "Gandhi bhawan ground", "primary_type": "Tourism", "sector_name": "14", "secondary_type": "park" }, "geometry": { "type": "Point", "coordinates": [ 76.7719268, 30.7613599 ] } },
{ "type": "Feature", "properties": { "name": "Gandhi Bhavan", "primary_type": "Entertainment", "sector_name": "14", "secondary_type": "monument" }, "geometry": { "type": "Point", "coordinates": [ 76.7714105, 30.7618358 ] } },
{ "type": "Feature", "properties": { "name": "Night Tea Stall", "primary_type": "Food and Drinks", "sector_name": "14", "secondary_type": "coffee_shop" }, "geometry": { "type": "Point", "coordinates": [ 76.7702947, 30.7615941 ] } },
{ "type": "Feature", "properties": { "name": "Goli chowk", "primary_type": "Tourism", "sector_name": "14", "secondary_type": "park" }, "geometry": { "type": "Point", "coordinates": [ 76.7708057, 30.7617763 ] } },
{ "type": "Feature", "properties": { "name": "Indian Momos", "primary_type": "Food and Drinks", "sector_name": "14", "secondary_type": "fast_food_restaurant" }, "geometry": { "type": "Point", "coordinates": [ 76.7730896, 30.7588904 ] } },
{ "type": "Feature", "properties": { "name": "StuC Garden", "primary_type": "Tourism", "sector_name": "14", "secondary_type": "park" }, "geometry": { "type": "Point", "coordinates": [ 76.7693801, 30.7615887 ] } },
{ "type": "Feature", "properties": { "name": "Fine Arts Museum", "primary_type": "Entertainment", "sector_name": "14", "secondary_type": "museum" }, "geometry": { "type": "Point", "coordinates": [ 76.772183, 30.7623012 ] } },
{ "type": "Feature", "properties": { "name": "Mona Refreshments", "primary_type": "Food and Drinks", "sector_name": "14", "secondary_type": "meal_takeaway" }, "geometry": { "type": "Point", "coordinates": [ 76.769985, 30.762261 ] } },
{ "type": "Feature", "properties": { "name": "Night Food Street", "primary_type": "Food and Drinks", "sector_name": "14", "secondary_type": "indian_restaurant" }, "geometry": { "type": "Point", "coordinates": [ 76.7734079, 30.7618455 ] } },
{ "type": "Feature", "properties": { "name": "Doctors For You Foundation", "primary_type": "Essential Services", "sector_name": "12", "secondary_type": "doctor" }, "geometry": { "type": "Point", "coordinates": [ 76.7713344, 30.7650542 ] } },
{ "type": "Feature", "properties": { "name": "Small Animal house", "primary_type": "Essential Services", "sector_name": "12", "secondary_type": "hospital" }, "geometry": { "type": "Point", "coordinates": [ 76.7733411, 30.7638111 ] } },
{ "type": "Feature", "properties": { "name": "Opp 12 sec food sector pgi", "primary_type": "Food and Drinks", "sector_name": "14", "secondary_type": "restaurant" }, "geometry": { "type": "Point", "coordinates": [ 76.773028, 30.762627 ] } },
{ "type": "Feature", "properties": { "name": "Pgi Research Block 'a' Report Collection", "primary_type": "Essential Services", "sector_name": "12", "secondary_type": "hospital" }, "geometry": { "type": "Point", "coordinates": [ 76.7736079, 30.7632107 ] } },
{ "type": "Feature", "properties": { "name": "Department of Medical Microbiology", "primary_type": "Essential Services", "sector_name": "12", "secondary_type": "hospital" }, "geometry": { "type": "Point", "coordinates": [ 76.7738818, 30.7628702 ] } },
{ "type": "Feature", "properties": { "name": "Nehru Hospital Park", "primary_type": "Tourism", "sector_name": "12", "secondary_type": "park" }, "geometry": { "type": "Point", "coordinates": [ 76.7750371, 30.7618502 ] } },
{ "type": "Feature", "properties": { "name": "PET Scan Centre PGI", "primary_type": "Essential Services", "sector_name": "12", "secondary_type": "hospital" }, "geometry": { "type": "Point", "coordinates": [ 76.7754542, 30.7615928 ] } },
{ "type": "Feature", "properties": { "name": "Blood donation centre , Advance trauma centre", "primary_type": "Essential Services", "sector_name": "12", "secondary_type": "hospital" }, "geometry": { "type": "Point", "coordinates": [ 76.7748667, 30.7611147 ] } },
{ "type": "Feature", "properties": { "name": "Resident Lounge", "primary_type": "Food and Drinks", "sector_name": "12", "secondary_type": "bar" }, "geometry": { "type": "Point", "coordinates": [ 76.774925, 30.761106 ] } },
{ "type": "Feature", "properties": { "name": "Department of Neurology", "primary_type": "Essential Services", "sector_name": "12", "secondary_type": "hospital" }, "geometry": { "type": "Point", "coordinates": [ 76.7755542, 30.7615334 ] } },
{ "type": "Feature", "properties": { "name": "Waiting Hall", "primary_type": "Essential Services", "sector_name": "12", "secondary_type": "hospital" }, "geometry": { "type": "Point", "coordinates": [ 76.7753661, 30.7610471 ] } },
{ "type": "Feature", "properties": { "name": "Enteric Lab", "primary_type": "Essential Services", "sector_name": "12", "secondary_type": "hospital" }, "geometry": { "type": "Point", "coordinates": [ 76.774543, 30.7628961 ] } },
{ "type": "Feature", "properties": { "name": "Block A, Nehru Hospital PGI", "primary_type": "Essential Services", "sector_name": "12", "secondary_type": "hospital" }, "geometry": { "type": "Point", "coordinates": [ 76.7758368, 30.761799 ] } },
{ "type": "Feature", "properties": { "name": "Lower Cafe", "primary_type": "Food and Drinks", "sector_name": "12", "secondary_type": "indian_restaurant" }, "geometry": { "type": "Point", "coordinates": [ 76.7750359, 30.7628731 ] } },
{ "type": "Feature", "properties": { "name": "Department of Nuclear medicine", "primary_type": "Essential Services", "sector_name": "12", "secondary_type": "hospital" }, "geometry": { "type": "Point", "coordinates": [ 76.7759334, 30.7617402 ] } },
{ "type": "Feature", "properties": { "name": "Pgi parking", "primary_type": "Essential Services", "sector_name": "12", "secondary_type": "hospital" }, "geometry": { "type": "Point", "coordinates": [ 76.7752195, 30.7608407 ] } },
{ "type": "Feature", "properties": { "name": "APC CAFETERIA", "primary_type": "Food and Drinks", "sector_name": "12", "secondary_type": "restaurant" }, "geometry": { "type": "Point", "coordinates": [ 76.7752195, 30.7608407 ] } },
{ "type": "Feature", "properties": { "name": "Chandigarh sector 12", "primary_type": "Essential Services", "sector_name": "12", "secondary_type": "pharmacy" }, "geometry": { "type": "Point", "coordinates": [ 76.7752195, 30.7608407 ] } },
{ "type": "Feature", "properties": { "name": "Upper Cafe", "primary_type": "Food and Drinks", "sector_name": "12", "secondary_type": "restaurant" }, "geometry": { "type": "Point", "coordinates": [ 76.775, 30.7629572 ] } },
{ "type": "Feature", "properties": { "name": "PGIMER’S National Workshop on Vaccinology-PGIVAC", "primary_type": "Essential Services", "sector_name": "12", "secondary_type": "hospital" }, "geometry": { "type": "Point", "coordinates": [ 76.7756344, 30.7652929 ] } },
{ "type": "Feature", "properties": { "name": "DIPAK SPORTS ACADEMY", "primary_type": "Shopping", "sector_name": "12", "secondary_type": "clothing_store" }, "geometry": { "type": "Point", "coordinates": [ 76.7758295, 30.7644726 ] } },
{ "type": "Feature", "properties": { "name": "TUCK FOOD Canteen", "primary_type": "Food and Drinks", "sector_name": "12", "secondary_type": "restaurant" }, "geometry": { "type": "Point", "coordinates": [ 76.7751958, 30.7659061 ] } },
{ "type": "Feature", "properties": { "name": "Rehman garments store", "primary_type": "Essential Services", "sector_name": "12", "secondary_type": "grocery_store" }, "geometry": { "type": "Point", "coordinates": [ 76.7749611, 30.7659974 ] } },
{ "type": "Feature", "properties": { "name": "Chemist pharmacy shop", "primary_type": "Essential Services", "sector_name": "12", "secondary_type": "pharmacy" }, "geometry": { "type": "Point", "coordinates": [ 76.7752451, 30.7659361 ] } },
{ "type": "Feature", "properties": { "name": "Shri Shyam Dhaba", "primary_type": "Food and Drinks", "sector_name": "12", "secondary_type": "restaurant" }, "geometry": { "type": "Point", "coordinates": [ 76.7752191, 30.7659586 ] } },
{ "type": "Feature", "properties": { "name": "Gol Market", "primary_type": "Shopping", "sector_name": "12", "secondary_type": "market" }, "geometry": { "type": "Point", "coordinates": [ 76.7750573, 30.7660568 ] } },
{ "type": "Feature", "properties": { "name": "Dr Rajesh Chhabra", "primary_type": "Essential Services", "sector_name": "12", "secondary_type": "doctor" }, "geometry": { "type": "Point", "coordinates": [ 76.77549, 30.765894 ] } },
{ "type": "Feature", "properties": { "name": "Department Of Anatomy", "primary_type": "Essential Services", "sector_name": "12", "secondary_type": "hospital" }, "geometry": { "type": "Point", "coordinates": [ 76.7747861, 30.7634844 ] } },
{ "type": "Feature", "properties": { "name": "R Kumar Medicos", "primary_type": "Essential Services", "sector_name": "12", "secondary_type": "pharmacy" }, "geometry": { "type": "Point", "coordinates": [ 76.7751921, 30.7660594 ] } },
{ "type": "Feature", "properties": { "name": "Sub Post Office sector 12 Chandigarh", "primary_type": "Essential Services", "sector_name": "12", "secondary_type": "post_office" }, "geometry": { "type": "Point", "coordinates": [ 76.7746489, 30.7634508 ] } },
{ "type": "Feature", "properties": { "name": "ROTTO, PGIMER", "primary_type": "Essential Services", "sector_name": "12", "secondary_type": "hospital" }, "geometry": { "type": "Point", "coordinates": [ 76.7750855, 30.7634871 ] } },
{ "type": "Feature", "properties": { "name": "Darshan Medicos", "primary_type": "Essential Services", "sector_name": "12", "secondary_type": "pharmacy" }, "geometry": { "type": "Point", "coordinates": [ 76.7750273, 30.7661784 ] } },
{ "type": "Feature", "properties": { "name": "Parush Household Mart all Chandigarh", "primary_type": "Shopping", "sector_name": "12", "secondary_type": "department_store" }, "geometry": { "type": "Point", "coordinates": [ 76.7750093, 30.7661919 ] } },
{ "type": "Feature", "properties": { "name": "Department of Translational and Regenerative Medicine", "primary_type": "Essential Services", "sector_name": "12", "secondary_type": "hospital" }, "geometry": { "type": "Point", "coordinates": [ 76.7750358, 30.7634293 ] } },
{ "type": "Feature", "properties": { "name": "P.G.I. Hospital", "primary_type": "Essential Services", "sector_name": "12", "secondary_type": "hospital" }, "geometry": { "type": "Point", "coordinates": [ 76.7796626, 30.7616094 ] } },
{ "type": "Feature", "properties": { "name": "Bike parking", "primary_type": "Essential Services", "sector_name": "12", "secondary_type": "hospital" }, "geometry": { "type": "Point", "coordinates": [ 76.7808483, 30.761815 ] } },
{ "type": "Feature", "properties": { "name": "Dr. (Prof) Dhandapani SS", "primary_type": "Essential Services", "sector_name": "12", "secondary_type": "doctor" }, "geometry": { "type": "Point", "coordinates": [ 76.7808137, 30.7623152 ] } },
{ "type": "Feature", "properties": { "name": "New opd chandigarh", "primary_type": "Essential Services", "sector_name": "12", "secondary_type": "hospital" }, "geometry": { "type": "Point", "coordinates": [ 76.7805829, 30.762518 ] } },
{ "type": "Feature", "properties": { "name": "Neuroscience Research Lab", "primary_type": "Essential Services", "sector_name": "12", "secondary_type": "hospital" }, "geometry": { "type": "Point", "coordinates": [ 76.7808205, 30.7624918 ] } },
{ "type": "Feature", "properties": { "name": "Jinder", "primary_type": "Essential Services", "sector_name": "12", "secondary_type": "hospital" }, "geometry": { "type": "Point", "coordinates": [ 76.780822, 30.762524 ] } },
{ "type": "Feature", "properties": { "name": "PNB ATM", "primary_type": "Essential Services", "sector_name": "12", "secondary_type": "atm" }, "geometry": { "type": "Point", "coordinates": [ 76.7809905, 30.7624939 ] } },
{ "type": "Feature", "properties": { "name": "DR. SANTOSH KUMAR", "primary_type": "Essential Services", "sector_name": "12", "secondary_type": "doctor" }, "geometry": { "type": "Point", "coordinates": [ 76.7792259, 30.7624074 ] } },
{ "type": "Feature", "properties": { "name": "ENT Block B 3025 to 3040 third flower", "primary_type": "Essential Services", "sector_name": "12", "secondary_type": "doctor" }, "geometry": { "type": "Point", "coordinates": [ 76.7806226, 30.7629652 ] } },
{ "type": "Feature", "properties": { "name": "State Public Helath Lab", "primary_type": "Essential Services", "sector_name": "11", "secondary_type": "hospital" }, "geometry": { "type": "Point", "coordinates": [ 76.7812921, 30.7611491 ] } },
{ "type": "Feature", "properties": { "name": "PGI ENT FLOOR 4", "primary_type": "Essential Services", "sector_name": "12", "secondary_type": "hospital" }, "geometry": { "type": "Point", "coordinates": [ 76.7810212, 30.7628212 ] } },
{ "type": "Feature", "properties": { "name": "ENT 4th Floor 441", "primary_type": "Essential Services", "sector_name": "12", "secondary_type": "hospital" }, "geometry": { "type": "Point", "coordinates": [ 76.7808508, 30.7630626 ] } },
{ "type": "Feature", "properties": { "name": "Radio Therapy And Oncology OPD, PGIMER.", "primary_type": "Essential Services", "sector_name": "12", "secondary_type": "hospital" }, "geometry": { "type": "Point", "coordinates": [ 76.7806722, 30.7631349 ] } },
{ "type": "Feature", "properties": { "name": "Nasa Mukti Kendra", "primary_type": "Essential Services", "sector_name": "12", "secondary_type": "hospital" }, "geometry": { "type": "Point", "coordinates": [ 76.7798176, 30.764684 ] } },
{ "type": "Feature", "properties": { "name": "Psychiatry OPD PGI CHD.", "primary_type": "Essential Services", "sector_name": "12", "secondary_type": "hospital" }, "geometry": { "type": "Point", "coordinates": [ 76.7798105, 30.7645622 ] } },
{ "type": "Feature", "properties": { "name": "ODH mess", "primary_type": "Food and Drinks", "sector_name": "12", "secondary_type": "restaurant" }, "geometry": { "type": "Point", "coordinates": [ 76.7796738, 30.7652782 ] } },
{ "type": "Feature", "properties": { "name": "Fit Accord", "primary_type": "Sports", "sector_name": "12", "secondary_type": "gym" }, "geometry": { "type": "Point", "coordinates": [ 76.7791278, 30.7649884 ] } },
{ "type": "Feature", "properties": { "name": "ODH basketball court", "primary_type": "Sports", "sector_name": "12", "secondary_type": "playground" }, "geometry": { "type": "Point", "coordinates": [ 76.7792778, 30.7655711 ] } },
{ "type": "Feature", "properties": { "name": "Eye OPD pgi", "primary_type": "Essential Services", "sector_name": "12", "secondary_type": "hospital" }, "geometry": { "type": "Point", "coordinates": [ 76.7799245, 30.7637388 ] } },
{ "type": "Feature", "properties": { "name": "ODH printing Shop", "primary_type": "Shopping", "sector_name": "12", "secondary_type": "book_store" }, "geometry": { "type": "Point", "coordinates": [ 76.7791688, 30.7656585 ] } },
{ "type": "Feature", "properties": { "name": "ODH gym", "primary_type": "Sports", "sector_name": "12", "secondary_type": "gym" }, "geometry": { "type": "Point", "coordinates": [ 76.7787393, 30.7653479 ] } },
{ "type": "Feature", "properties": { "name": "Amrit Pharmacy store", "primary_type": "Essential Services", "sector_name": "12", "secondary_type": "pharmacy" }, "geometry": { "type": "Point", "coordinates": [ 76.7793433, 30.763658 ] } },
{ "type": "Feature", "properties": { "name": "Student Cafe", "primary_type": "Food and Drinks", "sector_name": "12", "secondary_type": "cafe" }, "geometry": { "type": "Point", "coordinates": [ 76.7820377, 30.7645747 ] } },
{ "type": "Feature", "properties": { "name": "Piya Milan Chauk", "primary_type": "Tourism", "sector_name": "12", "secondary_type": "tourist_attraction" }, "geometry": { "type": "Point", "coordinates": [ 76.782187, 30.765342 ] } },
{ "type": "Feature", "properties": { "name": "DR.HARISH BHUJADE", "primary_type": "Essential Services", "sector_name": "12", "secondary_type": "doctor" }, "geometry": { "type": "Point", "coordinates": [ 76.782702, 30.768049 ] } },
{ "type": "Feature", "properties": { "name": "Chandigarh cardiologist", "primary_type": "Essential Services", "sector_name": "12", "secondary_type": "doctor" }, "geometry": { "type": "Point", "coordinates": [ 76.782702, 30.7680494 ] } },
{ "type": "Feature", "properties": { "name": "Dr. Parminder Singh Otaal", "primary_type": "Essential Services", "sector_name": "12", "secondary_type": "doctor" }, "geometry": { "type": "Point", "coordinates": [ 76.782702, 30.7680494 ] } },
{ "type": "Feature", "properties": { "name": "centre of excellence", "primary_type": "Essential Services", "sector_name": "12", "secondary_type": "hospital" }, "geometry": { "type": "Point", "coordinates": [ 76.782702, 30.7680494 ] } },
{ "type": "Feature", "properties": { "name": "CEMIBSS", "primary_type": "Essential Services", "sector_name": "12", "secondary_type": "doctor" }, "geometry": { "type": "Point", "coordinates": [ 76.782702, 30.7680494 ] } },
{ "type": "Feature", "properties": { "name": "Отделение гепатологии", "primary_type": "Essential Services", "sector_name": "12", "secondary_type": "hospital" }, "geometry": { "type": "Point", "coordinates": [ 76.782702, 30.7680494 ] } },
{ "type": "Feature", "properties": { "name": "Dr Ram Samujh", "primary_type": "Essential Services", "sector_name": "12", "secondary_type": "doctor" }, "geometry": { "type": "Point", "coordinates": [ 76.782702, 30.7680494 ] } },
{ "type": "Feature", "properties": { "name": "Indian Society for Study of Lung Cancer", "primary_type": "Essential Services", "sector_name": "12", "secondary_type": "hospital" }, "geometry": { "type": "Point", "coordinates": [ 76.7783748, 30.766192 ] } },
{ "type": "Feature", "properties": { "name": "Verma Dr a K", "primary_type": "Essential Services", "sector_name": "12", "secondary_type": "doctor" }, "geometry": { "type": "Point", "coordinates": [ 76.7783748, 30.766192 ] } },
{ "type": "Feature", "properties": { "name": "Sanjivini Diagnostics Dr Khandelwal", "primary_type": "Essential Services", "sector_name": "12", "secondary_type": "hospital" }, "geometry": { "type": "Point", "coordinates": [ 76.7828473, 30.7672702 ] } },
{ "type": "Feature", "properties": { "name": "SENIOR RESIDENT", "primary_type": "Essential Services", "sector_name": "12", "secondary_type": "hospital" }, "geometry": { "type": "Point", "coordinates": [ 76.7773869, 30.7667459 ] } },
{ "type": "Feature", "properties": { "name": "Organ Transplant Trust", "primary_type": "Essential Services", "sector_name": "12", "secondary_type": "hospital" }, "geometry": { "type": "Point", "coordinates": [ 76.7773869, 30.7667459 ] } },
{ "type": "Feature", "properties": { "name": "State Bank of India PGIMER CHANDIGARH", "primary_type": "Essential Services", "sector_name": "12", "secondary_type": "bank" }, "geometry": { "type": "Point", "coordinates": [ 76.782979, 30.76621 ] } },
{ "type": "Feature", "properties": { "name": "PEC Football Ground", "primary_type": "Sports", "sector_name": "12", "secondary_type": "playground" }, "geometry": { "type": "Point", "coordinates": [ 76.7845393, 30.7644501 ] } },
{ "type": "Feature", "properties": { "name": "CCA Cafe", "primary_type": "Food and Drinks", "sector_name": "12", "secondary_type": "cafe" }, "geometry": { "type": "Point", "coordinates": [ 76.7845101, 30.7655549 ] } },
{ "type": "Feature", "properties": { "name": "Grubbuds Sector 12", "primary_type": "Food and Drinks", "sector_name": "12", "secondary_type": "meal_takeaway" }, "geometry": { "type": "Point", "coordinates": [ 76.7837837, 30.7656925 ] } },
{ "type": "Feature", "properties": { "name": "gyoza cafe", "primary_type": "Food and Drinks", "sector_name": "12", "secondary_type": "fast_food_restaurant" }, "geometry": { "type": "Point", "coordinates": [ 76.7837837, 30.7656925 ] } },
{ "type": "Feature", "properties": { "name": "Forks n Knives", "primary_type": "Food and Drinks", "sector_name": "12", "secondary_type": "cafe" }, "geometry": { "type": "Point", "coordinates": [ 76.7835032, 30.7662148 ] } },
{ "type": "Feature", "properties": { "name": "chemist shop", "primary_type": "Essential Services", "sector_name": "12", "secondary_type": "pharmacy" }, "geometry": { "type": "Point", "coordinates": [ 76.7835686, 30.7663334 ] } },
{ "type": "Feature", "properties": { "name": "Pankaj Graphics", "primary_type": "Shopping", "sector_name": "12", "secondary_type": "store" }, "geometry": { "type": "Point", "coordinates": [ 76.7834345, 30.7662337 ] } },
{ "type": "Feature", "properties": { "name": "PEC Market", "primary_type": "Shopping", "sector_name": "12", "secondary_type": "market" }, "geometry": { "type": "Point", "coordinates": [ 76.7833816, 30.7662815 ] } },
{ "type": "Feature", "properties": { "name": "Madras Cafe(Anna)", "primary_type": "Food and Drinks", "sector_name": "12", "secondary_type": "fast_food_restaurant" }, "geometry": { "type": "Point", "coordinates": [ 76.7833172, 30.7662003 ] } },
{ "type": "Feature", "properties": { "name": "COMBO", "primary_type": "Food and Drinks", "sector_name": "12", "secondary_type": "restaurant" }, "geometry": { "type": "Point", "coordinates": [ 76.7832399, 30.7661063 ] } },
{ "type": "Feature", "properties": { "name": "Dispensary - PEC University Of Technology", "primary_type": "Essential Services", "sector_name": "12", "secondary_type": "hospital" }, "geometry": { "type": "Point", "coordinates": [ 76.7834461, 30.7664116 ] } },
{ "type": "Feature", "properties": { "name": "Ladies Corner", "primary_type": "Shopping", "sector_name": "12", "secondary_type": "clothing_store" }, "geometry": { "type": "Point", "coordinates": [ 76.7835788, 30.766583 ] } },
{ "type": "Feature", "properties": { "name": "Nescafe PEC", "primary_type": "Food and Drinks", "sector_name": "12", "secondary_type": "cafe" }, "geometry": { "type": "Point", "coordinates": [ 76.785755, 30.7679389 ] } },
{ "type": "Feature", "properties": { "name": "Government Dispensary PEC", "primary_type": "Essential Services", "sector_name": "12", "secondary_type": "pharmacy" }, "geometry": { "type": "Point", "coordinates": [ 76.7835788, 30.766583 ] } },
{ "type": "Feature", "properties": { "name": "Snack Bliss by Khushboo", "primary_type": "Food and Drinks", "sector_name": "12", "secondary_type": "restaurant" }, "geometry": { "type": "Point", "coordinates": [ 76.7834766, 30.7665566 ] } },
{ "type": "Feature", "properties": { "name": "India post", "primary_type": "Essential Services", "sector_name": "12", "secondary_type": "post_office" }, "geometry": { "type": "Point", "coordinates": [ 76.7834852, 30.7664938 ] } },
{ "type": "Feature", "properties": { "name": "Sinu Momos Wala", "primary_type": "Food and Drinks", "sector_name": "Rajindra Park", "secondary_type": "fast_food_restaurant" }, "geometry": { "type": "Point", "coordinates": [ 76.7941986, 30.770062 ] } },
{ "type": "Feature", "properties": { "name": "DEEPAK LAZIZ CHICKEN CORNER", "primary_type": "Food and Drinks", "sector_name": "Rajindra Park", "secondary_type": "restaurant" }, "geometry": { "type": "Point", "coordinates": [ 76.7943067, 30.7701855 ] } },
{ "type": "Feature", "properties": { "name": "Vikas store", "primary_type": "Essential Services", "sector_name": "Khuda Alisher", "secondary_type": "grocery_store" }, "geometry": { "type": "Point", "coordinates": [ 76.8107717, 30.7737177 ] } },
{ "type": "Feature", "properties": { "name": "Anu Fashion Hub", "primary_type": "Shopping", "sector_name": "Khuda Alisher", "secondary_type": "clothing_store" }, "geometry": { "type": "Point", "coordinates": [ 76.8107707, 30.773837 ] } },
{ "type": "Feature", "properties": { "name": "Chahat ladies collection", "primary_type": "Shopping", "sector_name": "Khuda Alisher", "secondary_type": "clothing_store" }, "geometry": { "type": "Point", "coordinates": [ 76.8108305, 30.773488 ] } },
{ "type": "Feature", "properties": { "name": "LITE BITE", "primary_type": "Food and Drinks", "sector_name": "Khuda Alisher", "secondary_type": "restaurant" }, "geometry": { "type": "Point", "coordinates": [ 76.8098432, 30.774061 ] } },
{ "type": "Feature", "properties": { "name": "KANHA SWEETS", "primary_type": "Food and Drinks", "sector_name": "Khuda Alisher", "secondary_type": "fast_food_restaurant" }, "geometry": { "type": "Point", "coordinates": [ 76.8104578, 30.7744138 ] } },
{ "type": "Feature", "properties": { "name": "STAR'S KING CAFE", "primary_type": "Food and Drinks", "sector_name": "Khuda Alisher", "secondary_type": "restaurant" }, "geometry": { "type": "Point", "coordinates": [ 76.81065, 30.7744914 ] } },
{ "type": "Feature", "properties": { "name": "Sai Fast Food", "primary_type": "Food and Drinks", "sector_name": "Khuda Alisher", "secondary_type": "fast_food_restaurant" }, "geometry": { "type": "Point", "coordinates": [ 76.8106298, 30.7745369 ] } },
{ "type": "Feature", "properties": { "name": "GURU MEDICOS", "primary_type": "Essential Services", "sector_name": "Khuda Alisher", "secondary_type": "pharmacy" }, "geometry": { "type": "Point", "coordinates": [ 76.8106521, 30.7746071 ] } },
{ "type": "Feature", "properties": { "name": "Amrit Sarovar Khuda Ali Sher", "primary_type": "Tourism", "sector_name": "Khuda Alisher", "secondary_type": "tourist_attraction" }, "geometry": { "type": "Point", "coordinates": [ 76.8099911, 30.7746257 ] } },
{ "type": "Feature", "properties": { "name": "Ram Nath Clinic", "primary_type": "Essential Services", "sector_name": "Khuda Alisher", "secondary_type": "doctor" }, "geometry": { "type": "Point", "coordinates": [ 76.8110865, 30.7743959 ] } },
{ "type": "Feature", "properties": { "name": "Mohan fast Food and Dhaba", "primary_type": "Food and Drinks", "sector_name": "Khuda Alisher", "secondary_type": "indian_restaurant" }, "geometry": { "type": "Point", "coordinates": [ 76.809029, 30.7732631 ] } },
{ "type": "Feature", "properties": { "name": "Dalip Fast Food", "primary_type": "Food and Drinks", "sector_name": "Khuda Alisher", "secondary_type": "fast_food_restaurant" }, "geometry": { "type": "Point", "coordinates": [ 76.8090077, 30.773272 ] } },
{ "type": "Feature", "properties": { "name": "Her Fitness Hub", "primary_type": "Sports", "sector_name": "Khuda Alisher", "secondary_type": "gym" }, "geometry": { "type": "Point", "coordinates": [ 76.8091462, 30.7743585 ] } },
{ "type": "Feature", "properties": { "name": "Nath Atta Chakki", "primary_type": "Essential Services", "sector_name": "Khuda Alisher", "secondary_type": "grocery_store" }, "geometry": { "type": "Point", "coordinates": [ 76.8116458, 30.7741215 ] } },
{ "type": "Feature", "properties": { "name": "Sai Kirpa Medicos", "primary_type": "Essential Services", "sector_name": "Khuda Alisher", "secondary_type": "pharmacy" }, "geometry": { "type": "Point", "coordinates": [ 76.8109157, 30.7748698 ] } },
{ "type": "Feature", "properties": { "name": "Sheoutfit boutique", "primary_type": "Shopping", "sector_name": "Khuda Alisher", "secondary_type": "clothing_store" }, "geometry": { "type": "Point", "coordinates": [ 76.8108319, 30.7750904 ] } },
{ "type": "Feature", "properties": { "name": "Rohan", "primary_type": "Shopping", "sector_name": "Khuda Alisher", "secondary_type": "shopping_mall" }, "geometry": { "type": "Point", "coordinates": [ 76.8094841, 30.7753411 ] } },
{ "type": "Feature", "properties": { "name": "SHarma Clinic, Khudda Ali Sher", "primary_type": "Essential Services", "sector_name": "Khuda Alisher", "secondary_type": "doctor" }, "geometry": { "type": "Point", "coordinates": [ 76.8113662, 30.7747887 ] } },
{ "type": "Feature", "properties": { "name": "Sai Clinic, Dr. Amita, Khudda Ali Sher", "primary_type": "Essential Services", "sector_name": "Khuda Alisher", "secondary_type": "doctor" }, "geometry": { "type": "Point", "coordinates": [ 76.8091797, 30.7749312 ] } },
{ "type": "Feature", "properties": { "name": "Red chilli Fastfood", "primary_type": "Food and Drinks", "sector_name": "Khuda Alisher", "secondary_type": "fast_food_restaurant" }, "geometry": { "type": "Point", "coordinates": [ 76.8091903, 30.7745785 ] } },
{ "type": "Feature", "properties": { "name": "Maryam Boutique", "primary_type": "Shopping", "sector_name": "Khuda Alisher", "secondary_type": "clothing_store" }, "geometry": { "type": "Point", "coordinates": [ 76.8091281, 30.7744203 ] } },
{ "type": "Feature", "properties": { "name": "Immunization Centre, Khuda Ali sher", "primary_type": "Essential Services", "sector_name": "Khuda Alisher", "secondary_type": "hospital" }, "geometry": { "type": "Point", "coordinates": [ 76.8100457, 30.7761466 ] } },
{ "type": "Feature", "properties": { "name": "Raj Chemists", "primary_type": "Essential Services", "sector_name": "Khuda Alisher", "secondary_type": "pharmacy" }, "geometry": { "type": "Point", "coordinates": [ 76.8101917, 30.7765951 ] } },
{ "type": "Feature", "properties": { "name": "Dr. Baljeet Clinic", "primary_type": "Essential Services", "sector_name": "Khuda Alisher", "secondary_type": "doctor" }, "geometry": { "type": "Point", "coordinates": [ 76.8116714, 30.7741162 ] } },
{ "type": "Feature", "properties": { "name": "Dr. BR Ambedkar park", "primary_type": "Tourism", "sector_name": "Khuda Alisher", "secondary_type": "park" }, "geometry": { "type": "Point", "coordinates": [ 76.8126465, 30.7734138 ] } },
{ "type": "Feature", "properties": { "name": "Himank Kiryana Store", "primary_type": "Essential Services", "sector_name": "Khuda Alisher", "secondary_type": "grocery_store" }, "geometry": { "type": "Point", "coordinates": [ 76.8132117, 30.7732704 ] } },
{ "type": "Feature", "properties": { "name": "Guru Nanak Atta Chakki", "primary_type": "Shopping", "sector_name": "Khuda Alisher", "secondary_type": "market" }, "geometry": { "type": "Point", "coordinates": [ 76.8133643, 30.7742639 ] } }
]
}
